EMPLOYER_NAME,PERM_CERTS,SOURCE_FY
AMAZON.COM SERVICES LLC,2129,FY2024_Q4
MICROSOFT CORPORATION,1662,FY2024_Q4
GOOGLE LLC,1607,FY2024_Q4
TATA CONSULTANCY SERVICES LIMITED,1463,FY2024_Q4
APPLE INC.,1386,FY2024_Q4
COGNIZANT TECHNOLOGY SOLUTIONS US CORPORATION,1235,FY2024_Q4
INTEL CORPORATION,1116,FY2024_Q4
"MANAGEMENT HEALTH SYSTEMS, LLC DBA MEDPRO",855,FY2024_Q4
WAYNE FARMS LLC,754,FY2024_Q4
"AMAZON WEB SERVICES, INC.",687,FY2024_Q4
"META PLATFORMS, INC.",660,FY2024_Q4
"FPL FOOD, LLC",593,FY2024_Q4
"AMAZON DEVELOPMENT CENTER U.S., INC",583,FY2024_Q4
DELOITTE CONSULTING LLP,533,FY2024_Q4
"ORACLE AMERICA, INC.",515,FY2024_Q4
LINKEDIN CORPORATION,438,FY2024_Q4
"TYSON FRESH MEATS, INC.",423,FY2024_Q4
"WALMART ASSOCIATES, INC.",416,FY2024_Q4
ERNST  YOUNG U.S. LLP,406,FY2024_Q4
JP MORGAN CHASE  CO,386,FY2024_Q4
IBM CORPORATION,360,FY2024_Q4
INTUIT,347,FY2024_Q4
"CISCO SYSTEMS, INC.",345,FY2024_Q4
CONEXUS MEDSTAFF LLC,335,FY2024_Q4
"LABOR GUYS, LLC",291,FY2024_Q4
"TESLA, INC.",282,FY2024_Q4
NVIDIA CORPORATION,279,FY2024_Q4
LASERSHIP INC.,279,FY2024_Q4
"CAPGEMINI AMERICA, INC.",277,FY2024_Q4
PRUITTHEALTH,268,FY2024_Q4
"STOUGHTON TRAILERS, LLC",250,FY2024_Q4
SOUTH GEORGIA PECAN COMPANY,245,FY2024_Q4
"MORGAN TRUCK BODY, LLC",241,FY2024_Q4
FMR LLC,239,FY2024_Q4
NATIONAL HEALTHCARE CORPORATION,238,FY2024_Q4
BLOOMBERG L.P.,227,FY2024_Q4
"HEALTH CARE FACILITIES STAFFING, LLC",212,FY2024_Q4
LTIMINDTREE LIMITED,207,FY2024_Q4
"CONSOLIDATED CATFISH PRODUCERS, LLC",206,FY2024_Q4
"MITRA MIDWEST OPERATIONS, LLC",202,FY2024_Q4
"MITRA QSR KNE, LLC",200,FY2024_Q4
JCG FOODS OF GEORGIA LLC DBA KOCH FOODS,199,FY2024_Q4
ACCENTURE LLP,199,FY2024_Q4
"HEALTH CAROUSEL, LLC",196,FY2024_Q4
"VMWARE, INC.",192,FY2024_Q4
"EPAM SYSTEMS, INC",179,FY2024_Q4
ATOS SYNTEL INC,177,FY2024_Q4
KFORCE INC.,173,FY2024_Q4
"OPTUM SERVICES, INC.",169,FY2024_Q4
"ADVANCED MICRO DEVICES, INC. AMD",166,FY2024_Q4
MPHASIS CORPORATION,166,FY2024_Q4
"AMAZON DATA SERVICES, INC.",164,FY2024_Q4
"MCKINSEY  COMPANY, INC UNITED STATES",160,FY2024_Q4
"COMPUNNEL SOFTWARE GROUP, INC.",157,FY2024_Q4
GDI SERVICES INC.,154,FY2024_Q4
CUMMINS INC.,149,FY2024_Q4
CONTROLLED CONTAMINATION SERVICES,149,FY2024_Q4
"SERVICENOW, INC.",147,FY2024_Q4
"RIVIAN AUTOMOTIVE, LLC",147,FY2024_Q4
DELOITTE  TOUCHE LLP,141,FY2024_Q4
"WORKDAY, INC.",140,FY2024_Q4
BYTEDANCE INC.,140,FY2024_Q4
THE BOSTON CONSULTING GROUP,138,FY2024_Q4
SAVANNAHCHATHAM COUNTY PUBLIC SCHOOL SYSTEM,138,FY2024_Q4
"MONTEREY MUSHROOMS, INC.",136,FY2024_Q4
"LUCID USA, INC.",135,FY2024_Q4
MERIT LOGISTICS,135,FY2024_Q4
EFICENS SYSTEMS LLC,133,FY2024_Q4
"APPLIED MATERIALS, INC.",133,FY2024_Q4
"WEST LIBERTY FOODS, LLC",129,FY2024_Q4
DOORDASH INC.,128,FY2024_Q4
"CITIBANK, N.A",128,FY2024_Q4
"EXPEDIA, INC.",127,FY2024_Q4
UBER TECHNOLOGIES INC.,122,FY2024_Q4
EBAY INC.,122,FY2024_Q4
U.S. BANK NATIONAL ASSOCIATION,122,FY2024_Q4
"PAYPAL, INC.",121,FY2024_Q4
"PALO ALTO NETWORKS, INC.",121,FY2024_Q4
"BADGER BUS LINES, INC.",119,FY2024_Q4
GENERAL MOTORS COMPANY,115,FY2024_Q4
"ROBINHOOD MARKETS, INC.",115,FY2024_Q4
DEVOTED GUARDIANS INC,114,FY2024_Q4
CASE FARMS PROCESSING INC.,111,FY2024_Q4
CGI TECHNOLOGIES AND SOLUTIONS INC.,109,FY2024_Q4
DFS CORPORATE SERVICES LLC,109,FY2024_Q4
"SAMSUNG ELECTRONICS AMERICA, INC.",104,FY2024_Q4
"COLLEGE TOWN PIZZA, INC.",101,FY2024_Q4
JESSICAS BRICK OVEN,101,FY2024_Q4
"LOWES COMPANIES, INC.",100,FY2024_Q4
"CAPITAL ONE SERVICES, LLC",99,FY2024_Q4
"VISA TECHNOLOGY AND OPERATIONS, LLC",98,FY2024_Q4
"NX AUTOMOTIVE LOGISTICS USA, INC.",98,FY2024_Q4
MORGAN STANLEY SERVICES GROUP INC,95,FY2024_Q4
TIKTOK INC.,95,FY2024_Q4
HEWLETT PACKARD ENTERPRISE COMPANY,93,FY2024_Q4
"ABBYLAND FOODS, INC",93,FY2024_Q4
VISA USA,88,FY2024_Q4
AA TRANSPORTATION CO.INC.,88,FY2024_Q4
ADOBE INC.,87,FY2024_Q4
INFOSYS LTD.,87,FY2024_Q4
HCL AMERICA INC.,86,FY2024_Q4
PRICEWATERHOUSECOOPERS,86,FY2024_Q4
SYNECHRON,85,FY2024_Q4
EPIC HOME CARE INC DBA HOME INSTEAD SENIOR CARE,85,FY2024_Q4
"RANDSTAD TECHNOLOGIES, LLC",84,FY2024_Q4
VIRTUSA CORPORATION,84,FY2024_Q4
"ELEVANCE HEALTH, INC.",82,FY2024_Q4
"WELLS FARGO BANK, N.A.",80,FY2024_Q4
POLMAX LLC DBA EXPERIOR TRANSPORT,79,FY2024_Q4
PRICEWATERHOUSECOOPERS ADVISORY SERVICES LLC,78,FY2024_Q4
MASTERCARD INTERNATIONAL INCORPORATED,78,FY2024_Q4
"NATURES WAY FARMS, LLC.",78,FY2024_Q4
DELOITTE TAX LLP,77,FY2024_Q4
"MEDTRONIC, INC.",77,FY2024_Q4
"MM MANAGEMENT SYSTEMS, LLC",77,FY2024_Q4
"CONCENTRIX CVG CUSTOMER MANAGEMENT GROUP, INC.",77,FY2024_Q4
"NIKE, INC.",76,FY2024_Q4
CRUISE LLC,76,FY2024_Q4
"PECO FOODS, INC",76,FY2024_Q4
QUALCOMM TECHNOLOGIES INC.,75,FY2024_Q4
SPLUNK,74,FY2024_Q4
"ATT SERVICES, INC.",74,FY2024_Q4
"INFINITE COMPUTER SOLUTIONS, INC",73,FY2024_Q4
"RUBRIK, INC.",73,FY2024_Q4
"AUTODESK, INC.",73,FY2024_Q4
FH MIAMI OPERATIONS LLC,73,FY2024_Q4
"FISERV SOLUTIONS, LLC.",72,FY2024_Q4
"SALESFORCE, INC.",71,FY2024_Q4
"THE MATHWORKS, INC.",71,FY2024_Q4
"EVERNORTH ENTERPRISE SERVICES, INC.",70,FY2024_Q4
"AKAMAI TECHNOLOGIES, INC.",69,FY2024_Q4
KPMG LLP,69,FY2024_Q4
"TMOBILE USA, INC.",68,FY2024_Q4
"CHARLES SCHWAB  CO., INC.",68,FY2024_Q4
"HYDRO EXTRUSION USA, LLC",68,FY2024_Q4
"PERFICIENT, INC.",67,FY2024_Q4
"NORMAN W. FRIES, INC. DBA CLAXTON POULTRY FARMS",67,FY2024_Q4
"VERIZON COMMUNICATIONS INC.,  ALL ITS SUBSIDIARIES  AFFILIATES",66,FY2024_Q4
"ANTRA, INC.",66,FY2024_Q4
"CHARTER COMMUNICATIONS, INC.",65,FY2024_Q4
LA COSECHA FOOD SERVICES INC,65,FY2024_Q4
"LOUISIANA PRIDE CATFISH, INC.",65,FY2024_Q4
ARUP LABORATORIES,65,FY2024_Q4
"HOME DEPOT MANAGEMENT COMPANY, LLC",64,FY2024_Q4
BANK OF AMERICA,64,FY2024_Q4
UW PROVISION COMPANY INC,64,FY2024_Q4
TEXAS INSTRUMENTS INCORPORATED,63,FY2024_Q4
"NTT DATA, INC",62,FY2024_Q4
AMGEN INC.,62,FY2024_Q4
"NETAPP, INC.",61,FY2024_Q4
"PINTEREST, INC.",61,FY2024_Q4
"IMMI SAFEGUARD, INC.",61,FY2024_Q4
"TECH MAHINDRA AMERICAS INC., FORMERLY MBT INTERNATIONAL, INC.",60,FY2024_Q4
SWEET VIRGINIA CARE LLC,60,FY2024_Q4
"AUDIBLE, INC.",59,FY2024_Q4
CAREMARK LLC,58,FY2024_Q4
"AETNA RESOURCES, LLC",58,FY2024_Q4
"AIRBNB, INC.",58,FY2024_Q4
"LEGENDARY MEATS, LLC",58,FY2024_Q4
AMERICAN EXPRESS TRAVEL RELATED SERVICES,57,FY2024_Q4
"EQUIFAX, INC.",56,FY2024_Q4
"ADP TECHNOLOGY SERVICES, INC.",56,FY2024_Q4
KMSB ENTERPRISES LLC,56,FY2024_Q4
"BLOCK, INC.",55,FY2024_Q4
"SCHREIBER FOODS, INC.",55,FY2024_Q4
PLANET LOGISTICS INC.,55,FY2024_Q4
GOLDMAN SACHS  CO. LLC,54,FY2024_Q4
"NETFLIX, INC.",54,FY2024_Q4
INTELLECTT INC.,54,FY2024_Q4
"RED HAT, INC.",54,FY2024_Q4
"BEST BUY CO., INC.",54,FY2024_Q4
"BULL ISLAND COMPANY, LLC",54,FY2024_Q4
CITADEL SECURITIES AMERICAS SERVICES LLC,53,FY2024_Q4
BARCLAYS SERVICES CORP,53,FY2024_Q4
CLEMENS FOOD GROUP LLC,53,FY2024_Q4
"CITIZENS FINANCIAL GROUP, INC.",52,FY2024_Q4
LAM RESEARCH CORPORATION,52,FY2024_Q4
CHIX AND BIX LLC,52,FY2024_Q4
R PLANTS INC,52,FY2024_Q4
AMERICAN AIRLINES,51,FY2024_Q4
"HEXAWARE TECHNOLOGIES, INC.",51,FY2024_Q4
SAPPHIRE SOFTWARE SOLUTIONS INC,51,FY2024_Q4
"INTUITIVE SURGICAL OPERATIONS, INC",51,FY2024_Q4
"MASTECH DIGITAL TECHNOLOGIES, INC.",50,FY2024_Q4
ERICSSON INC.,50,FY2024_Q4
"INDIANA MILLS AND MANUFACTURING, INC",50,FY2024_Q4
RESOURCE WASTE SERVICES LLC,50,FY2024_Q4
JB HUNT TRANSPORT INC,49,FY2024_Q4
HARRISON POULTRY,49,FY2024_Q4
CITADEL AMERICAS SERVICES LLC,48,FY2024_Q4
"CVS PHARMACY, INC.",48,FY2024_Q4
"COINBASE, INC",48,FY2024_Q4
"ATHENAHEALTH, INC.",48,FY2024_Q4
"UNITED MEDICAL ENTERPRISE, INC.",48,FY2024_Q4
ROCKY MTN ASSISTED LIVING,48,FY2024_Q4
COX AUTOMOTIVE CORPORATE SERVICES LLC,48,FY2024_Q4
SJ MEDICAL CENTER LLC,48,FY2024_Q4
"FOX VALLEY HOSPITALITY, INC.",48,FY2024_Q4
BLACKROCK FINANCIAL MANAGEMENT,47,FY2024_Q4
"OKTA, INC",47,FY2024_Q4
"STRIPE, INC.",47,FY2024_Q4
JUNIPER NETWORKS,47,FY2024_Q4
"HTC GLOBAL SERVICES, INC.",46,FY2024_Q4
"ATLASSIAN US, INC.",46,FY2024_Q4
SAFEWAY INC.,46,FY2024_Q4
STATE STREET BANK AND TRUST COMPANY,45,FY2024_Q4
THE NORTHWESTERN MUTUAL LIFE INSURANCE COMPANY,45,FY2024_Q4
UBS BUSINESS SOLUTIONS US LLC,45,FY2024_Q4
VASTEK INC,45,FY2024_Q4
CYBERSOURCE CORPORATION,45,FY2024_Q4
DATABRICKS INC.,44,FY2024_Q4
MARVELL SEMICONDUCTOR INC,44,FY2024_Q4
"XILINX, INC.",44,FY2024_Q4
"BAIN  COMPANY, INC.",44,FY2024_Q4
ROBLOX CORPORATION,44,FY2024_Q4
"GILEAD SCIENCES, INC.",44,FY2024_Q4
"POCONO HOTELS, LLC",44,FY2024_Q4
INDEED INC.,43,FY2024_Q4
HP INC.,43,FY2024_Q4
"HEATH VILLAGE, INC.",43,FY2024_Q4
DENVER COUNTY SCHOOL DISTRICT AKA DENVER PUBLIC SC,42,FY2024_Q4
TRUIST BANK,42,FY2024_Q4
"MAC PIZZA MANAGEMENT, INC.",42,FY2024_Q4
BOSTON SCIENTIFIC CORPORATION,41,FY2024_Q4
UNIVERSITY OF WISCONSIN SYSTEM,41,FY2024_Q4
ANALYSIS GROUP INC.,41,FY2024_Q4
"ZILLOW, INC.",40,FY2024_Q4
NATSOFT CORPORATION,40,FY2024_Q4
CONFLUX SYSTEMS INC,40,FY2024_Q4
BRANT INC DBA BRIGHTSTAR OF PINELLAS COUNTY,40,FY2024_Q4
APTIV,40,FY2024_Q4
ZOOX INC,39,FY2024_Q4
"CHEWY, INC. DBA CHEWY.COM",39,FY2024_Q4
"SAP AMERICA, INC.",39,FY2024_Q4
CENTERS HEALTH CARE,39,FY2024_Q4
METRIX IT SOLUTIONS INC,39,FY2024_Q4
"COMCAST CABLE COMMUNICATIONS, LLC",38,FY2024_Q4
MOTOROLA SOLUTIONS INC.,38,FY2024_Q4
BRIGHT SKY TRANSPORT LLC,38,FY2024_Q4
"SYNOPSYS, INC.",38,FY2024_Q4
LRC2 MANAGEMENT,38,FY2024_Q4
PRESTONWOOD HOME HEALTHCARE LLC,38,FY2024_Q4
"MOUNTAIN TEMP SERVICES, LLC",37,FY2024_Q4
DEERE  COMPANY,37,FY2024_Q4
"NEW ANGUS, LLC",36,FY2024_Q4
"TRANSUNION, LLC",36,FY2024_Q4
"QUANTIPHI, INC.",36,FY2024_Q4
SIEMENS INDUSTRY SOFTWARE INC.,36,FY2024_Q4
APTIV CORPORATION,36,FY2024_Q4
ALL STAFFING SOLUTIONS,36,FY2024_Q4
FEDEX CORPORATE SERVICES,35,FY2024_Q4
"SAMSUNG AUSTIN SEMICONDUCTOR, LLC",35,FY2024_Q4
"PAYCOM PAYROLL, LLC",35,FY2024_Q4
PE STAFFING LLC,35,FY2024_Q4
OAK VIEW FARMS LLC,34,FY2024_Q4
"ZS ASSOCIATES, INC.",34,FY2024_Q4
TEK LEADERS INC,34,FY2024_Q4
SNAP INC.,34,FY2024_Q4
GRANT THORNTON LLP,34,FY2024_Q4
EMS SERROT LLC,34,FY2024_Q4
"BATRA ASSOCIATES, INC.",34,FY2024_Q4
"MBM MANAGEMENT, INC.",34,FY2024_Q4
SMLS RESTAURANTS INC,34,FY2024_Q4
"COLLABORATE SOLUTIONS, INC",33,FY2024_Q4
KPIT TECHNOLOGIES INC,33,FY2024_Q4
"ANSYS, INC",33,FY2024_Q4
MILWAUKEE ELECTRIC TOOL CORPORATION,33,FY2024_Q4
"MIYAMI JAPANESE STEAKHOUSE,LLC",33,FY2024_Q4
"NXP USA, INC.",33,FY2024_Q4
MEDLINE INDUSTRIES,33,FY2024_Q4
VERIHA TRUCKING INC.,33,FY2024_Q4
TWO HEARTS HOME HEALTH LLC,33,FY2024_Q4
CITIUSTECH INC,32,FY2024_Q4
"MACYS SYSTEMS AND TECHNOLOGY, INC.",32,FY2024_Q4
MINDTREE LIMITED,32,FY2024_Q4
BECTON DICKINSON AND COMPANY,32,FY2024_Q4
SONY INTERACTIVE ENTERTAINMENT LLC,32,FY2024_Q4
"SKYWORKS SOLUTIONS, INC.",32,FY2024_Q4
KLA CORPORATION,32,FY2024_Q4
FCA US LLC,32,FY2024_Q4
HITACHI VANTARA LLC,32,FY2024_Q4
"CADENCE DESIGN SYSTEMS, INC.",32,FY2024_Q4
MJ ELDERCARE OF ARKANSAS LLC DBA HOME INSTEAD,32,FY2024_Q4
"CLEAN HARBORS ENVIRONMENTAL SERVICES, INC",32,FY2024_Q4
KMSB ENTERPRICES LLC DBA OPTIMUM PERSONNEL SERV.,32,FY2024_Q4
"1ST SENIOR CARES, LLC",32,FY2024_Q4
"NTT DATA SERVICES, LLC",31,FY2024_Q4
"EARTHWORKS, INC.",31,FY2024_Q4
"VITAL FOODS, LLC",31,FY2024_Q4
SNOWFLAKE INC,31,FY2024_Q4
MAPLEBEAR DBA INSTACART,31,FY2024_Q4
CREDIT SUISSE SECURITIES USA LLC,31,FY2024_Q4
SND MANUFACTURING LTD,31,FY2024_Q4
"BOFA SECURITIES, INC.",31,FY2024_Q4
"VALEO NORTH AMERICA, INC.",31,FY2024_Q4
AMAZON ADVERTISING LLC,31,FY2024_Q4
CONSULTADD INCORPORATION,31,FY2024_Q4
ACTIVISION PUBLISHING INC.,31,FY2024_Q4
"IRIS SOFTWARE, INC.",31,FY2024_Q4
SOLOMON INTERNATIONAL INC. DBA FIRSTLIGHT HOME CA,31,FY2024_Q4
HERCULES STAFFING LLC,31,FY2024_Q4
MORGAN STANLEY  CO. LLC,30,FY2024_Q4
COVIDIEN,30,FY2024_Q4
"TWITCH INTERACTIVE, INC.",30,FY2024_Q4
VASTIKA INC,30,FY2024_Q4
SENIOR MANAGEMENT INC,30,FY2024_Q4
DUOLINGO INC,30,FY2024_Q4
ALTUS HEALTH INC DBA BRIGHTSTAR CARE ROSEVILLE,30,FY2024_Q4
"DYCOS SERVICES, INC.",30,FY2024_Q4
FAIRVIEW AVENUE LLC,30,FY2024_Q4
DEVONSHIRE CARE CENTER LLC,30,FY2024_Q4
DELL PRODUCTS LP,29,FY2024_Q4
"HUSKIEZ HOLDINGS, INC.",29,FY2024_Q4
TOTAL SYSTEM SERVICES LLC,29,FY2024_Q4
BRISTOL MYERS SQUIBB COMPANY,29,FY2024_Q4
"NUTANIX, INC.",29,FY2024_Q4
"FORZA TRANSPORTATION SERVICES, INC.",29,FY2024_Q4
GM HOME CARE INC,29,FY2024_Q4
SUPREME MAINTENANCE ORGANIZATION,29,FY2024_Q4
"MINGO LADY, LLC",29,FY2024_Q4
"SHOOTER  LINDSEY, INC.",29,FY2024_Q4
"ALL FRIENDS ENTERPRISES, LLC DBA AF SERVICES",29,FY2024_Q4
"INVICKTUS, INC",29,FY2024_Q4
"TWO TEN TWENTY PIZZA, INC.",29,FY2024_Q4
CITADEL ENTERPRISE AMERICAS SERVICES LLC,28,FY2024_Q4
"GODADDY.COM, LLC",28,FY2024_Q4
MAJESCO,28,FY2024_Q4
"GEORGIA PLATING, INC.",28,FY2024_Q4
"FARMERS GROUP, INC.",28,FY2024_Q4
THE VANGUARD GROUP,28,FY2024_Q4
PROGRESSIVE CASUALTY INSURANCE COMPANY,28,FY2024_Q4
"CAPITAL ONE, NATIONAL ASSOCIATION",28,FY2024_Q4
"HUGHES NETWORK SYSTEMS, LLC",28,FY2024_Q4
"BROADRIDGE FINANCIAL SOLUTIONS, INC.",28,FY2024_Q4
"AURIA FREMONT, LLC",28,FY2024_Q4
MCDONALDS CORPORATION,28,FY2024_Q4
"WMC HOLDINGS, LP",28,FY2024_Q4
MIRACLE SOFTWARE SYSTEMS INC.,28,FY2024_Q4
ZENSAR TECHNOLOGIES INC.,28,FY2024_Q4
"RED E RESTAURANT GROUP, INC.",28,FY2024_Q4
MICRON TECHNOLOGY INC,27,FY2024_Q4
FELLOWSHIP VILLAGE INC.,27,FY2024_Q4
DELL USA LP,27,FY2024_Q4
"THE FREMONT COMPANY, INC.",27,FY2024_Q4
HUMANA INC.,27,FY2024_Q4
"QORVO US, INC.",27,FY2024_Q4
"EXPERIAN INFORMATION SOLUTIONS, INC.",27,FY2024_Q4
ERIVES ENTERPRISES INC,27,FY2024_Q4
SUNBRIDGE HALLMARK HEALTH SERVICES LLC,27,FY2024_Q4
"SLALOM, INC.",27,FY2024_Q4
GATORS DOCKSIDE OF BALDWIN PARK LLC,27,FY2024_Q4
FOGO DE CHAO HOLDINGS INC.,26,FY2024_Q4
"HYANNIS AIR SERVICE, INC.",26,FY2024_Q4
EMC CORPORATION,26,FY2024_Q4
ROCK CENTRAL LLC,26,FY2024_Q4
RJN SENIOR CARE LLC,26,FY2024_Q4
THE PENNSYLVANIA STATE UNIVERSITY,26,FY2024_Q4
TABNER INC,26,FY2024_Q4
"EQUINIX, INC.",26,FY2024_Q4
"SUNSHINE RESTAURANT MERGER SUB, LLC DBA IHOP",26,FY2024_Q4
SK HYNIX NAND PRODUCT SOLUTIONS CORP.DBA SOLIDIGM,26,FY2024_Q4
THE UNIVERSITY OF OKLAHOMA,26,FY2024_Q4
"CENTRAL CITIES PIZZA, INC.",26,FY2024_Q4
"SPERIDIAN TECHNOLOGIES, LLC",26,FY2024_Q4
"ROKU, INC.",25,FY2024_Q4
AVCO CONSULTING INC,25,FY2024_Q4
"TARKETT USA, INC.",25,FY2024_Q4
NCR CORPORATION,25,FY2024_Q4
TWILIO INC,25,FY2024_Q4
"TARGET ENTERPRISE, INC.",25,FY2024_Q4
TRANSCONTINENTAL AC US LLC,25,FY2024_Q4
"CREDIT KARMA, LLC",25,FY2024_Q4
"VALLEY VNA HEALTH SYSTEM, INC DBA VNA SENIOR CA",25,FY2024_Q4
ZJH HOLDINGS LLC MISSION BELT,25,FY2024_Q4
MADDOX INDUSTRIES,25,FY2024_Q4
ASURION,25,FY2024_Q4
"VIVINT, INC.",25,FY2024_Q4
PROFIT LOGISTIC,25,FY2024_Q4
REDBUD HOME CARE LLC,25,FY2024_Q4
MICROCHIP TECHNOLOGY,24,FY2024_Q4
FIS MANAGEMENT SERVICES LLC,24,FY2024_Q4
"MPG OPERATIONS, LLC",24,FY2024_Q4
"TORC ROBOTICS, INC",24,FY2024_Q4
WAYMO LLC,24,FY2024_Q4
CARDINAL LOGISTICS MANAGEMENT CORPORATION,24,FY2024_Q4
ANALYTICS9 SOLUTIONS INC.,24,FY2024_Q4
COMMUNITY NURSING INC.,24,FY2024_Q4
HWS STAFFING LLC,24,FY2024_Q4
DIVERSIFIED AUTOMATION INC,24,FY2024_Q4
RASSY LOGISTICS LLC,24,FY2024_Q4
DATAQUAD INC.,23,FY2024_Q4
"ZENDESK, INC.",23,FY2024_Q4
"FUJITSU NORTH AMERICA, INC.",23,FY2024_Q4
DISCOVER PRODUCTS INC.,23,FY2024_Q4
"KEYSIGHT TECHNOLOGIES, INC.",23,FY2024_Q4
"RESERS FINE FOODS, INC.",23,FY2024_Q4
VIRGINIA POLYTECHNIC INSTITUTE  STATE UNIVERSITY,23,FY2024_Q4
POPULUS GROUP LLC,23,FY2024_Q4
VERIDIC SOLUTIONS LLC,23,FY2024_Q4
"UNITED MAINTENANCE COMPANY, INC.",23,FY2024_Q4
"REI SYSTEMS, INC.",23,FY2024_Q4
CIRRUS LOGIC INTERNATIONAL SEMICONDUCTOR LTD.,23,FY2024_Q4
NOVITIUM PHARMA LLC,23,FY2024_Q4
"DOCUSIGN, INC.",23,FY2024_Q4
ZONESTRA TECHNOLOGIES LLC,23,FY2024_Q4
"INNOVA SOLUTIONS, INC.",23,FY2024_Q4
MIDNIGHT SUN SUBWAY,23,FY2024_Q4
LT TECHNOLOGY SERVICES LIMITED,22,FY2024_Q4
RIOT GAMES INC,22,FY2024_Q4
IQVIA INC,22,FY2024_Q4
"NATERA, INC.",22,FY2024_Q4
GENENTECH INC.,22,FY2024_Q4
WOLTERS KLUWER UNITED STATES INC.,22,FY2024_Q4
"QUALTRICS, LLC",22,FY2024_Q4
SVB FINANCIAL GROUP,22,FY2024_Q4
TRANSCONTINENTAL US LLC,22,FY2024_Q4
"CARGURUS, INC",22,FY2024_Q4
"MARJAC POULTRY, INC",22,FY2024_Q4
"OCEAN CARE  STAFFING, INC. DBA RIGHT AT HOME",22,FY2024_Q4
GENPACT LLC,22,FY2024_Q4
"UNIVERSAL PURE COLD STORAGE, LLC",22,FY2024_Q4
"NAGARRO, INC.",22,FY2024_Q4
"CORNERSTONE RESEARCH, INC.",22,FY2024_Q4
MOLLY MAID,22,FY2024_Q4
SAVVY IT GROUP INC,22,FY2024_Q4
"CIGNAEVERNORTH SERVICES, INC.",22,FY2024_Q4
"TRUSTED CARE AT HOME, INC. HOME INSTEAD",22,FY2024_Q4
AMENSYS INC,21,FY2024_Q4
LSU HEALTH SCIENCES CENTER AT SHREVEPORT,21,FY2024_Q4
ROCKWELL COLLINS,21,FY2024_Q4
BARCLAYS SERVICES LLC,21,FY2024_Q4
ASML US LP,21,FY2024_Q4
"CENTRAL OREGON TRUCK COMPANY, INC. DBA LEAVITTS F",21,FY2024_Q4
TEXANS IT SERVICES INC,21,FY2024_Q4
"JOHNSON CONTROLS, INC",21,FY2024_Q4
MASSACHUSETTS MUTUAL LIFE INSURANCE COMPANY,21,FY2024_Q4
"TELADOC HEALTH, INC",21,FY2024_Q4
"RIPPLE LABS, INC.",21,FY2024_Q4
STARBUCKS COFFEE COMPANY,21,FY2024_Q4
"REGENERON PHARMACEUTICALS, INC.",21,FY2024_Q4
"JANE STREET GROUP, LLC",21,FY2024_Q4
"VALUEMOMENTUM, INC.",21,FY2024_Q4
AXTRIA INC.,21,FY2024_Q4
NOKIA OF AMERICA CORPORATION,21,FY2024_Q4
VERKADA,21,FY2024_Q4
BRITE LOGISTICS INC,21,FY2024_Q4
"LS SOLUTIONS, INC",21,FY2024_Q4
SYNAPSE DESIGN AUTOMATION INC.,21,FY2024_Q4
"XODUS MEDICAL, INC.",21,FY2024_Q4
"FPT USA, CORP",20,FY2024_Q4
"PURE STORAGE, INC.",20,FY2024_Q4
"TWO SIGMA INVESTMENTS, LP",20,FY2024_Q4
"STAPLES, INC.",20,FY2024_Q4
"CONFLUENT, INC.",20,FY2024_Q4
SPOTIFY USA INC,20,FY2024_Q4
GLOBALLOGIC INC.,20,FY2024_Q4
"SLALOM, LLC",20,FY2024_Q4
NATIONAL WIRE LLC,20,FY2024_Q4
"SEL ENGINEERING SERVICES, INC.",20,FY2024_Q4
"SENIOR HEALTH SUPPORT SERVICES, LLC",20,FY2024_Q4
PRAIRIE NURSING FACILITY LLC,20,FY2024_Q4
"MARQETA, INC.",20,FY2024_Q4
"EPITEC, INC.",20,FY2024_Q4
PALANTIR TECHNOLOGIES,20,FY2024_Q4
"CHANGE HEALTHCARE TECHNOLOGIES, LLC",20,FY2024_Q4
"PACIFIC INVESTMENT MANAGEMENT COMPANY, LLC",20,FY2024_Q4
"GARMIN INTERNATIONAL, INC.",20,FY2024_Q4
NAVY FEDERAL CREDIT UNION,20,FY2024_Q4
STRATEGIC SYSTEMS INC.,20,FY2024_Q4
"SWEET VIRGINIA CARE, LLC",20,FY2024_Q4
FEDERAL HOME LOAN MORTGAGE CORPORATION,20,FY2024_Q4
ADVITHRI TECHNOLOGIES,20,FY2024_Q4
HOUSE OF OMELETS,20,FY2024_Q4
SRK SYSTEMS INC,20,FY2024_Q4
"BSH DENVER, LLC DBA BRIGHTSTAR HEALTHCARE",20,FY2024_Q4
"PREMIER IT SOLUTIONS, LLC",20,FY2024_Q4
NB VENTURES DBA GLOBAL EPROCURE,19,FY2024_Q4
GP TECHNOLOGIES LLC,19,FY2024_Q4
ROBERT BOSCH LLC,19,FY2024_Q4
CARTA INC,19,FY2024_Q4
"SHIPT, INC.",19,FY2024_Q4
"GRUBHUB HOLDINGS, INC",19,FY2024_Q4
"YELP, INC.",19,FY2024_Q4
TIGER ANALYTICS INC,19,FY2024_Q4
UNIVERSITY OF MICHIGAN,19,FY2024_Q4
DAVIS LANDSCAPE LTD,19,FY2024_Q4
ARIZONA STATE UNIVERSITY,19,FY2024_Q4
"CBRE, INC",19,FY2024_Q4
WSP USA INC,19,FY2024_Q4
MOODYS ANALYTICS,19,FY2024_Q4
"ARKANSAS EARLY LEARNING, INC.",19,FY2024_Q4
BDO USA LLP,19,FY2024_Q4
UNIVERSITY OF FLORIDA,19,FY2024_Q4
"VIZION CONSTRUCTION AND LANDSCAPE, LLC",19,FY2024_Q4
"ARM, INC.",19,FY2024_Q4
ADROIT ASSOCIATES INC,19,FY2024_Q4
TRANSCONTINENTAL ROBBIE INC.,19,FY2024_Q4
THE NORTHERN TRUST COMPANY,19,FY2024_Q4
"MOODY NATIONAL MANAGEMENT, LP",19,FY2024_Q4
NATIONAL INSTRUMENTS CORPORATION,19,FY2024_Q4
RJT COMPUQUEST INC.,19,FY2024_Q4
FLORIDA STATE UNIVERSITY,19,FY2024_Q4
ATL GA STAFFING LLC,19,FY2024_Q4
"HAROLD DICKEY TRANSPORT, INC.",19,FY2024_Q4
ASCAPE LANDSCAPE  CONSTRUCTION CORP,19,FY2024_Q4
ZEBRA TECHNOLOGIES CORPORATION,18,FY2024_Q4
PANASONIC CORPORATION OF NORTH AMERICA,18,FY2024_Q4
GLOBANT IT SERVICES CORP,18,FY2024_Q4
"EXLABESA EXTRUSION TIFTON, INC",18,FY2024_Q4
"SAP LABS, LLC",18,FY2024_Q4
BILL.COM,18,FY2024_Q4
"INTERCONTINENTAL EXCHANGE HOLDINGS, INC.",18,FY2024_Q4
"REDDIT, INC",18,FY2024_Q4
"GUARDANT HEALTH, INC.",18,FY2024_Q4
"DISCOVERY COMMUNICATIONS, LLC",18,FY2024_Q4
BALYASNY ASSET MANAGEMENT L.P.,18,FY2024_Q4
TRANSCONTINENTAL TVL LLC,18,FY2024_Q4
ALLY BANK,18,FY2024_Q4
"WARNERMEDIA SERVICES, LLC",18,FY2024_Q4
TECHNUMEN INC,18,FY2024_Q4
"IMMI VEHICLE IMPROVEMENT PRODUCTS, INC.",18,FY2024_Q4
"SAVIYNT,INC",18,FY2024_Q4
"COMTEC CONSULTANTS, INC",18,FY2024_Q4
TRANSCONTINENTAL ONTARIO INC.,18,FY2024_Q4
WEST TENNESSEE HEALTHCARE,18,FY2024_Q4
TECHNOSOFT CORPORATION,18,FY2024_Q4
HOMESITE GROUP INCORPORATED,18,FY2024_Q4
"RUSSELL LANDSCAPE, LLC",18,FY2024_Q4
BLIZZARD ENTERTAINMENT INC.,17,FY2024_Q4
"NURO, INC.",17,FY2024_Q4
ASTRAZENECA PHARMACEUTICALS LP,17,FY2024_Q4
ACETECH GROUP CORPORATION,17,FY2024_Q4
LUXOFT USA INC.,17,FY2024_Q4
ADDISON RESERVE MASTER PROPERTY OWNERS ASSOCIATION,17,FY2024_Q4
"DPR CONSTRUCTION, A GENERAL PARTNERSHIP",17,FY2024_Q4
ANALOG DEVICES INC.,17,FY2024_Q4
"LA COSECHA XVII, LLC",17,FY2024_Q4
RBC CAPITAL MARKETS LLC,17,FY2024_Q4
DB USA CORE CORPORATION,17,FY2024_Q4
"FORTINET, INC.",17,FY2024_Q4
STANTEC CONSULTING SERVICES INC.,17,FY2024_Q4
"WESTERN DIGITAL TECHNOLOGIES, INC.",17,FY2024_Q4
PERSISTENT SYSTEMS INC.,17,FY2024_Q4
ARCHER DANIELS MIDLAND,17,FY2024_Q4
ELAN TECHNOLOGIES INC,17,FY2024_Q4
"SAMSUNG SEMICONDUCTOR, INC.",17,FY2024_Q4
"PIONEER CONSULTING SERVICES, LLC",17,FY2024_Q4
ONEMAIN GENERAL SERVICES CORPORATION,17,FY2024_Q4
DGN TECHNOLOGIES INC,17,FY2024_Q4
VIDLEXINFO LLC,17,FY2024_Q4
"ZOOMINFO TECHNOLOGIES, LLC",17,FY2024_Q4
TEKSYSTEMS GLOBAL SERVICES LLC,17,FY2024_Q4
"SIARAA TECHNOLOGIES, INC.",17,FY2024_Q4
STAFFBEE SOLUTIONS INC,17,FY2024_Q4
SNOWSTACK LLC,17,FY2024_Q4
GRAND ISLAND EXPRESS,17,FY2024_Q4
EO SOLUTIONS INC,17,FY2024_Q4
PARAM TECHNOLOGIES INC,17,FY2024_Q4
"RIVIAN, LLC",17,FY2024_Q4
"RIOZ, INC.",17,FY2024_Q4
STACKLOGY INC,17,FY2024_Q4
COURTLAND HEALTH CARE SERVICES INC,17,FY2024_Q4
EH LLC DBA OAKHOUSE BAKERY,17,FY2024_Q4
"YELLOWSTONE LANDSCAPE  SOUTHEAST, LLC",17,FY2024_Q4
"JUNIPER NETWORKS US, INC.",16,FY2024_Q4
HCL GLOBAL SYSTEMS INC.,16,FY2024_Q4
CARDINAL HEALTH,16,FY2024_Q4
GOLDMAN SACHS BANK USA,16,FY2024_Q4
IT RESOURCES INC,16,FY2024_Q4
CITY NATIONAL BANK,16,FY2024_Q4
"CIRCLE INTERNET FINANCIAL, LLC",16,FY2024_Q4
"INSURANCE SERVICES OFFICE, INC",16,FY2024_Q4
THE OPTIONS CLEARING CORPORATION,16,FY2024_Q4
MITCHELLMARTIN INC,16,FY2024_Q4
"C. CARAMANICO  SONS, INC.",16,FY2024_Q4
"TIDALHEALTH SPECIALTY CARE, LLC",16,FY2024_Q4
"AURORA INNOVATION, INC.",16,FY2024_Q4
NORTH AMERICAN LIGHTING,16,FY2024_Q4
"GUIDEWIRE SOFTWARE, INC",16,FY2024_Q4
"NIKE USA, INC.",16,FY2024_Q4
ABS GLOBAL INC,16,FY2024_Q4
"ARIBA, INC.",16,FY2024_Q4
MERCEDESBENZ RESEARCH  DEVELOPMENT,16,FY2024_Q4
JEFFERIES LLC,16,FY2024_Q4
WELLINGTON MANAGEMENT COMPANY LLP,16,FY2024_Q4
"LA COSECHA XII, LLC",16,FY2024_Q4
"HONDA DEVELOPMENT  MANUFACTURING OF AMERICA, LLC",16,FY2024_Q4
"PAYPAL DATA SERVICES, INC.",16,FY2024_Q4
BLACK  VEATCH CORPORATION,16,FY2024_Q4
"HI MOM ENTERPRISES, LLC",16,FY2024_Q4
"LAND CHAMPS, LLC",16,FY2024_Q4
SYSTEM SOFT TECHNOLOGIES LLC,16,FY2024_Q4
AKSHAYA INC,16,FY2024_Q4
CHICAGO MERCANTILE EXCHANGE,16,FY2024_Q4
"SAAMA TECHNOLOGIES, LLC",16,FY2024_Q4
"T. ROWE PRICE ASSOCIATES, INC.",16,FY2024_Q4
ABBOTT LABORATORIES,16,FY2024_Q4
"SIRIUS XM RADIO, INC",16,FY2024_Q4
UNITED SERVICES AUTOMOBILE ASSOCIATION,16,FY2024_Q4
TECHNODEED LLC,16,FY2024_Q4
REVEREIT LLC,16,FY2024_Q4
"BLEND LABS, INC.",16,FY2024_Q4
VOYAGER EXPRESS INC,16,FY2024_Q4
"DATASYNC, INC",16,FY2024_Q4
"VSOFT CONSULTING GROUP, INC.",16,FY2024_Q4
SALESFORCE.COM,16,FY2024_Q4
"LACEWORK, INC.",16,FY2024_Q4
YALE UNIVERSITY,16,FY2024_Q4
"PEOPLE CENTER, INC. DBA RIPPLING",16,FY2024_Q4
"SELECT DEDICATED SOLUTIONS, LLC",16,FY2024_Q4
"TAKEDA DEVELOPMENT CENTER AMERICAS, INC.",16,FY2024_Q4
"LANDTECH CONTRACTORS, INC.",16,FY2024_Q4
USAA FEDERAL SAVINGS BANK,16,FY2024_Q4
HORIZON SOFTECH INC,16,FY2024_Q4
R SYSTEMS INC,16,FY2024_Q4
"10X GENOMICS, INC.",16,FY2024_Q4
HARBOUR RIDGE YACHT  COUNTRY CLUB,16,FY2024_Q4
VIRTUOSO INFO SYSTEMS INC,16,FY2024_Q4
BRAINS TECHNOLOGY SOLUTIONS INC,16,FY2024_Q4
PRIMARY AIM LLC,16,FY2024_Q4
"GATORS DOCKSIDE AT HUNT CLUB, INC",16,FY2024_Q4
IQUEST SOLUTIONS CORP,15,FY2024_Q4
MAGTECH CONSULTING AND SOLUTIONS DEVELOPMENT,15,FY2024_Q4
RUNNELLS OPERATING LLC,15,FY2024_Q4
"PPD DEVELOPMENT, L.P.",15,FY2024_Q4
"LA COSECHA XIX, LLC",15,FY2024_Q4
"THE NIELSEN COMPANY US, LLC",15,FY2024_Q4
"PROKARMA, INC.",15,FY2024_Q4
"NIAGARA BOTTLING, LLC",15,FY2024_Q4
"BEST EXPRESS TRANSPORTATION, LLC",15,FY2024_Q4
"CLOUDFLARE, INC",15,FY2024_Q4
IP HEIGHTS LLC,15,FY2024_Q4
GEORGETOWN UNIVERSITY,15,FY2024_Q4
"ASTA CRS, INC",15,FY2024_Q4
"PACIFICSTRUCTURES, INC.",15,FY2024_Q4
CASSIA,15,FY2024_Q4
"UNITED TEMPS, INC.",15,FY2024_Q4
SOCIAL FINANCE INC.,15,FY2024_Q4
"SIEMENS ENERGY, INC.",15,FY2024_Q4
BROSE NORTH AMERICA INC,15,FY2024_Q4
HRT RESEARCH LLC,15,FY2024_Q4
"DIGIPULSE TECHNOLOGIES, INC",15,FY2024_Q4
"HONEYWELL INTERNATIONAL, INC.",15,FY2024_Q4
"ULINE, INC.",15,FY2024_Q4
WHIRLPOOL CORPORATION,15,FY2024_Q4
CUMBERLAND CARE AND REHAB INC.,15,FY2024_Q4
THE BANK OF NEW YORK MELLON,15,FY2024_Q4
HOOSIER CARE INC.,15,FY2024_Q4
WASHINGTON UNIVERSITY IN ST. LOUIS,15,FY2024_Q4
BLACKLINE,15,FY2024_Q4
GRANDE CENTER FOR POST ACUTE AND NURSING CARE LLC,15,FY2024_Q4
"STANLEY BLACK  DECKER, INC.",15,FY2024_Q4
PHOTON INFOTECH INC,15,FY2024_Q4
CULVERS LAWN CARE  LANDSCAPE INC.,15,FY2024_Q4
"DEXCOM, INC.",15,FY2024_Q4
TELEWORLD SOLUTIONS INC,15,FY2024_Q4
WEST VIRGINIA UNIVERSITY,15,FY2024_Q4
NETCRACKER TECHNOLOGY CORPORATION,15,FY2024_Q4
"EPSILON DATA MANAGEMENT, LLC",15,FY2024_Q4
CHRISTIAN CARE COMMUNITIES,15,FY2024_Q4
"CODE GRAVITY LLC,",15,FY2024_Q4
BLUE VENTURES LLC,15,FY2024_Q4
"INFOMATICS, INC.",15,FY2024_Q4
BIRLASOFT INC,15,FY2024_Q4
SEVLA INC,15,FY2024_Q4
RAB3 TECH LLC,15,FY2024_Q4
BRUNSWICK CORPORATION,14,FY2024_Q4
"CROWDSTRIKE, INC.",14,FY2024_Q4
V3TECH SOLUTIONS INC,14,FY2024_Q4
"ARISTA NETWORKS, INC.",14,FY2024_Q4
MOTIONAL AD INC.,14,FY2024_Q4
"SCHWEITZER ENGINEERING LABORATORIES, INC.",14,FY2024_Q4
EMBRYRIDDLE AERONAUTICAL UNIVERSITY,14,FY2024_Q4
"EQUINOX IT SOLUTIONS, LLC",14,FY2024_Q4
"FACEBOOK, INC.",14,FY2024_Q4
GALAXE.SOLUTIONS,14,FY2024_Q4
"INVESCO GROUP SERVICES, INC.",14,FY2024_Q4
SAINAR SOLUTIONS INC,14,FY2024_Q4
LATHAM  WATKINS LLP,14,FY2024_Q4
"HOME DEPOT U.S.A., INC.",14,FY2024_Q4
"ACG BBQ, LLC. DBA SONNYS BBQ",14,FY2024_Q4
"CONDUENT BUSINESS SERVICES, LLC",14,FY2024_Q4
UNIVERSITY OF SOUTHERN CALIFORNIA,14,FY2024_Q4
TATA TECHNOLOGIES INC,14,FY2024_Q4
REMITLY,14,FY2024_Q4
NOVARTIS PHARMACEUTICALS CORPORATION,14,FY2024_Q4
"7ELEVEN, INC.",14,FY2024_Q4
ANJS TECHNOLOGIES LLC,14,FY2024_Q4
"ARCADIS U.S., INC.",14,FY2024_Q4
"EDGE FORM, LLC",14,FY2024_Q4
GRP SOLUTIONS INC,14,FY2024_Q4
"NEW YORK NEW YORK PIZZA, LLC",14,FY2024_Q4
"YASH TECHNOLOGIES, INC.",14,FY2024_Q4
MATCH GROUP LLC,14,FY2024_Q4
THE DEPOSITORY TRUST  CLEARING CORPORATION,14,FY2024_Q4
"ADP, INC.",14,FY2024_Q4
CCC INTELLIGENT SOLUTIONS INC.,14,FY2024_Q4
PRESBYTERIAN HEALTHCARE SERVICES,14,FY2024_Q4
ST. LUKES HOME,14,FY2024_Q4
"DIXIE ROOFING, INC.",14,FY2024_Q4
OBJECT EXPERTS LLC,14,FY2024_Q4
"ZIONS BANCORPORATION, N.A.",14,FY2024_Q4
THERMO FISHER SCIENTIFIC,14,FY2024_Q4
"GERBER POULTRY, INC",14,FY2024_Q4
LABORATORY CORPORATION OF AMERICA HOLDINGS,14,FY2024_Q4
"ENVIRONMENTAL MANAGEMENT SERVICES, INC.",14,FY2024_Q4
"BOX, INC.",14,FY2024_Q4
GOLDMAN SACHS SERVICES LLC,14,FY2024_Q4
"HOME CARE THERAPIES, LLC DBA HORIZON HEALTHCARE",14,FY2024_Q4
KFORCETECH SOLUTIONS LLC DBA INFOSOFT SOLUTIONS LL,14,FY2024_Q4
"TOAST, INC",14,FY2024_Q4
"SONOS, INC",14,FY2024_Q4
"HASHICORP, INC.",14,FY2024_Q4
GRAINGER MANAGEMENT LLC,14,FY2024_Q4
"UNITED PHARMA TECHNOLOGIES, INC",14,FY2024_Q4
UNIVERSITY OF IOWA,14,FY2024_Q4
"BURNS  MCDONNELL ENGINEERING COMPANY, INC.",14,FY2024_Q4
EPSOFT TECHNOLOGIES LLC,14,FY2024_Q4
"BESTWAY EXPRESS, INC.",14,FY2024_Q4
OHIO LIVING,14,FY2024_Q4
UNIVERSITY OF MINNESOTA,14,FY2024_Q4
UNIVERSITY OF WASHINGTON,14,FY2024_Q4
COLUMBIA UNIVERSITY,14,FY2024_Q4
EZ4 TECHNOLOGIES LLC,14,FY2024_Q4
CLOUDSPACE LLC,14,FY2024_Q4
"TEKTRA IT SERVICES,INC",14,FY2024_Q4
HARMONY PUBLIC SCHOOLS,14,FY2024_Q4
BNS INTERNATIONAL INC,14,FY2024_Q4
"RUPPERT LANDSCAPE, INC.",14,FY2024_Q4
"BIRLASOFT SOLUTIONS, INC.",14,FY2024_Q4
"SYSTEMS TECHNOLOGY GROUP, INC. STG",14,FY2024_Q4
"FIFTH THIRD BANK, NATIONAL ASSOCIATION",14,FY2024_Q4
CONTRACT TRANSPORT SERVICES LLC,14,FY2024_Q4
"DIASPARK, INC",13,FY2024_Q4
GE PRECISION HEALTHCARE LLC,13,FY2024_Q4
KANAP SYSTEMS LLC,13,FY2024_Q4
"APPSTEK, INC",13,FY2024_Q4
"LEESBURG LIFE CARE, LLC DBA HERITAGE HALL  LEESBURG",13,FY2024_Q4
"IDLER ENTERPRISES, LLC",13,FY2024_Q4
"ROLLET BROS. TRUCKING COMPANY, INC.",13,FY2024_Q4
"INTRAEDGE, INC",13,FY2024_Q4
S2 IT GROUP LLC,13,FY2024_Q4
UNITY TECHNOLOGIES SF,13,FY2024_Q4
"GEODIS LOGISTICS, LLC",13,FY2024_Q4
GO TO LOGISTICS INC,13,FY2024_Q4
"GLOBAL ELECTRONICS TESTING SERVICE , LLC",13,FY2024_Q4
"METHODICA TECHNOLOGIES, LLC",13,FY2024_Q4
ANGI INC.,13,FY2024_Q4
UNIVERSITY OF NEBRASKA MEDICAL CENTER,13,FY2024_Q4
LATENTVIEW ANALYTICS CORPORATION,13,FY2024_Q4
"EXPRESS, LLC",13,FY2024_Q4
SABRE GLBL INC.,13,FY2024_Q4
"SIEMENS INDUSTRY, INC.",13,FY2024_Q4
WABTEC US RAIL INC,13,FY2024_Q4
ALTIMETRIK CORP,13,FY2024_Q4
"PROOFPOINT, INC",13,FY2024_Q4
"PUBLIX SUPER MARKETS, INC.",13,FY2024_Q4
ZENITH INFOTEK LLC,13,FY2024_Q4
"DROPBOX, INC.",13,FY2024_Q4
MUTOMBO INTERNATIONAL INC,13,FY2024_Q4
"SKILLGIGS, INC.",13,FY2024_Q4
HL MANDO AMERICA CORPORATION,13,FY2024_Q4
"FOCAL POINTE OUTDOOR SOLUTIONS, INC.",13,FY2024_Q4
HSBC TECHNOLOGY  SERVICES USA,13,FY2024_Q4
PEGASYSTEMS INC.,13,FY2024_Q4
HEADSTRONG SERVICES LLC,13,FY2024_Q4
LENDINGCLUB BANK NATIONAL ASSOCIATION,13,FY2024_Q4
"ALTAIR PRODUCTDESIGN, INC.",13,FY2024_Q4
TARANA WIRELESS,13,FY2024_Q4
"ROCKWELL AUTOMATION, INC.",13,FY2024_Q4
"AECOM TECHNICAL SERVICES, INC.",13,FY2024_Q4
DYNAMIC TECHNOLOGY INC,13,FY2024_Q4
"CA, INC.",13,FY2024_Q4
JAMES ANNALEE DBA RIGHT AT HOME,13,FY2024_Q4
HOUSTON INDEPENDENT SCHOOL DISTRICT,13,FY2024_Q4
COMMUTEAIR LLC,13,FY2024_Q4
SYRACUSE UNIVERSITY,13,FY2024_Q4
RICEFW TECHNOLOGIES INC,13,FY2024_Q4
MICHIGAN STATE UNIVERSITY,13,FY2024_Q4
MANDUJANO BROTHERS,13,FY2024_Q4
HM HEALTH SOLUTIONS INC.,13,FY2024_Q4
LAMAR TRAILERS,13,FY2024_Q4
MEGAN SOFT INC,13,FY2024_Q4
UNIVERSITY OF UTAH,13,FY2024_Q4
"OMNI BUSINESS SYSTEMS, INC",13,FY2024_Q4
UNIVERSITY OF CONNECTICUT,13,FY2024_Q4
"INNOVATIVE CONSULTING SOLUTIONS, LLC",13,FY2024_Q4
"TECHDATA SERVICE COMPANY, LLC.",13,FY2024_Q4
"APPS ASSOCIATES, LLC",13,FY2024_Q4
"INNOVATIVE INTELLIGENT SOLUTIONS, LLC",13,FY2024_Q4
ADDEPTO IT SOLUTIONS LLC,13,FY2024_Q4
VICTOIRE SYSTEMS LLC,13,FY2024_Q4
UNIQUE TECH INC,13,FY2024_Q4
ELEVATE CARE OF NORTHBROOK,13,FY2024_Q4
"CLAYTON SUPPLY GROUP, INC",13,FY2024_Q4
"PHO COUNTRYSIDE, INC",13,FY2024_Q4
"RW DANIELS ENTERPRISES, INC",13,FY2024_Q4
A AABLE RENTS COMPANY,13,FY2024_Q4
"CARVANA, LLC",13,FY2024_Q4
TEK GIGZ LLC,13,FY2024_Q4
"PAMLICO POOL COMPANY, INC.",13,FY2024_Q4
TECHNOCORP SOLUTIONS INC,13,FY2024_Q4
TIDEWATER HOME CARE INC.,13,FY2024_Q4
"YORK RIVER LANDSCAPING, LLC",13,FY2024_Q4
PROCORE TECHNOLOGIES,12,FY2024_Q4
CITIGROUP GLOBAL MARKETS INC.,12,FY2024_Q4
BANK OF CHINA,12,FY2024_Q4
"AMERICAN FAMILY MUTUAL INSURANCE COMPANY, S.I.",12,FY2024_Q4
"HULU, LLC",12,FY2024_Q4
"SOFTTUNE TECHNOLOGIES,INC",12,FY2024_Q4
"ASM AMERICA, INC.",12,FY2024_Q4
TAG TRANS INC,12,FY2024_Q4
AMERICAN EXPRESS COMPANY,12,FY2024_Q4
"SAMSUNG RESEARCH AMERICA, INC.",12,FY2024_Q4
"WHIP SYSTEMS, LLC DBA AROGHIA GROUP, LLC",12,FY2024_Q4
VERITAS TECHNOLOGIES LLC,12,FY2024_Q4
DIVERSANT LLC,12,FY2024_Q4
"NEUTRON HOLDINGS, INC. DBA LIME",12,FY2024_Q4
KIEWIT ENGINEERING GROUP INC.,12,FY2024_Q4
BOTHA TRUCKING LLC,12,FY2024_Q4
KRONES INC.,12,FY2024_Q4
LPL FINANCIAL LLC,12,FY2024_Q4
UNIVERSITY OF PITTSBURGH,12,FY2024_Q4
"ENVESTNET FINANCIAL TECHNOLOGIES, INC.",12,FY2024_Q4
"FEV NORTH AMERICA, INC.",12,FY2024_Q4
PITNEY BOWES INC.,12,FY2024_Q4
"DELTA AIR LINES, INC.",12,FY2024_Q4
CREDIT SUISSE SERVICES USA LLC,12,FY2024_Q4
SMITH  NEPHEW INC.,12,FY2024_Q4
NATIONAL RAILROAD PASSENGER CORPORATION AMTRAK,12,FY2024_Q4
"PROSPER MARKETPLACE, INC.",12,FY2024_Q4
THE PNC FINANCIAL SERVICES GROUP,12,FY2024_Q4
"CUMMING MANAGEMENT GROUP, INC.",12,FY2024_Q4
ASML US LLC,12,FY2024_Q4
"ICE MORTGAGE TECHNOLOGY, INC.",12,FY2024_Q4
"AFFIRM, INC.",12,FY2024_Q4
UNIVERSITY OF ROCHESTER,12,FY2024_Q4
"ENBRIDGE EMPLOYEE SERVICES, INC.",12,FY2024_Q4
INDIANA UNIVERSITY,12,FY2024_Q4
OATH HOLDINGS INC.,12,FY2024_Q4
"NETSKOPE, INC.",12,FY2024_Q4
DI LOGISTICS LLC,12,FY2024_Q4
"LEX NIMBLE SOLUTIONS INC DBA ILBSG,INC",12,FY2024_Q4
BAYER U.S. LLC,12,FY2024_Q4
LEXISNEXIS USA,12,FY2024_Q4
EXLSERVICE.COM LLC,12,FY2024_Q4
SHAMROCK LAWN  LANDSCAPING LLC,12,FY2024_Q4
"SAMBANOVA SYSTEMS, INC.",12,FY2024_Q4
SAMSARA INC.,12,FY2024_Q4
SQUADSOFTWARE INC,12,FY2024_Q4
SAPIENT CORPORATION,12,FY2024_Q4
GEORGIAPACIFIC LLC GEORGIAPACIFIC CORPORATION,12,FY2024_Q4
VIRTUSA CONSULTING SERVICES PRIVATE LIMITED,12,FY2024_Q4
"AMADEUS NORTH AMERICA, INC.",12,FY2024_Q4
"HITPS, LLC",12,FY2024_Q4
"MOODYS INVESTORS SERVICE, INC.",12,FY2024_Q4
"AG INSTALLERS, INC.",12,FY2024_Q4
LOUISIANA STATE UNIVERSITY AND A  M COLLEGE,12,FY2024_Q4
SATSYIL CORP,12,FY2024_Q4
ASCENDION INC,12,FY2024_Q4
"ALTAIR ENGINEERING, INC.",12,FY2024_Q4
"ALEXANDRIA BUSINESS GROUP, INC. DBA MAID BRIGADE",12,FY2024_Q4
ELEVATE CARE CHICAGO NORTH,12,FY2024_Q4
WASHINGTON COUNTY SCHOOL DISTRICT,12,FY2024_Q4
TOWSON UNIVERSITY,12,FY2024_Q4
MACQUARIE GLOBAL SERVICES USA LLC,12,FY2024_Q4
MAGNA ELECTRONICS INC.,12,FY2024_Q4
PROTEK CONSULTING,12,FY2024_Q4
TEKNXPERT LLC,12,FY2024_Q4
"LA COSECHA XV, LLC",12,FY2024_Q4
CYMENT CONSTRUCTION CORP,12,FY2024_Q4
PRIMACY CAREERS LLC,12,FY2024_Q4
"CARGILL, INCORPORATED",11,FY2024_Q4
CEPHEID,11,FY2024_Q4
ADITI LLC,11,FY2024_Q4
"ST. JUDE MEDICAL, CARDIOLOGY DIVISION, INC.",11,FY2024_Q4
AUTOZONE,11,FY2024_Q4
MARKIT,11,FY2024_Q4
CALIBER IT SOLUTIONS INC,11,FY2024_Q4
NATIXIS NORTH AMERICA LLC,11,FY2024_Q4
RENESAS ELECTRONICS AMERICA INC,11,FY2024_Q4
"AMERIPRISE FINANCIAL, INC.",11,FY2024_Q4
"MONGODB, INC.",11,FY2024_Q4
ETEK IT SERVICES INC,11,FY2024_Q4
"SCHNEIDER ELECTRIC USA, INC.",11,FY2024_Q4
"INFOR US, INC.",11,FY2024_Q4
NUMERO DATA LLC,11,FY2024_Q4
"EBATES PERFORMANCE MARKETING, INC.",11,FY2024_Q4
GUIDEPOST A LLC,11,FY2024_Q4
"GREENTOP ACRES,  LLC",11,FY2024_Q4
OMEGA COMPLIANCE SOLUTIONS,11,FY2024_Q4
"UPSTART NETWORK, INC.",11,FY2024_Q4
"BLACKSTONE, INC.",11,FY2024_Q4
AMERICAN BANKERS INSURANCE COMPANY OF FLORIDA,11,FY2024_Q4
SOLUTIONSOFT INC,11,FY2024_Q4
"TSMC TECHNOLOGY, INC.",11,FY2024_Q4
"DELOITTE TOUCHE TOHMATSU SERVICES, LLC",11,FY2024_Q4
ZIMMER INC,11,FY2024_Q4
OSO VENTURES INC,11,FY2024_Q4
"CBS INTERACTIVE, INC.",11,FY2024_Q4
ANAPLAN INC.,11,FY2024_Q4
ORACLE FINANCIAL SERVICES SOFTWARE INC.,11,FY2024_Q4
PRESBYTERIAN HOMES AND SERVICES,11,FY2024_Q4
KYYBA INC,11,FY2024_Q4
SANVEO INC,11,FY2024_Q4
THE UNIVERSITY OF SOUTH CAROLINA,11,FY2024_Q4
"MUFG BANK, LTD.",11,FY2024_Q4
ABB INC.,11,FY2024_Q4
UNIVERSITY OF KENTUCKY,11,FY2024_Q4
"THE TRADE DESK, INC.",11,FY2024_Q4
"CONTINENTAL AUTOMOTIVE SYSTEMS, INC.",11,FY2024_Q4
"HF MANAGEMENT SERVICES, LLC",11,FY2024_Q4
THE CURATORS OF THE UNIVERSITY OF MISSOURI,11,FY2024_Q4
GRASSCOR LAWN AND LANDSCAPE,11,FY2024_Q4
LEAR CORPORATION,11,FY2024_Q4
"PRIVATE NATIONAL MORTGAGE ACCEPTANCE COMPANY, LLC",11,FY2024_Q4
FV USA LLC DBA COUPANG,11,FY2024_Q4
TENCENT AMERICA LLC,11,FY2024_Q4
RAVEN SOFTWARE SOLUTIONS INC.,11,FY2024_Q4
GEISINGER CLINIC,11,FY2024_Q4
FRACTAL ANALYTICS,11,FY2024_Q4
"DAIKIN COMFORT TECHNOLOGIES MANUFACTURING, L.P.",11,FY2024_Q4
NOBLESOFT SOLUTIONS INC,11,FY2024_Q4
"SUCCESSFACTORS, INC.",11,FY2024_Q4
"BEACON HILL STAFFING GROUP, LLC",11,FY2024_Q4
"VERSA NETWORKS, INC",11,FY2024_Q4
THE TRAVELERS INDEMNITY COMPANY,11,FY2024_Q4
"SANTANDER BANK, N.A.",11,FY2024_Q4
"MOLEX, LLC",11,FY2024_Q4
BOARD OF GOVERNORS OF THE FEDERAL RESERVE SYSTEM,11,FY2024_Q4
IMAGEVISION.AI LLC,11,FY2024_Q4
ADVEN TECHNOLOGIES INC,11,FY2024_Q4
CANOO TECHNOLOGIES INC. FKA CANOO INC.,11,FY2024_Q4
FEDERAL SOFT SYSTEMS INC,11,FY2024_Q4
DEVFI INC,11,FY2024_Q4
"FLAGSTAR BANK, NA",11,FY2024_Q4
"SANDSTONE OF TUCSON REHAB CENTRE, LLC",11,FY2024_Q4
"MGM RESORTS INTERNATIONAL OPERATIONS, INC.",11,FY2024_Q4
TANGENSIS INC,11,FY2024_Q4
"YARDAPES,INC DBA YARDSCAPES LANDSCAPE PROFESSIONAL",11,FY2024_Q4
ARRIVER SOFTWARE LLC,11,FY2024_Q4
DEXPERTS INC.,11,FY2024_Q4
HCL AMERICA SOLUTIONS INC.,11,FY2024_Q4
ADW SUWANEE LLCCRAFT BURGER BY SHANE,11,FY2024_Q4
"MARELLI NORTH AMERICA, INC.",11,FY2024_Q4
KIRKLAND  ELLIS LLP,11,FY2024_Q4
"NORTHSTAR TECHNOLOGIES, INC.",11,FY2024_Q4
GOBRANDS INC. DBA GOPUFF,11,FY2024_Q4
"SLK AMERICA, INC.",11,FY2024_Q4
ITSUTRA INC,11,FY2024_Q4
AVALANCHE TECHNOLOGIES LLC,11,FY2024_Q4
VISTALTECH INC.,11,FY2024_Q4
METROLINA LANDSCAPE COMPANY,11,FY2024_Q4
TEXAS TECH UNIVERSITY,11,FY2024_Q4
MELIZADEL CORPORATION,11,FY2024_Q4
"PITZERS LAWN MANAGEMENT, INC.",11,FY2024_Q4
DYNAMIST IRRIGATION COMPANY,11,FY2024_Q4
"HEIDIS CORNER RESTAURANT GROUP, INC.",11,FY2024_Q4
"FIRST ONE GROUP, LLC",11,FY2024_Q4
"LIONHEART CONSTRUCTION, LLC",11,FY2024_Q4
COMANCHE COUNTY HOSPITAL AUTHORITY DBA COMANCHE,11,FY2024_Q4
CHERIE DEVAUX RACING INC.,11,FY2024_Q4
GATORS DOCKSIDE AT HUNTER CREEK LLC,11,FY2024_Q4
"O.D. ANDERSON, INC. DBA ANDERSON COACH  TRAVEL",11,FY2024_Q4
"MULBERRY CREEK GREENHOUSES, INC.",11,FY2024_Q4
TUCKER LANDSCAPING INC.,11,FY2024_Q4
"ALL FINISH CONCRETE, INC.",11,FY2024_Q4
BOATHOUSE SUSHI INC,11,FY2024_Q4
"CENTENE MANAGEMENT COMPANY, LLC",10,FY2024_Q4
NEW YORK LIFE INSURANCE COMPANY,10,FY2024_Q4
ZSCALER INC,10,FY2024_Q4
GENERAL ELECTRIC COMPANY,10,FY2024_Q4
GAP INC.,10,FY2024_Q4
CLOUD BC LABS INC,10,FY2024_Q4
PTC INC.,10,FY2024_Q4
GAINWELL TECHNOLOGIES LLC,10,FY2024_Q4
SOFTRAMS LLC,10,FY2024_Q4
COMERICA,10,FY2024_Q4
INFORMATICA LLC,10,FY2024_Q4
"AURIS HEALTH, INC.",10,FY2024_Q4
"NORDSTROM, INC",10,FY2024_Q4
SOFTWORLD TECHNOLOGIES LLC,10,FY2024_Q4
SOFTNICE INC.,10,FY2024_Q4
"VISION IT USA, INC.",10,FY2024_Q4
KYNDRYL INC,10,FY2024_Q4
"SAILPOINT TECHNOLOGIES, INC.",10,FY2024_Q4
"PHILLIP CABLE MANUFACTURING, INC.",10,FY2024_Q4
EDWARDS LIFESCIENCES LLC,10,FY2024_Q4
THE UNIVERSITY OF CHICAGO,10,FY2024_Q4
"GUSTO, INC.",10,FY2024_Q4
SYNAPSIS INC,10,FY2024_Q4
"WW INTERNATIONAL, INC.",10,FY2024_Q4
STRYKER CORPORATION,10,FY2024_Q4
S  H CENTRAL FLORIDA INVESTMENTS INC,10,FY2024_Q4
"CSAA INSURANCE SERVICES, INC.",10,FY2024_Q4
SECURONIX INC,10,FY2024_Q4
UNIVERSITY OF PENNSYLVANIA,10,FY2024_Q4
"NEXTDOOR, INC",10,FY2024_Q4
VERILY LIFE SCIENCES LLC,10,FY2024_Q4
"HERMES MICROVISION, INC.",10,FY2024_Q4
FORMAGRID INC DBA AIRTABLE,10,FY2024_Q4
"LOGITECH, INC",10,FY2024_Q4
FONTANA TRANSPORT INC,10,FY2024_Q4
LHP ENGINEERING SOLUTIONS LLC,10,FY2024_Q4
ALPHA INC.  DBA  GOLDEN ACRES MANOR,10,FY2024_Q4
"ALIXPARTNERS, LLP",10,FY2024_Q4
"CITRIX SYSTEMS, INC.",10,FY2024_Q4
2SEVENTY BIO,10,FY2024_Q4
NCS PEARSON INC.,10,FY2024_Q4
THE PRUDENTIAL INSURANCE COMPANY OF AMERICA,10,FY2024_Q4
"ASANA, INC.",10,FY2024_Q4
LOYET LANDSCAPE MAINTENANCE,10,FY2024_Q4
"NUTRITION 101, INC DBA 101, INC.",10,FY2024_Q4
"SEAGEN, INC.",10,FY2024_Q4
"MARBL RESTAURANT, INC.",10,FY2024_Q4
"BENDIX COMMERCIAL VEHICLE SYSTEMS, LLC.",10,FY2024_Q4
"WORLD FOOD ENTERPRISES, LLC. DBA DELI 4 YOU",10,FY2024_Q4
JUMP OPERATIONS,10,FY2024_Q4
"CAPITAL GROUP COMPANIES GLOBAL, INC.",10,FY2024_Q4
EKTHA SOLUTIONS INC.,10,FY2024_Q4
"HALLIBURTON ENERGY SERVICES, INC.",10,FY2024_Q4
MILCON COMMERCIAL CONCRETE INC,10,FY2024_Q4
CAPITAL INFO GROUP INC,10,FY2024_Q4
ESRI INC.,10,FY2024_Q4
"ADDEPAR, INC.",10,FY2024_Q4
INFINEON TECHNOLOGIES AMERICAS CORP.,10,FY2024_Q4
INTEL NDTM US LLC,10,FY2024_Q4
"UNIVERSITY OF CALIFORNIA, LOS ANGELES",10,FY2024_Q4
XYLO CONSULTING LLC,10,FY2024_Q4
THE SHERWINWILLIAMS COMPANY,10,FY2024_Q4
DASSAULT SYSTEMES AMERICAS CORP.,10,FY2024_Q4
SOUTHERN ILLINOIS HOSPITAL SERVICES,10,FY2024_Q4
"EARLY WARNING SERVICES, LLC",10,FY2024_Q4
GLOBALFOUNDRIES U.S. INC.,10,FY2024_Q4
"PROWESYS, INC",10,FY2024_Q4
CARESOURCE MANAGEMENT SERVICES LLC,10,FY2024_Q4
LANDSCAPE CREATIONS OF RI,10,FY2024_Q4
"ASTERA LABS, INC",10,FY2024_Q4
SANN IT SOLUTIONS INC,10,FY2024_Q4
"VOLVO GROUP NORTH AMERICA, LLC",10,FY2024_Q4
ZOETIS INC.,10,FY2024_Q4
DELCO TRAILERS LLC,10,FY2024_Q4
"KMK CONSULTING, INC.",10,FY2024_Q4
ST. PATRICKS MANOR,10,FY2024_Q4
FACTORY MUTUAL INSURANCE COMPANY,10,FY2024_Q4
"C3.AI, INC.",10,FY2024_Q4
"ALLIANCE SENIOR LIVING, INC.",10,FY2024_Q4
"CARE DENTAL OF BOYNTON BEACH, P.A.",10,FY2024_Q4
CLOUDWICK TECHNOLOGIES INC,10,FY2024_Q4
ADVANITY TECHNOLOGIES LLC,10,FY2024_Q4
ETSY INC.,10,FY2024_Q4
INTERSYSTEMS CORPORATION,10,FY2024_Q4
FOUNTAIN VIEW SUBACUTE AND NURSING CENTER LLC,10,FY2024_Q4
"CLARA HEALTH CARE INC., DBA BRIGHTSTAR CARE OF HUN",10,FY2024_Q4
"WILDFLOWER NURSERY, INC.",10,FY2024_Q4
NELSON LAND SERVICE STL LLC,10,FY2024_Q4
"FUJITSU NETWORK COMMUNICATIONS, INC",10,FY2024_Q4
"UNIVERSITY OF CALIFORNIA, BERKELEY",10,FY2024_Q4
LEVI STRAUSS  CO.,10,FY2024_Q4
PAM TRANSPORT INC,10,FY2024_Q4
ECONTENTI INC,10,FY2024_Q4
BELLA TRANSPORT INC,10,FY2024_Q4
DAVITA INC,10,FY2024_Q4
AMERICAN UNIT INC,10,FY2024_Q4
THE UNIVERSITY OF TEXAS RIO GRANDE VALLEY,10,FY2024_Q4
HARVARD UNIVERSITY,10,FY2024_Q4
JAREONSUB INC.,10,FY2024_Q4
INFO KEYS INC,10,FY2024_Q4
NS  SONS LLC,10,FY2024_Q4
"LIFESCAPE ASSOCIATES, INC.",10,FY2024_Q4
RIVERSIDE REGIONAL MEDICAL CENTER,10,FY2024_Q4
SKY TECHNOLOGIES LLC,10,FY2024_Q4
"ABF PACKING, INC",10,FY2024_Q4
"LA COSECHA XI, LLC",10,FY2024_Q4
MROADS,10,FY2024_Q4
HOME CARE ASSISTANCE,10,FY2024_Q4
"LANDRYS PROFESSIONAL LAWN  LANDSCAPE, INC.",10,FY2024_Q4
"WENDCO OF NEW HAMPSHIRE, LLC",10,FY2024_Q4
"SAAS TECHNOLOGIES, INC.",10,FY2024_Q4
"LA COSECHA II, LLC",10,FY2024_Q4
CYBERBRIDGE INTL. INC.,10,FY2024_Q4
"GATORS DOCKSIDE OF LAKE MARY, INC",10,FY2024_Q4
EARTH CARE INC.,10,FY2024_Q4
"FORT WAYNE ROOFING, A TECTA AMERICA COMPANY",10,FY2024_Q4
"SIRI SOFTWARE SOLUTIONS, LLC",10,FY2024_Q4
"WEST ADVANCED TECHNOLOGIES, INC.",10,FY2024_Q4
VICTORY LAWNSCAPE,10,FY2024_Q4
"I2USYSTEMS, INC",9,FY2024_Q4
FISKER GROUP INC.,9,FY2024_Q4
ALLSTATE INSURANCE COMPANY,9,FY2024_Q4
JNIT TECHNOLOGIES INC,9,FY2024_Q4
"SKIDMORE, OWINGS  MERRILL LLP",9,FY2024_Q4
"KVKTECH, INC.",9,FY2024_Q4
"BAYSTATE MEDICAL PRACTICES, INC.",9,FY2024_Q4
"AUTOMATED STRUCTURES, INC.",9,FY2024_Q4
EASTMAN CHEMICAL COMPANY,9,FY2024_Q4
TOP TEN EXPRESS CORP.,9,FY2024_Q4
PILLPACK LLC,9,FY2024_Q4
ANNAPURNA LABS U.S. INC.,9,FY2024_Q4
TAVANT TECHNOLOGIES INC.,9,FY2024_Q4
MY SUPPLY CHAIN GROUP LLC,9,FY2024_Q4
"BAIN CAPITAL, LP",9,FY2024_Q4
SOFTSERVE INC,9,FY2024_Q4
"BRILLIO, LLC",9,FY2024_Q4
TREND MICRO,9,FY2024_Q4
WOODS SERVICES,9,FY2024_Q4
UST GLOBAL INC,9,FY2024_Q4
"BILL ME LATER, INC.",9,FY2024_Q4
TOP TRUCKING LLC,9,FY2024_Q4
FINANCIAL INDUSTRY REGULATORY AUTHORITY,9,FY2024_Q4
"AVENTERPRISE,INC",9,FY2024_Q4
MERCY CLINIC SPRINGFIELD COMMUNITIES,9,FY2024_Q4
RSM US LLP,9,FY2024_Q4
"SWIFT BEEF COMPANY, A JBS USA SUBSIDIARY",9,FY2024_Q4
"NUANCE COMMUNICATIONS, INC.",9,FY2024_Q4
GRETNA LAND DEVELOPMENT LLC,9,FY2024_Q4
"SIEMENS MEDICAL SOLUTIONS USA, INC.",9,FY2024_Q4
"PELOTON INTERACTIVE, INC.",9,FY2024_Q4
VF SERVICES LLC,9,FY2024_Q4
"SIMPSON GUMPERTZ  HEGER, INC.",9,FY2024_Q4
"LA COSECHA XVI, LLC",9,FY2024_Q4
"ADEMCO, INC.",9,FY2024_Q4
FUSION GLOBAL SOLUTIONS LLC,9,FY2024_Q4
"SIMPLER POSTAGE, INC., DBA EASYPOST",9,FY2024_Q4
"COMMVAULT SYSTEMS, INC.",9,FY2024_Q4
VERTEX PHARMACEUTICALS INCORPORATED,9,FY2024_Q4
INFOGAIN CORPORATION,9,FY2024_Q4
ILLUMINA,9,FY2024_Q4
"MINNESOTA HOUSEKEEPING SERVICES, LLC",9,FY2024_Q4
VINTECH SOLUTIONS INC,9,FY2024_Q4
"WENTWORTH NURSERY, INC.",9,FY2024_Q4
CYPRESS SEMICONDUCTOR CORPORATION,9,FY2024_Q4
LEIDOS,9,FY2024_Q4
"PEPSICO, INC.",9,FY2024_Q4
WESTERN UNION LLC,9,FY2024_Q4
MARLABS LLC.,9,FY2024_Q4
"FM PIZZA OF CARROLLWOOD, INC.",9,FY2024_Q4
JP LOGISTICS INC,9,FY2024_Q4
"DATADOG, INC.",9,FY2024_Q4
3I INFOTECH INC.,9,FY2024_Q4
STANDARD  POORS FINANCIAL SERVICES LLC,9,FY2024_Q4
RAILINC,9,FY2024_Q4
"AMERICAN WAGERING, INC.",9,FY2024_Q4
SOLIZE USA CORPORATION,9,FY2024_Q4
"DANA HEAVY VEHICLE SYSTEMS GROUP, LLC",9,FY2024_Q4
AOG RESOURCES LLC,9,FY2024_Q4
WEEE INC.,9,FY2024_Q4
"AMADEUS HOSPITALITY AMERICAS, INC.",9,FY2024_Q4
IT AMERICA INC,9,FY2024_Q4
"ATLANTIC PLANTS  BRICK, NJ",9,FY2024_Q4
GONDIM LAW CORPORATION,9,FY2024_Q4
SCHLUMBERGER TECHNOLOGY CORPORATION,9,FY2024_Q4
CARNEGIE MELLON UNIVERSITY,9,FY2024_Q4
DM EXPRESS INC,9,FY2024_Q4
TRACTOR SUPPLY COMPANY,9,FY2024_Q4
LIBERTY MUTUAL GROUP INC.,9,FY2024_Q4
PURDUE UNIVERSITY,9,FY2024_Q4
"KASTECH SOLUTIONS, LLC",9,FY2024_Q4
SAN DIEGO STATE UNIVERSITY,9,FY2024_Q4
KEYBANK NATIONAL ASSOCIATION,9,FY2024_Q4
"METLIFE GROUP, INC.",9,FY2024_Q4
THE QUEENS FLOWERS CORP,9,FY2024_Q4
"NATIONAL OILWELL VARCO, L.P.",9,FY2024_Q4
FLYSOFT INC,9,FY2024_Q4
SENSATA TECHNOLOGIES INC,9,FY2024_Q4
ENVISION HEALTHCARE CORPORATION,9,FY2024_Q4
UBS SECURITIES LLC,9,FY2024_Q4
ATLANTA TRADING  ENG CONSULTING LLC,9,FY2024_Q4
THE BANK OF NOVA SCOTIA,9,FY2024_Q4
ANADATA CONSULTING INC,9,FY2024_Q4
"BLUE YONDER, INC.",9,FY2024_Q4
SERVSYS CORPORATION,9,FY2024_Q4
VEN SOLUTIONS LLC,9,FY2024_Q4
"HAVEN CENTER,LLC",9,FY2024_Q4
"PRIME HEALTHCARE MANAGEMENT, INC",9,FY2024_Q4
CLOUD INFRA IT SOLUTIONS INC,9,FY2024_Q4
CAMELOT INTEGRATED SOLUTIONS INC,9,FY2024_Q4
"DATSON360, LLC",9,FY2024_Q4
"MEDALLIA, INC.",9,FY2024_Q4
MSKV TECHNOLOGIES INC,9,FY2024_Q4
BANNER MEDICAL GROUP,9,FY2024_Q4
GEORGIA STATE UNIVERSITY,9,FY2024_Q4
PRESBYTERIAN COMMINUTES OF SC,9,FY2024_Q4
WHITE COLLAR TECHNOLOGIES INC,9,FY2024_Q4
SIMPLIFY HEALTHCARE TECHNOLOGY,9,FY2024_Q4
ETOUCH SYSTEMS CORPORATION,9,FY2024_Q4
HAMPTON INN  SUITES,9,FY2024_Q4
SASAKI ASSOCIATES,9,FY2024_Q4
RAMA PAPERMILL LLC,9,FY2024_Q4
BLISS NAILS AND SPA INC,9,FY2024_Q4
"NIANTIC, INC",9,FY2024_Q4
"SOUTHEAST UTILITY CONSTRUCTION, LLC",9,FY2024_Q4
"LA COSECHA X, LLC",9,FY2024_Q4
"LA COSECHA IV, LLC",9,FY2024_Q4
"LA COSECHA XIV, LLC",9,FY2024_Q4
SOUTH STAR,9,FY2024_Q4
"L.K.L. ASSOCIATES, INC.",9,FY2024_Q4
QUADRANT RESOURCE LLC,9,FY2024_Q4
SELECT MINDS LLC,9,FY2024_Q4
"APOGEE MEDICAL GROUP, DELAWARE, INC.",9,FY2024_Q4
ELEVATE CARE,9,FY2024_Q4
1818 WESTERN LLC,9,FY2024_Q4
COM GA HOUSTON DULUTH LLC,9,FY2024_Q4
DEMIDA CORP.,9,FY2024_Q4
ICLOUD TECHNOLOGIES CORP.,9,FY2024_Q4
DK CROWN HOLDINGS INC.,9,FY2024_Q4
"HILL TOP HOME OF COMFORT, INC.",9,FY2024_Q4
"MEDSTAR MEDICAL GROUP II, LLC",9,FY2024_Q4
TEK LABS INC,9,FY2024_Q4
"NEMO IT SOLUTIONS, INC",9,FY2024_Q4
"STRATEGIC STAFFING SOLUTION, LC",8,FY2024_Q4
CAREER SOFT SOLUTIONS INC,8,FY2024_Q4
MEDIATEK USA INC.,8,FY2024_Q4
NORTHWESTERN MEMORIAL HEALTHCARE,8,FY2024_Q4
"DENKEN SOLUTIONS, INC.",8,FY2024_Q4
INDUS GROUP INC,8,FY2024_Q4
"INTERACTIVE COMMUNICATIONS INTERNATIONAL, INC.",8,FY2024_Q4
FIRST REPUBLIC BANK,8,FY2024_Q4
GE HEALTHCARE IITS USA CORP.,8,FY2024_Q4
CYMA SYSTEMS INC,8,FY2024_Q4
INFOTRAN ENGINEERS PC,8,FY2024_Q4
"MODIS, INC.",8,FY2024_Q4
CIGNITI TECHNOLOGIES INC,8,FY2024_Q4
Q2 SOFTWARE INC.,8,FY2024_Q4
BAANYAN SOFTWARE SERVICES INC.,8,FY2024_Q4
"ELECTRONIC ARTS, INC.",8,FY2024_Q4
SAS INSTITUTE INC.,8,FY2024_Q4
BAYER RESEARCH  DEVELOPMENT SERVICES LLC,8,FY2024_Q4
"LELAND STANFORD JR, UNIVERSITY",8,FY2024_Q4
SOLUTION IT,8,FY2024_Q4
"TM TRANSPORTATION SERVICES, LLC",8,FY2024_Q4
SOUTH SOUND INPATIENT PHYSICIANS,8,FY2024_Q4
COLORADO GOLF CLUB INC,8,FY2024_Q4
"THE POKEMON COMPANY INTERNATIONAL, INC.",8,FY2024_Q4
BANKERS HEALTHCARE GROUP,8,FY2024_Q4
TURO INC.,8,FY2024_Q4
MARSHFIELD CLINIC,8,FY2024_Q4
MURPHYBROWN LLC,8,FY2024_Q4
"ROCHE MOLECULAR SYSTEMS, INC.",8,FY2024_Q4
PARKER HANNIFIN CORPORATION,8,FY2024_Q4
SYMBOTIC LLC,8,FY2024_Q4
"ATKINS NORTH AMERICA, INC",8,FY2024_Q4
RICHLAND SCHOOL DISTRICT ONE,8,FY2024_Q4
"TURNER SERVICES, INC.",8,FY2024_Q4
ALLIANCE DAIRIES,8,FY2024_Q4
"TERADYNE, INC.",8,FY2024_Q4
FAIRFIELD COUNTY SCHOOL DISTRICT,8,FY2024_Q4
BARCLAYS BANK DELAWARE,8,FY2024_Q4
"SAVI TECHNOLOGIES, INC",8,FY2024_Q4
SG AMERICAS OPERATIONAL SERVICES LLC,8,FY2024_Q4
CIPHERNINE INC,8,FY2024_Q4
"SCHRILL TECHNOLOGIES, INC",8,FY2024_Q4
"SECUREWORKS, INC.",8,FY2024_Q4
LUSSOTECH LLC,8,FY2024_Q4
"ONLY IT CONSULTING, LLC",8,FY2024_Q4
"ALCON RESEARCH, LLC",8,FY2024_Q4
"ZOOM VIDEO COMMUNICATIONS, INC.",8,FY2024_Q4
EAST WEST BANK,8,FY2024_Q4
CONTINENTAL CASUALTY COMPANY,8,FY2024_Q4
FANNIE MAE,8,FY2024_Q4
"WERNER ENTERPRISES, INC.",8,FY2024_Q4
XMOTORS.AI INC.,8,FY2024_Q4
"YEREZHEPOVA LAW, P.C.",8,FY2024_Q4
WORLD JOINT CORP. DBA IACE TRAVEL,8,FY2024_Q4
"LA COSECHA COBB, LLC.",8,FY2024_Q4
"OPORTUN, INC.",8,FY2024_Q4
"NORTHERN STONE SUPPLY, INC.",8,FY2024_Q4
CNH INDUSTRIAL AMERICA LLC,8,FY2024_Q4
SQUARETRADE,8,FY2024_Q4
FLEXTRONICS INTERNATIONAL USA,8,FY2024_Q4
CHIME FINANCIAL INC.,8,FY2024_Q4
ROYAL CYBER INC,8,FY2024_Q4
ABBVIE INC.,8,FY2024_Q4
WILLIAM MARSH RICE UNIVERSITY,8,FY2024_Q4
BARCLAYS CAPITAL INC.,8,FY2024_Q4
"TEMENOS USA, INC.",8,FY2024_Q4
"SUPER MICRO COMPUTER, INC",8,FY2024_Q4
TECHNODRIVE BUSINESS SOLUTIONS INC,8,FY2024_Q4
"SYNAPTICS, INC",8,FY2024_Q4
PHILIPS NORTH AMERICA LLC,8,FY2024_Q4
SWA GROUP,8,FY2024_Q4
"CENTURION PRODUCTS, LLC",8,FY2024_Q4
HENRY FORD HEALTH SYSTEM,8,FY2024_Q4
"ASSOCIATED PHYSICIANS OF HMFPBIDMC, INC",8,FY2024_Q4
KEEN INFO TEK INC,8,FY2024_Q4
ACTIVE WIRELESS LLC,8,FY2024_Q4
"PAYCHEX NORTH AMERICA, INC.",8,FY2024_Q4
"DELOITTE TRANSACTIONS  BUSINESS ANALYTICS, LLP",8,FY2024_Q4
WHITE  CASE LLP,8,FY2024_Q4
MISSOURI STATE UNIVERSITY,8,FY2024_Q4
SAGITEC SOLUTIONS LLC,8,FY2024_Q4
"TAILORED SHARED SERVICES, LLC",8,FY2024_Q4
ZURICH AMERICAN INSURANCE COMPANY,8,FY2024_Q4
HYR GLOBAL SOURCE INC,8,FY2024_Q4
"MODERNATX, INC.",8,FY2024_Q4
"AFTERPAY US, INC.",8,FY2024_Q4
SILICON LABORATORIES INC.,8,FY2024_Q4
"HELLMUTH OBATA  KASSABAUM, INC.",8,FY2024_Q4
"CONTINENTAL TIRE THE AMERICAS, LLC",8,FY2024_Q4
TURNER CONSTRUCTION COMPANY,8,FY2024_Q4
NORTHWELL HEALTH,8,FY2024_Q4
"SCOTTIES BUILDING SERVICES, LLC",8,FY2024_Q4
ADVANCED RESOURCE STAFFING INC,8,FY2024_Q4
HALLMARK GLOBAL TECHNOLOGIES INC.,8,FY2024_Q4
SP TECH RESOURCES INC,8,FY2024_Q4
YANFENG INTERNATIONAL AUTOMOTIVE TECHNOLOGY US I L,8,FY2024_Q4
JAMES R GLIDEWELL DENTAL CERAMICS,8,FY2024_Q4
EATON CORPORATION,8,FY2024_Q4
QUEST GLOBAL SERVICES NA INC,8,FY2024_Q4
ROYAL EXPRESS INC,8,FY2024_Q4
"WISSCO IRRIGATION, INC.",8,FY2024_Q4
GEORGE MASON UNIVERSITY,8,FY2024_Q4
HU TIEU MY THO LLC,8,FY2024_Q4
MCKESSON CORPORATION,8,FY2024_Q4
ELLUCIAN COMPANY LP,8,FY2024_Q4
UL LLC,8,FY2024_Q4
"VEONEER US, LLC",8,FY2024_Q4
"ORION SYSTEMS INTEGRATORS, LLC",8,FY2024_Q4
PARAMOUNT GLOBAL,8,FY2024_Q4
WORLD FUEL SERVICES,8,FY2024_Q4
"EDIFECS, INC.",8,FY2024_Q4
ZF PASSIVE SAFETY SYSTEMS US INC,8,FY2024_Q4
SUNRISE OF NASHVILLE INC,8,FY2024_Q4
GSPANN TECHNOLOGIES INC.,8,FY2024_Q4
DEEBECON INC,8,FY2024_Q4
"LLX SOLUTIONS, LLC",8,FY2024_Q4
PMA CONSULTANTS LLC,8,FY2024_Q4
MESQUITE ISD,8,FY2024_Q4
IT DIVISION INC,8,FY2024_Q4
TAKEO TECH LLC,8,FY2024_Q4
"OM PARTNERS USA, INC.",8,FY2024_Q4
COVANT SOLUTIONS INC,8,FY2024_Q4
ARTECH LLC,8,FY2024_Q4
UWM,8,FY2024_Q4
LORHAN CORPORATION INC.,8,FY2024_Q4
QUIDDITY INFOTECH LLC,8,FY2024_Q4
ECLECTIC LOGISTICS LLC,8,FY2024_Q4
CBS 2500 OLD MILTON LLCCRAFT BURGER BY SHANE,8,FY2024_Q4
PT NOODLES HOLDINGS INC,8,FY2024_Q4
IT TRAILBLAZERS LLC,8,FY2024_Q4
DISCORD INC.,8,FY2024_Q4
THE UNIVERSITY OF GEORGIA,8,FY2024_Q4
UIPATHTEK LLC,8,FY2024_Q4
HANA HEALTH,8,FY2024_Q4
"FERMI RESEARCH ALLIANCE, LLC",8,FY2024_Q4
"CHUGH, LLP",8,FY2024_Q4
MACQUARIE HOLDINGS USA INC.,8,FY2024_Q4
N.S. INTERNATIONAL,8,FY2024_Q4
"RW MARINE CONSTRUCTION, INC.",8,FY2024_Q4
"COMPUTEK SOLUTIONS, INC",8,FY2024_Q4
"SOUTHVIEW DESIGN, INC",8,FY2024_Q4
"ABF PACKING, INC.",8,FY2024_Q4
"SCHNUCK MARKETS, INC.",8,FY2024_Q4
"CERTIFIED EROSION CONTROL OF NEW HAMPSHIRE, LLC",8,FY2024_Q4
LUCID SOFTWARE,8,FY2024_Q4
"GARDEN ISLE HEALTHCARE, LLC",8,FY2024_Q4
INFOTEK GROUPS INC,8,FY2024_Q4
"EMPOWER RETIREMENT, LLC",8,FY2024_Q4
IROBOT CORPORATION,8,FY2024_Q4
IT KEYSOURCE INC,8,FY2024_Q4
"MEDIDATA SOLUTIONS, INC",8,FY2024_Q4
RELIACARE LTD,8,FY2024_Q4
"LA COSECHA XIII, LLC",8,FY2024_Q4
SVATS INC,8,FY2024_Q4
"VAGTHOLS RESIDENTIAL CARE CENTER, INC.",8,FY2024_Q4
BESTCARE ASSISTED LIVING,8,FY2024_Q4
CLOUD HUB IT SOLUTIONS INC,8,FY2024_Q4
"LA COSECHA POWDER SPRINGS, LLC",8,FY2024_Q4
"GREEN TEAMS, INC.",8,FY2024_Q4
"HAN AH REUM MART, INC",8,FY2024_Q4
"P2P SOFTTEK, LLC",8,FY2024_Q4
EAST GATE DONUT LLC,8,FY2024_Q4
KU FORMING INC,8,FY2024_Q4
"NTHRIVE, INC.",8,FY2024_Q4
TECHSMART GLOBAL INC,8,FY2024_Q4
SIRA CONSULTING INC,8,FY2024_Q4
TECHNIPROS LLC,8,FY2024_Q4
"VYTS, INC.",8,FY2024_Q4
"UNIGO, INC",8,FY2024_Q4
SIRI INFOSOLUTIONS INC,8,FY2024_Q4
"SAGARSOFT, INC",8,FY2024_Q4
"SATURN FIVE NURSERY, LLC DBA THE GOOD EARTH",8,FY2024_Q4
VIRAT SOLUTIONS INC,7,FY2024_Q4
ARISTOCRAT TECHNOLOGIES INC.,7,FY2024_Q4
"RINGCENTRAL, INC.",7,FY2024_Q4
FIRST OBJECT INC,7,FY2024_Q4
IN HOME PERSONAL SERVICES,7,FY2024_Q4
"ALTERNATIVE HOME CARE, LTD.",7,FY2024_Q4
"JOHNSON  JOHNSON SERVICES, INC.",7,FY2024_Q4
COREWELL HEALTH,7,FY2024_Q4
"SVK SYSTEMS, INC.",7,FY2024_Q4
CSC COVANSYS CORPORATION,7,FY2024_Q4
SPARKSOFT CORPORATION,7,FY2024_Q4
ELI LILLY AND COMPANY,7,FY2024_Q4
CHARLOTTEMECKLENBURG SCHOOLS,7,FY2024_Q4
CLEVELAND CLINIC FOUNDATION,7,FY2024_Q4
SUNRAISE TECHNOLOGIES INC,7,FY2024_Q4
"TRACELINK, INC.",7,FY2024_Q4
"HCA MANAGEMENT SERVICES, LP",7,FY2024_Q4
MORGAN STANLEY SMITH BARNEY LLC,7,FY2024_Q4
DELART TECHNOLOGY SERVICES LLC,7,FY2024_Q4
"NOVAVAX, INC",7,FY2024_Q4
"ATOS IT SOLUTIONS  SERVICES, INC.",7,FY2024_Q4
"SIEMENS GAMESA RENEWABLE ENERGY, INC.",7,FY2024_Q4
DPS GROUP INC.,7,FY2024_Q4
"STARKEY LABORATORIES, INC.",7,FY2024_Q4
EXELON BUSINESS SERVICES COMPANY,7,FY2024_Q4
"RYDER SYSTEM, INC.",7,FY2024_Q4
BANK OF THE WEST,7,FY2024_Q4
TRUMINDS TECHNOLOGIES INC,7,FY2024_Q4
WESTGATE SHELLWORLD INC,7,FY2024_Q4
BANCO SANTANDER INTERNATIONAL,7,FY2024_Q4
"CITICORP CREDIT SERVICES, INC. USA",7,FY2024_Q4
"EIS GROUP, INC.",7,FY2024_Q4
MEDIDATA SOLUTIONS,7,FY2024_Q4
THINKINTERNATIONAL LLC,7,FY2024_Q4
"SYSDIG, INC.",7,FY2024_Q4
APPLIED COMPUTER TECHNIQUES,7,FY2024_Q4
"ACTALENT SERVICES, LLC",7,FY2024_Q4
BACTOLAC PHARMACEUTICAL INC,7,FY2024_Q4
INFOSTRETCH CORPORATION,7,FY2024_Q4
LAZARD FRERES  CO. LLC.,7,FY2024_Q4
VISIONET SYSTEMS INC,7,FY2024_Q4
KR3 INFORMATION SYSTEMS INC,7,FY2024_Q4
"LEXISNEXIS RISK SOLUTIONS, INC.",7,FY2024_Q4
ARTHUR J. GALLAGHER SERVICE COMPANY,7,FY2024_Q4
EXCELON SOUTIONS LLC,7,FY2024_Q4
"HEALTHEDGE SOFTWARE, INC.",7,FY2024_Q4
DRISHTICON,7,FY2024_Q4
"MAGIC LEAP, INC.",7,FY2024_Q4
MOLDED FIBER GLASS COMPANY  NORTH CAROLINA,7,FY2024_Q4
CONTINENTAL AUTONOMOUS MOBILITY US LLC,7,FY2024_Q4
NILE GLOBAL INC.,7,FY2024_Q4
"KATHLEEN OCONNELL RACING STABLES, INC.",7,FY2024_Q4
"TD BANK, N.A.",7,FY2024_Q4
SOPHOS INC,7,FY2024_Q4
"THORNTON TOMASETTI, INC.",7,FY2024_Q4
"TURNER  TOWNSEND, INC.",7,FY2024_Q4
SAIPSIT INC,7,FY2024_Q4
"YUGABYTE, INC.",7,FY2024_Q4
"ZULILY, LLC",7,FY2024_Q4
"ITRON, INC.",7,FY2024_Q4
CONTEXTLOGIC INC,7,FY2024_Q4
HUDSON RIVER TRADING LLC,7,FY2024_Q4
"BG SEAFOOD, INC",7,FY2024_Q4
"INSPERITY SERVICES, LP",7,FY2024_Q4
RHEEM MANUFACTURING COMPANY,7,FY2024_Q4
AUBURN UNIVERSITY,7,FY2024_Q4
HANCE INC,7,FY2024_Q4
JOHN HANCOCK LIFE INSURANCE COMPANY U.S.A.,7,FY2024_Q4
"AXON ENTERPRISE, INC.",7,FY2024_Q4
"OASIS PROFESSIONAL MANAGEMENT GROUP, LTD.",7,FY2024_Q4
GARIMARK FOODS INC,7,FY2024_Q4
OREGON STATE UNIVERSITY,7,FY2024_Q4
THE OHIO UNIVERSITY,7,FY2024_Q4
"CSS PAYROLL CO., L.P.",7,FY2024_Q4
"POINT72, L.P.",7,FY2024_Q4
RELIANT VISION GROUP INC.,7,FY2024_Q4
PANASONIC AVIONICS CORPORATION,7,FY2024_Q4
BLINK HEALTH GROUP LLC,7,FY2024_Q4
M. ARTHUR GENSLER JR. AND ASSOCIATES INC.,7,FY2024_Q4
PENTANGLE TECH SERVICES LLC,7,FY2024_Q4
AVANI SYSTEMS INC,7,FY2024_Q4
EALEARN INC.,7,FY2024_Q4
"IXL LEARNING, INC.",7,FY2024_Q4
"FOX CABLE NETWORK SERVICES, LLC",7,FY2024_Q4
MYTHRI CONSULTING LLC,7,FY2024_Q4
STV INCORPORATED,7,FY2024_Q4
DISH NETWORK LLC,7,FY2024_Q4
"NESTL USA, INC.",7,FY2024_Q4
"PINDROP SECURITY, INC.",7,FY2024_Q4
"BRIVO SYSTEMS, LLC",7,FY2024_Q4
"LOGIC PLANET, INC",7,FY2024_Q4
"ALIGN TECHNOLOGY, INC.",7,FY2024_Q4
"HILTON DOMESTIC OPERATING COMPANY, INC.",7,FY2024_Q4
"FRANK AND FREDDY VENTURES, L.L.C.",7,FY2024_Q4
CLIENTSERVER TECHNOLOGY SOLUTIONS,7,FY2024_Q4
"EVICORE HEALTHCARE MSI, LLC DBA EVICORE HEALTHCARE",7,FY2024_Q4
COSTCO WHOLESALE CORPORATION,7,FY2024_Q4
DASSAULT SYSTEMES SIMULIA,7,FY2024_Q4
AGILEITSERVICE LLC,7,FY2024_Q4
FREEPORT MINERALS CORPORATION,7,FY2024_Q4
FLATIRON CONSTRUCTION,7,FY2024_Q4
"APPRIDAT SOLUTIONS, LLC",7,FY2024_Q4
"ISLAND LANDSCAPES, LLC DBA YARDWORKS",7,FY2024_Q4
WEBILENT TECHNOLOGY INC.,7,FY2024_Q4
"YASHCO SYSTEMS, INC.",7,FY2024_Q4
"CLARI, INC",7,FY2024_Q4
"F5, INC.",7,FY2024_Q4
"VANDERLANDE INDUSTRIES, INC.",7,FY2024_Q4
"PENSKE LOGISTICS, LLC",7,FY2024_Q4
COOLSOFT LLC,7,FY2024_Q4
INVENTURE CAPITAL CORPORATION DBA TALA,7,FY2024_Q4
"IDEXX LABORATORIES, INC.",7,FY2024_Q4
CHEVRON CORPORATION,7,FY2024_Q4
JONATHANS INC,7,FY2024_Q4
N. C. STATE UNIVERSITY,7,FY2024_Q4
ADT LLC,7,FY2024_Q4
VEN SOFT LLC,7,FY2024_Q4
"UPGRADE, INC.",7,FY2024_Q4
"SPORTIME CLUBS, LLC",7,FY2024_Q4
PENFED CREDIT UNION,7,FY2024_Q4
GYANSYS INC,7,FY2024_Q4
INFINERA CORPORATION,7,FY2024_Q4
PARKVIEW MEDICAL CENTER INC.,7,FY2024_Q4
"MCLANE SUNEAST, INC.",7,FY2024_Q4
MEDITERRANEAN SHIPPING COMPANY USA INC.,7,FY2024_Q4
"DUCK CREEK TECHNOLOGIES, LLC",7,FY2024_Q4
CLIMATE LLC,7,FY2024_Q4
TECHNOSOFT GROUP INC,7,FY2024_Q4
"LX HAUSYS AMERICA, INC.",7,FY2024_Q4
"BIOGEN, INC.",7,FY2024_Q4
ACEQUEST CORPORATION,7,FY2024_Q4
UNIVERSITY OF PITTSBURGH PHYSICIANS,7,FY2024_Q4
BNP PARIBAS RCC,7,FY2024_Q4
ARROW ELECTRONICS,7,FY2024_Q4
SANFORD CLINIC NORTH,7,FY2024_Q4
SYMPHONY CORPORATION,7,FY2024_Q4
TOSHIBA GLOBAL COMMERCE SOLUTIONS INC,7,FY2024_Q4
"AHEAD, INC",7,FY2024_Q4
DICKS SPORTING GOODS,7,FY2024_Q4
ILINK SOLUTIONS INC,7,FY2024_Q4
MAGNA POWERTRAIN OF AMERICA INC.,7,FY2024_Q4
"TAPESTRY, INC.",7,FY2024_Q4
"SANTANDER CONSUMER USA, INC",7,FY2024_Q4
THE DEVEREUX FOUNDATION,7,FY2024_Q4
PENUMBRA INC.,7,FY2024_Q4
"MERITIOUS SERVICES, INC.",7,FY2024_Q4
APERION CARE OAK LAWN,7,FY2024_Q4
IOWA SELECT FARMS,7,FY2024_Q4
MISSISSIPPI STATE UNIVERSITY,7,FY2024_Q4
ETEK IT SOLUTIONS INC,7,FY2024_Q4
AGILETAL TECHNOLOGIES INC,7,FY2024_Q4
THE NEW YORK TIMES COMPANY,7,FY2024_Q4
"VINTAGE CLEANING CORP, INC.",7,FY2024_Q4
"WESTWAYS STAFFING SERVICES, INC",7,FY2024_Q4
VALERO ENERGY CORPORATION,7,FY2024_Q4
"CALIFORNIA STATE UNIVERSITY, SACRAMENTO",7,FY2024_Q4
WWEX FRANCHISE HOLDINGS LLC,7,FY2024_Q4
SMARTSOFT INTERNATIONAL INC,7,FY2024_Q4
WARREN COMMUNITY HOSP DBA NORTH VALLEY HEALTH CTR,7,FY2024_Q4
AFLAC OF COLUMBUS,7,FY2024_Q4
QUINNOX INC.,7,FY2024_Q4
"JACOBS ENGINEERING GROUP, INC.",7,FY2024_Q4
CATERPILLAR INC.,7,FY2024_Q4
"CRISPR THERAPEUTICS, INC.",7,FY2024_Q4
EVEREST TECHNOLOGIES INC.,7,FY2024_Q4
"PERKINS  WILL, INC.",7,FY2024_Q4
"NEW DIMENSIONS OUTDOOR SERVICES, INC.",7,FY2024_Q4
LENDISTRY,7,FY2024_Q4
NOESYS INC,7,FY2024_Q4
"HDR ENGINEERING, INC.",7,FY2024_Q4
"WOODLOCH PINES, INC",7,FY2024_Q4
"AVIATRIX SYSTEMS, INC.",7,FY2024_Q4
"MEDIMPACT HEALTHCARE SYSTEMS, INC.",7,FY2024_Q4
SINGULAR ANALYSTS INC.,7,FY2024_Q4
ALFA LAVAL INC.,7,FY2024_Q4
NORTH DAKOTA STATE UNIVERSITY,7,FY2024_Q4
CLOUDNINE TEK LLC,7,FY2024_Q4
"VLINK, INC.",7,FY2024_Q4
"AGILYSYS NV, LLC",7,FY2024_Q4
"AKKODIS, INC. FKA MODIS, INC.",7,FY2024_Q4
THE HERTZ CORPORATION,7,FY2024_Q4
"NORDSTROM, INC.",7,FY2024_Q4
"SOUND PHYSICIANS OF ILLINOIS, LLC",7,FY2024_Q4
SRI SOFTWARE SOLUTIONS,7,FY2024_Q4
SAFE MOVERS INC.,7,FY2024_Q4
ADPMN INC,7,FY2024_Q4
ALLOUSH LLC,7,FY2024_Q4
GREYCELL LABS INC,7,FY2024_Q4
"GOODBY, SILVERSTEIN  PARTNERS INC.",7,FY2024_Q4
LIFESPAN PHYSICAN GROUP,7,FY2024_Q4
"LILIHA KUPUNA SNF, LLC",7,FY2024_Q4
ALEKTAX  MORE INC.,7,FY2024_Q4
"COLUMBUS TECHNOLOGY SOLUTIONS, INC.",7,FY2024_Q4
DREAMSCAPES LAWN MAINTENANCE CO INC,7,FY2024_Q4
RAKS GROUP LLC,7,FY2024_Q4
MAXOTECH SOLUTIONS LLC,7,FY2024_Q4
"OPEN SYSTEMS INTERNATIONAL, INC",7,FY2024_Q4
NORTHERN ARIZONA UNIVERSITY,7,FY2024_Q4
"NOHA, INC.",7,FY2024_Q4
QUEST IT SOLUTIONS INC,7,FY2024_Q4
WEBER STATE UNIVERSITY,7,FY2024_Q4
SOFTPATH TECHNOLOGIES LLC,7,FY2024_Q4
STRUM RESIDENCE DBA ROLLING MEADOWS OF STRUM,7,FY2024_Q4
PERFECT FOOD AND GAS 1 INC,7,FY2024_Q4
CANTELE TENT RENTALS LLC,7,FY2024_Q4
CAMDENCLARK PHYSICIAN CORPORATION,7,FY2024_Q4
BEST OF THE BEST CLEANING AND SERVICES INC.,7,FY2024_Q4
LANDSCAPE EAST  WEST,7,FY2024_Q4
CAERUSGLOBAL INC,7,FY2024_Q4
ISOLVETECHNOLOGY INC,7,FY2024_Q4
GLOBAL LENDING SERVICES LLC,7,FY2024_Q4
"DEVINE HOME CARE, INC.",7,FY2024_Q4
COMMUNITY COUNSELING  MEDIATION,7,FY2024_Q4
"LA COSECHA GRIFFIN, LLC",7,FY2024_Q4
"LA COSECHA VIII, LLC",7,FY2024_Q4
"ECOSCAPE SOLUTIONS GROUP, LLC",7,FY2024_Q4
UNIVERSITY OF KANSAS,7,FY2024_Q4
TIMESQUARE IT INC,7,FY2024_Q4
SO SO FRESH SUSHI LLC,7,FY2024_Q4
"NEW YORK TECHNOLOGY PARTNERS, INC.",7,FY2024_Q4
SATHRAM CORPORATION,7,FY2024_Q4
PROJECT MANAGEMENT INSTITUTE,7,FY2024_Q4
"A. F. SECOR NURSERY, LLC",7,FY2024_Q4
BI LABS INC,6,FY2024_Q4
BOSE CORPORATION,6,FY2024_Q4
"NOVARTIS INSTITUTES FOR BIOMEDICAL RESEARCH, INC.",6,FY2024_Q4
NORTHEASTERN UNIVERSITY,6,FY2024_Q4
FIRST HORIZON BANK,6,FY2024_Q4
"FRIENDLY CONSULTANTS, INC.",6,FY2024_Q4
ORIONTEK INC,6,FY2024_Q4
"PRA GROUP, INC.",6,FY2024_Q4
SEOHAN AUTO USA CORPORATION,6,FY2024_Q4
"SIX CONTINENTS HOTELS, INC.",6,FY2024_Q4
"SSATECH, INC",6,FY2024_Q4
SOURCEINFOTECH INC.,6,FY2024_Q4
AVANSA IT SOLUTIONS LLC,6,FY2024_Q4
"JUUL LABS, INC.",6,FY2024_Q4
STIAOS TECHNOLOGIES INC,6,FY2024_Q4
SK HYNIX MEMORY SOLUTIONS AMERICA INC.,6,FY2024_Q4
DELOITTE SERVICES LP,6,FY2024_Q4
"TRIPACTIONS, INC.",6,FY2024_Q4
NEUBERGER BERMAN GROUP LLC,6,FY2024_Q4
"MARRIOTT INTERNATIONAL, INC.",6,FY2024_Q4
R2 TECHNOLOGIES CORPORATION,6,FY2024_Q4
TOP EDGE TECHNOLOGY INC,6,FY2024_Q4
LABCORP DRUG DEVELOPMENT INC.,6,FY2024_Q4
"QUANTUMSCAPE BATTERY, INC.",6,FY2024_Q4
NEK PIZZA ENTERPRISES INC,6,FY2024_Q4
"BAY AREA MAID SERVICES, LLC",6,FY2024_Q4
"FTI, LLC",6,FY2024_Q4
FRESHWORKS INC.,6,FY2024_Q4
"SCALEFLUX, INC",6,FY2024_Q4
RUSH UNIVERSITY MEDICAL CENTER,6,FY2024_Q4
AVANADE,6,FY2024_Q4
AMERISOFTPRO SYSTEMS LLC,6,FY2024_Q4
SIEMENS MOBILITY INC,6,FY2024_Q4
"AVEVA SOFTWARE, LLC",6,FY2024_Q4
"HIGHSPOT, INC.",6,FY2024_Q4
INTEGRATION APPLIANCE,6,FY2024_Q4
INNOMINDS SOFTWARE,6,FY2024_Q4
"GLOBAL BRIDGE INFOTECH, INC.",6,FY2024_Q4
HEB,6,FY2024_Q4
"JAZZ PHARMACEUTICALS, INC.",6,FY2024_Q4
UNIVERSITY OF ILLINOIS AT URBANACHAMPAIGN,6,FY2024_Q4
SIERRA CONSULTING INC,6,FY2024_Q4
AKUNA CAPITAL LLC,6,FY2024_Q4
XORIANT CORPORATION,6,FY2024_Q4
THE CHILDRENS MERCY HOSPITAL,6,FY2024_Q4
"THALES DIS USA, INC",6,FY2024_Q4
UPWORK INC.,6,FY2024_Q4
VETERANS UNITED HOME LOANS,6,FY2024_Q4
BLOOM ENERGY,6,FY2024_Q4
IPOLARITY LLC,6,FY2024_Q4
"UNITED HEALTHCARE SERVICES, INC.",6,FY2024_Q4
UNIVERSITY OF TEXAS AT ARLINGTON,6,FY2024_Q4
SUMITOMO MITSUI BANKING CORPORATION,6,FY2024_Q4
DATA SOLUTIONS INC.,6,FY2024_Q4
COVETIT INC,6,FY2024_Q4
ENIAC SYSTEMS INC,6,FY2024_Q4
"AMPLITUDE, INC.",6,FY2024_Q4
CDW LLC,6,FY2024_Q4
TEKHQS INC,6,FY2024_Q4
STITCH FIX INC,6,FY2024_Q4
FREEDOM MORTGAGE,6,FY2024_Q4
PAVANE SOLUTIONS INC,6,FY2024_Q4
FERROVIAL CONSTRUCTION US CORP.,6,FY2024_Q4
AMICA MUTUAL INSURANCE COMPANY,6,FY2024_Q4
NETLINE TECHNOLOGIES LLC,6,FY2024_Q4
ALLIANCE FOR SUSTAINABLE ENERGY LLC,6,FY2024_Q4
INSPIRAGE LLC,6,FY2024_Q4
JABIL INC.,6,FY2024_Q4
"SPIRENT COMMUNICATIONS, INC.",6,FY2024_Q4
ZIFO TECHNOLOGIES INC,6,FY2024_Q4
REFINITIV US LLC,6,FY2024_Q4
PRIMORIS SYSTEMS LLC,6,FY2024_Q4
"WARGAMING USA, INC.",6,FY2024_Q4
WAVICLE DATA SOLUTIONS LLC,6,FY2024_Q4
ACCUTAR BIOTECHNOLOGY INC.,6,FY2024_Q4
TG STEAK LLC DBA VILLABRAZIL,6,FY2024_Q4
FEATHERSTON PARTNERS LLC,6,FY2024_Q4
"HOULIHAN LOKEY, INC.",6,FY2024_Q4
"HERE NORTH AMERICA, LLC",6,FY2024_Q4
PANTAR SOLUTIONS INC,6,FY2024_Q4
PI SQUARE TECHNOLOGIES LLC,6,FY2024_Q4
COMPONENT MANUFACTURING COMPANY,6,FY2024_Q4
ICAHN SCHOOL OF MEDICINE AT MOUNT SINAI,6,FY2024_Q4
"NEXUS IT, INC",6,FY2024_Q4
ACTIVECAMPAIGN,6,FY2024_Q4
ALLIANZ TECHNOLOGY OF AMERICA INC.,6,FY2024_Q4
SHARKNINJA OPERATING LLC,6,FY2024_Q4
SHARED TECHNOLOGY SERVICES GROUP,6,FY2024_Q4
"QUALCOMM INNOVATION CENTER, INC.",6,FY2024_Q4
"ELIASSEN GROUP, LLC",6,FY2024_Q4
HKS INC.,6,FY2024_Q4
"INTEL FEDERAL, INC.",6,FY2024_Q4
GUIDEHOUSE INC.,6,FY2024_Q4
IQLOGG INC.,6,FY2024_Q4
"WALTER P. MOORE AND ASSOCIATES, INC.",6,FY2024_Q4
"ALKERMES, INC.",6,FY2024_Q4
DONSINO ENTERPRISES LLC,6,FY2024_Q4
MICROMAN INC,6,FY2024_Q4
AMBARELLA CORP,6,FY2024_Q4
VOLKSWAGEN OF AMERICA,6,FY2024_Q4
"THUMBTACK, INC.",6,FY2024_Q4
"YOH, A DAY  ZIMMERMANN COMPANY",6,FY2024_Q4
VA DEPARTMENT OF TRANSPORTATION,6,FY2024_Q4
CGG SERVICES U.S. INC.,6,FY2024_Q4
"DIMENSIONAL FUND ADVISORS, LP",6,FY2024_Q4
ROUSH MANAGEMENT LLC,6,FY2024_Q4
"PARSONS TRANSPORTATION GROUP, INC.",6,FY2024_Q4
PIRAMAL PHARMA SOLUTIONS INC,6,FY2024_Q4
LEVEL 3 COMMUNICATIONS LLC,6,FY2024_Q4
"MEDPACE, INC.",6,FY2024_Q4
PYRAMID CONSULTING INC.,6,FY2024_Q4
ISOFTECH INC,6,FY2024_Q4
ATHENE ANNUITY AND LIFE COMPANY,6,FY2024_Q4
AKVELON INC.,6,FY2024_Q4
DATANORMUS LLC,6,FY2024_Q4
OCCIDENTAL PETROLEUM CORP,6,FY2024_Q4
"ALPS ALPINE NORTH AMERICA, INC.",6,FY2024_Q4
"EBIX, INC.",6,FY2024_Q4
"AIG EMPLOYEE SERVICES, INC.",6,FY2024_Q4
"CALIFORNIA STATE UNIVERSITY, FULLERTON",6,FY2024_Q4
"NESTL REGIONAL GLOBE OFFICE NORTH AMERICA, INC.",6,FY2024_Q4
SDH SYSTEMS LLC,6,FY2024_Q4
"JONES LANG LASALLE AMERICAS, INC.",6,FY2024_Q4
"STMICROELECTRONICS, INC.",6,FY2024_Q4
ZAI GLOBAL INC,6,FY2024_Q4
DB GLOBAL TECHNOLOGY,6,FY2024_Q4
EQUITABLE FINANCIAL LIFE INSURANCE COMPANY,6,FY2024_Q4
UNIVERSITY OF TENNESSEE HEALTH SCIENCE CENTER,6,FY2024_Q4
"REVANCE THERAPEUTICS, INC.",6,FY2024_Q4
"UDEMY, INC.",6,FY2024_Q4
"CONCORD, INC.",6,FY2024_Q4
"MOHAWK INDUSTRIES, INC.",6,FY2024_Q4
"CYBERTHINK, INC.",6,FY2024_Q4
"CONN APPLIANCES, INC.",6,FY2024_Q4
BNP PARIBAS SECURITIES CORP,6,FY2024_Q4
SMS EXPRESS LLC,6,FY2024_Q4
THE HUNTINGTON NATIONAL BANK,6,FY2024_Q4
GANDARA MENTAL HEALTH CENTER INC.,6,FY2024_Q4
HERNANDEZ CONCRETE  CONSTRUCTION LLC,6,FY2024_Q4
ADTALEM GLOBAL EDUCATION INC.,6,FY2024_Q4
"INTUITION EMPLOYMENT, LLC",6,FY2024_Q4
"NATIONAL GRID USA SERVICE COMPANY, INC.",6,FY2024_Q4
"NESS USA, INC.",6,FY2024_Q4
"FLEETCOR TECHNOLOGIES, INC.",6,FY2024_Q4
APPLICATIONS SOFTWARE TECHNOLOGY LLC,6,FY2024_Q4
DANFOSS LLC,6,FY2024_Q4
CNN IT CORP INC.,6,FY2024_Q4
"TECHNOSOFT ENGINEERING, INC.",6,FY2024_Q4
"SPANISH FOR FUN, INC.",6,FY2024_Q4
"IQVIA RDS, INC",6,FY2024_Q4
"LG ENERGY SOLUTION MICHIGAN, INC.",6,FY2024_Q4
ARMANINO LLP,6,FY2024_Q4
THE ALLEN INSTITUTE FOR ARTIFICIAL INTELLIGENCE,6,FY2024_Q4
CVS RX SERVICES INC,6,FY2024_Q4
HEALTH CARE SERVICE CORP.,6,FY2024_Q4
"FAT AND BROKE INC.,DBA GAMER LOGISTICS",6,FY2024_Q4
"PROS, INC",6,FY2024_Q4
"FMWB, INC",6,FY2024_Q4
HRB PROFESSIONAL RESOURCES LLC,6,FY2024_Q4
"SOLARWINDS WORLDWIDE, LLC",6,FY2024_Q4
YAM HOSPITALITY LLC,6,FY2024_Q4
LOANDEPOT,6,FY2024_Q4
EXA DATA SOLUTIONS INC,6,FY2024_Q4
XPO ENTERPRISE SERVICES LLC,6,FY2024_Q4
TANISHA SYSTEMS INC,6,FY2024_Q4
HIKMA PHARMACEUTICALS USA INC.,6,FY2024_Q4
SANTA FE PUBLIC SCHOOLS,6,FY2024_Q4
XAVIENT DIGITAL LLC,6,FY2024_Q4
CDM SMITH INC.,6,FY2024_Q4
NEBRASKA FURNITURE MART,6,FY2024_Q4
INVITAE CORPORATION,6,FY2024_Q4
TISTA SCIENCE AND TECHNOLOGY,6,FY2024_Q4
TRADEWEB MARKETS LLC,6,FY2024_Q4
BLUE CROSS AND BLUE SHIELD OF ALABAMA,6,FY2024_Q4
IYAHO SOCIAL SERVICES INC.,6,FY2024_Q4
STANDARD CHARTERED BANK,6,FY2024_Q4
INGRAM MICRO,6,FY2024_Q4
"PROCARE PHARMACY, LLC",6,FY2024_Q4
KELLS FARMS,6,FY2024_Q4
"LEANTAAS, INC.",6,FY2024_Q4
"POPULUS GROUP, LLC",6,FY2024_Q4
LGC GLOBAL INC,6,FY2024_Q4
"AVVENTIS TECH, INC.",6,FY2024_Q4
"FULL CARE OF INDIANAPOLIS, INC",6,FY2024_Q4
COTIVITI INC,6,FY2024_Q4
"SUNGOR TRANSPORTATION, INC",6,FY2024_Q4
SUNPOWER CORPORATION,6,FY2024_Q4
"UIPATH, INC",6,FY2024_Q4
KLASSENS CONSTRUCTION,6,FY2024_Q4
VITECH SYSTEMS GROUP,6,FY2024_Q4
"EXATECH, INC.",6,FY2024_Q4
FUYAO GLASS AMERICA INC.,6,FY2024_Q4
"DEUTSCHE BANK SECURITIES, INC.",6,FY2024_Q4
HARNESS INC,6,FY2024_Q4
"GREEN MAPLE LAW GROUP, APC.",6,FY2024_Q4
AMERICAN GENERAL LIFE INSURANCE COMPANY,6,FY2024_Q4
VIETWELL CORPORATION,6,FY2024_Q4
DELTA DENTAL OF CALIFORNIA,6,FY2024_Q4
AMERICAN IT SOLUTIONS INC,6,FY2024_Q4
DOMINOS PIZZA INC.,6,FY2024_Q4
"EXP U.S. SERVICES, INC.",6,FY2024_Q4
GOURMET CHEFS II LLC DBA TABLA WINTER PARK,6,FY2024_Q4
"PAUL, WEISS, RIFKIND, WHARTON  GARRISON LLP",6,FY2024_Q4
10BITS LLC,6,FY2024_Q4
METALSA STRUCTURAL PRODUCTS,6,FY2024_Q4
"POWER COSTS, INC",6,FY2024_Q4
GSI POOL FINISHES INC.,6,FY2024_Q4
"URBAN OUTFITTERS, INC.",6,FY2024_Q4
"MAVIN TECHNOLOGIES,INC",6,FY2024_Q4
CAPRUS IT INC,6,FY2024_Q4
UNIVERSITY OF COLORADO,6,FY2024_Q4
ASPEN ELECTRONICS MANUFACTURING INC,6,FY2024_Q4
"PLUME DESIGN, INC.",6,FY2024_Q4
"CUBIST SYSTEMATIC STRATEGIES, LLC",6,FY2024_Q4
AMERITAS LIFE INSURANCE CORPORATION,6,FY2024_Q4
CASSADAY FARMS,6,FY2024_Q4
INTERPRO INC.,6,FY2024_Q4
PAREXEL INTERNATIONAL,6,FY2024_Q4
"EVERCORE PARTNERS SERVICES EAST, LLC",6,FY2024_Q4
CLOUD CENTRIC INC,6,FY2024_Q4
TRANSAMERICA LIFE INSURANCE COMPANY,6,FY2024_Q4
"BENCHLING, INC.",6,FY2024_Q4
AUSTIN INDEPENDENT SCHOOL DISTRICT,6,FY2024_Q4
CUC. LLC,6,FY2024_Q4
VBRIDGEIT INC,6,FY2024_Q4
DIZER CORP,6,FY2024_Q4
SG AMERICAS SECURITIES LLC,6,FY2024_Q4
"SWANKTEK, INC",6,FY2024_Q4
THE ADMINISTRATORS OF THE TULANE EDUCATIONAL FUND,6,FY2024_Q4
BENEDICTINE HEALTH SYSTEM,6,FY2024_Q4
"SSC TECHNOLOGIES, INC.",6,FY2024_Q4
"SOHUM SYSTEMS, LLC.",6,FY2024_Q4
PRIAMBA SOFT LLC,6,FY2024_Q4
"TOHAJIILEE COMMUNITY SCHOOL BOARD OF EDUCATION,INC",6,FY2024_Q4
"ANCESTRY.COM OPERATIONS, INC.",6,FY2024_Q4
AMAZING GRACE THAI FOOD INC,6,FY2024_Q4
"GANNETT FLEMING, INC.",6,FY2024_Q4
Q9 SOFTWARE LLC,6,FY2024_Q4
JIMENEZ CLEANING,6,FY2024_Q4
RUDY MUTOMBO BUSINESS COACHING LLC,6,FY2024_Q4
MSCI INC.,6,FY2024_Q4
GREAT AMERICAN INSURANCE COMPANY,6,FY2024_Q4
COLECTRON TAX SERVICES LLC,6,FY2024_Q4
"ISAACS MOVING  STORAGE, INC.",6,FY2024_Q4
"FUSION LIFE SCIENCES TECHNOLOGIES, LLC",6,FY2024_Q4
"RENT THE RUNWAY, INC.",6,FY2024_Q4
NGTALENTTECH GROUP LLC,6,FY2024_Q4
IM SOLUTIONS INC,6,FY2024_Q4
ADVANTAGE TRUCK GROUP LLC,6,FY2024_Q4
EVERGREEN PROPERTY MANAGEMENT,6,FY2024_Q4
"LANHAN CONTRACTORS, INC.",6,FY2024_Q4
CHAI STOP RESTAURANT  LOUNGE LLC,6,FY2024_Q4
JYS TOTAL LAWN CARE INC,6,FY2024_Q4
TEKINVADERZ LLC,6,FY2024_Q4
BOWMAN INTERNATIONAL SCHOOL,6,FY2024_Q4
"BLAKE LANDSCAPES, INC.",6,FY2024_Q4
DATAQUEST CORP,6,FY2024_Q4
GLOBAL SOFT TECHNOLOGIES LLC,6,FY2024_Q4
"GRAIL, LLC",6,FY2024_Q4
"GROUP HEALTH PLAN, INC.",6,FY2024_Q4
"CIRQUETECH GROUP, INC.",6,FY2024_Q4
OH MAI DOWNTOWN INC,6,FY2024_Q4
NIELSEN CONSUMER LLC,6,FY2024_Q4
"LA COSECHA, INC.",6,FY2024_Q4
"RAPIDIT, INC.",6,FY2024_Q4
"WEST PHARMACEUTICAL SERVICES, INC.",6,FY2024_Q4
"PROPHECY CONSULTING, INC.",6,FY2024_Q4
"PATREON, INC.",6,FY2024_Q4
WTI HOLDINGS LLC,6,FY2024_Q4
SAN FRANCISCO HEALTH CARE AND REHAB INC.,6,FY2024_Q4
AVS SOLUTIONS INC,6,FY2024_Q4
EXECUTIVE SOFTWARE GUILD INC,6,FY2024_Q4
ECLAT SOLUTIONS LLC,6,FY2024_Q4
AROHAK INC,6,FY2024_Q4
CHADWICK RILEY CORPORATION,6,FY2024_Q4
"LA COSECHA III, LLC",6,FY2024_Q4
"COPART, INC.",6,FY2024_Q4
SABOR A MEXICO 2 INC,6,FY2024_Q4
KUEBIKO INC,6,FY2024_Q4
TEKHUB INC.,6,FY2024_Q4
TETRA PAK INC.,6,FY2024_Q4
OPENCLOUD IT SOLUTIONS INC,6,FY2024_Q4
TAS PAINTING INC,6,FY2024_Q4
GATORS DOCKSIDE OF MELBOURNE LLC,6,FY2024_Q4
VISTA APPLIED SOLUTIONS GROUP INC,6,FY2024_Q4
BLEND360 LLC,5,FY2024_Q4
ZF ACTIVE SAFETY AND ELECTRONICS US LLC,5,FY2024_Q4
VENTOIS INC,5,FY2024_Q4
"AMICABLE HEALTHCARE, INC.",5,FY2024_Q4
D2SOL INC,5,FY2024_Q4
INCEPT DATA SOLUTIONS INC.,5,FY2024_Q4
"FANATICS RETAIL GROUP FULFILLMENT, LLC",5,FY2024_Q4
"JANSSEN RESEARCH  DEVELOPMENT, LLC",5,FY2024_Q4
DELL MARKETING LP,5,FY2024_Q4
ITG TECHNOLOGIES INC,5,FY2024_Q4
HOPPER USA INC,5,FY2024_Q4
"FARM CREDIT SERVICES OF AMERICA, FLCA",5,FY2024_Q4
SNAP FINANCE,5,FY2024_Q4
ARCHER AVIATION INC,5,FY2024_Q4
STAR MARIANAS AIR,5,FY2024_Q4
CIMPRESS USA INCORPORATED,5,FY2024_Q4
"DASH TECHNOLOGIES, INC",5,FY2024_Q4
ACE AMERICAN INSURANCE COMPANY,5,FY2024_Q4
INTELLISOFT SYSTEMS LLC,5,FY2024_Q4
ICONIC INFOSYS,5,FY2024_Q4
KOHLER CO.,5,FY2024_Q4
"REPUBLIC SERVICES, INC.",5,FY2024_Q4
CODE ACE SOLUTIONS INC,5,FY2024_Q4
"STIVER ENGINEERING, INC.",5,FY2024_Q4
"QUALCOMM ATHEROS, INC.",5,FY2024_Q4
MARQUARDT SWITCHES INC.,5,FY2024_Q4
EBSCO PUBLISHING DBA EBSCO INFORMATION SERVICES,5,FY2024_Q4
MUTUAL OF OMAHA INSURANCE COMPANY,5,FY2024_Q4
INFOMATICS TECHNOLOGIES INC,5,FY2024_Q4
DRIVETIME SALES AND FINANCE,5,FY2024_Q4
"ELEKTA, INC.",5,FY2024_Q4
"COUCHBASE, INC.",5,FY2024_Q4
CLEAR STREET MANAGEMENT LLC,5,FY2024_Q4
"RWE RENEWABLES SERVICES, LLC",5,FY2024_Q4
"COMPASS LEXECON, LLC",5,FY2024_Q4
GRUBMARKET INC.,5,FY2024_Q4
NBCUNIVERSAL MEDIA LLC,5,FY2024_Q4
"ASHLEY FURNITURE INDUSTRIES, LLC",5,FY2024_Q4
MILLERCOORS LLC,5,FY2024_Q4
NATIONWIDE INSURANCE,5,FY2024_Q4
SHURE INCORPORATED,5,FY2024_Q4
SALLIE MAE BANK,5,FY2024_Q4
"ARUP US, INC.",5,FY2024_Q4
CHI ST. VINCENT HOSPITAL HOT SPRINGS,5,FY2024_Q4
"TIMECLOCK PLUS, LLC",5,FY2024_Q4
YUNEX LLC,5,FY2024_Q4
ICU MEDICAL INC.,5,FY2024_Q4
L.A. CARE HEALTH PLAN,5,FY2024_Q4
"WOVEN PLANET NORTH AMERICA, INC",5,FY2024_Q4
ESHOCAN LLC,5,FY2024_Q4
UNIVERSITY OF MISSISSIPPI MEDICAL CENTER,5,FY2024_Q4
SV RESIDENTIAL FACILITY,5,FY2024_Q4
"OAK GROVE VENTURES, LLC",5,FY2024_Q4
"BLACKHAWK NETWORK, INC.",5,FY2024_Q4
CHICAGO TRADING COMPANY,5,FY2024_Q4
"HAMPTON COFFEE COMPANY, INC.",5,FY2024_Q4
COGNITUS CONSULTING LLC,5,FY2024_Q4
"NATIONAL MEDICAL CARE, INC., A FRESENIUS MEDICAL C",5,FY2024_Q4
UNIFIED TECH GROUP INC,5,FY2024_Q4
VIZPLUM CORPORATION,5,FY2024_Q4
"STRATUS MERIDIAN, LLC",5,FY2024_Q4
VENSOFT INC,5,FY2024_Q4
ENLIVEN TECHNOLOGIES INC,5,FY2024_Q4
"ASCENT PHARMACEUTICALS, INC.",5,FY2024_Q4
"CRADLEPOINT, INC",5,FY2024_Q4
"MCDERMOTT, INC.",5,FY2024_Q4
"KDE EQUINE, LLC DBA STEVE ASMUSSEN RACING STABLE",5,FY2024_Q4
GRAB TECHNOLOGY LLC,5,FY2024_Q4
FIVETRAN INC.,5,FY2024_Q4
BLOOMREACH,5,FY2024_Q4
PILOT TRAVEL CENTERS LLC,5,FY2024_Q4
"RENAISSANCE LEARNING, INC.",5,FY2024_Q4
"TANGO MANAGEMENT CONSULTING, LLC.",5,FY2024_Q4
AMSOFT CORP,5,FY2024_Q4
PULSE NETWORK LLC,5,FY2024_Q4
"FEDEX FREIGHT, INC.",5,FY2024_Q4
GENSCRIPT USA INC.,5,FY2024_Q4
APPIAN CORPORATION,5,FY2024_Q4
"THOUGHTWORKS, INC.",5,FY2024_Q4
ICMARC,5,FY2024_Q4
"LUTRON ELECTRONICS CO., INC.",5,FY2024_Q4
"TERRACON CONSULTANTS, INC.",5,FY2024_Q4
"PHARMACEUTICAL RESEARCH ASSOCIATES, INC.",5,FY2024_Q4
"DMKD, INC. DBA SERVICEMASTER BUILDING CARE",5,FY2024_Q4
TRANSFORM SR HOLDING MANAGEMENT LLC,5,FY2024_Q4
"ACADIA TECHNOLOGIES, INC.",5,FY2024_Q4
"CONCUR TECHNOLOGIES, INC.",5,FY2024_Q4
SEI INVESTMENTS COMPANY,5,FY2024_Q4
PRIMERA ANALYTICAL SOLUTION CORP.,5,FY2024_Q4
ANRITSU COMPANY,5,FY2024_Q4
"HONDA AIRCRAFT COMPANY, LLC",5,FY2024_Q4
CONSUMERINFO.COM,5,FY2024_Q4
"AUTOMOTIVE ROBOTICS, INC.",5,FY2024_Q4
THE TERMINIX INTERNATIONAL COMPANY LP,5,FY2024_Q4
"TOLLPLUS, LLC",5,FY2024_Q4
"EAGLE LAWN AND LANDSCAPE, INC.",5,FY2024_Q4
ICONMA LLC,5,FY2024_Q4
"SIMMONS PREPARED FOODS, INC.",5,FY2024_Q4
RAYMOND JAMES  ASSOCIATES,5,FY2024_Q4
HITACHI ENERGY USA INC.,5,FY2024_Q4
"RITE PROS, INC",5,FY2024_Q4
"THALES AVIONICS, INC.",5,FY2024_Q4
ITECH US INC.,5,FY2024_Q4
KITESTRING CONSULTING INC,5,FY2024_Q4
"FITCH RATINGS, INC.",5,FY2024_Q4
GLOBAL GRANITE CORPORATION,5,FY2024_Q4
MAST TECHNOLOGY SERVICES,5,FY2024_Q4
COLLABERA INC,5,FY2024_Q4
CEM TECHNOLOGY INC,5,FY2024_Q4
NINFO SYSTEMS INC,5,FY2024_Q4
WILSON SONSINI GOODRICH  ROSATI,5,FY2024_Q4
HARTFORD HEALTHCARE MEDICAL GROUP,5,FY2024_Q4
"HIGHLANDS LANDSCAPING AND FENCING, LLC",5,FY2024_Q4
MASIMO CORPORATION,5,FY2024_Q4
INTERNATIONAL PAPER COMPANY,5,FY2024_Q4
DATA S SOLUTIONS LLC,5,FY2024_Q4
MARUTHI TECHNOLOGIES INC.,5,FY2024_Q4
BECKMAN COULTER INC,5,FY2024_Q4
LAWN BUTLER LLC,5,FY2024_Q4
BRILLIANT INFOTECH INC.,5,FY2024_Q4
PRECISION TECHNOLOGIES CORP.,5,FY2024_Q4
CEDENT CONSULTING INC,5,FY2024_Q4
PROPELSYS TECHNOLOGIES LLC,5,FY2024_Q4
"POINT72 ASSET MANAGEMENT, L.P.",5,FY2024_Q4
LORDSTOWN MOTORS CORP.,5,FY2024_Q4
MT BANK,5,FY2024_Q4
"RBUS, INC.",5,FY2024_Q4
NEWMONT INTERNATIONAL SERVICES LIMITED,5,FY2024_Q4
FLEXON TECHNOLOGIES INC.,5,FY2024_Q4
"GE MEDICAL SYSTEMS, LLC",5,FY2024_Q4
TEKGENCE INC,5,FY2024_Q4
RUMMEL KLEPPER  KAHL LLP,5,FY2024_Q4
THE MARY IMOGENE BASSETT HOSPITAL,5,FY2024_Q4
THE BOEING COMPANY,5,FY2024_Q4
"TAKEDA PHARMACEUTICALS U.S.A., INC.",5,FY2024_Q4
PIONEER CONSULTING LLC,5,FY2024_Q4
OSCAR MANAGEMENT CORPORATION,5,FY2024_Q4
MONDELEZ GLOBAL LLC,5,FY2024_Q4
"NERDWALLET, INC.",5,FY2024_Q4
"ORCHESTRADE, INC",5,FY2024_Q4
HEALTHSTREAM,5,FY2024_Q4
"ITC INFOTECH USA, INC.",5,FY2024_Q4
AVERON SOLUTIONS INC,5,FY2024_Q4
MOLINA HEALTHCARE INC,5,FY2024_Q4
"MICHAEL BAKER INTERNATIONAL, INC.",5,FY2024_Q4
"JACK HENRY  ASSOCIATES, INC.",5,FY2024_Q4
ELECTRIC RELIABILITY COUNCIL OF TEXAS,5,FY2024_Q4
"FULGENT THERAPEUTICS, LLC",5,FY2024_Q4
"AI ENGINEERS, INC.",5,FY2024_Q4
IFINITE SOLUTIONS LLC,5,FY2024_Q4
"GRID DYNAMICS HOLDINGS, INC.",5,FY2024_Q4
SENSIBA SAN FILIPPO LLP,5,FY2024_Q4
NORC,5,FY2024_Q4
GARRETT TRUCKING LLC,5,FY2024_Q4
"CONCH TECHNOLOGIES, INC.",5,FY2024_Q4
WERIDE CORP,5,FY2024_Q4
THE COCACOLA COMPANY,5,FY2024_Q4
"VMC SOFT TECHNOLOGIES, INC",5,FY2024_Q4
"THE BRUCE COMPANY OF WISCONSIN, INC.",5,FY2024_Q4
SKI LANDSCAPE CORPORATION,5,FY2024_Q4
MYGO CONSULTING INC,5,FY2024_Q4
RIBBON COMMUNICATIONS OPERATING COMPANY INC.,5,FY2024_Q4
PUGET SOUND ENERGY INC.,5,FY2024_Q4
"KUEHNE  NAGEL, INC.",5,FY2024_Q4
CORTEVA AGRISCIENCE LLC,5,FY2024_Q4
"CORNERSTONE ONDEMAND, INC.",5,FY2024_Q4
SIDEL INC.,5,FY2024_Q4
TRANSPORTATION SERVICES INC,5,FY2024_Q4
"INDEED, INC.",5,FY2024_Q4
"DENTSPLY SIRONA, INC.",5,FY2024_Q4
"EOG RESOURCES, INC.",5,FY2024_Q4
"LG ELECTRONICS USA, INC",5,FY2024_Q4
"CMG MORTGAGE, INC. DBA CMG FINANCIAL",5,FY2024_Q4
"COGENT INTEGRATED BUSINESS SOLUTIONS, INC.",5,FY2024_Q4
CW PROFESSIONAL SERVICES LLC,5,FY2024_Q4
TV SD AMERICA INC,5,FY2024_Q4
HERRINGSWELL STABLES CORP,5,FY2024_Q4
"PROCESSORS, INC.",5,FY2024_Q4
RIVERVIEW LLP,5,FY2024_Q4
ADVENTIST HEALTH SYSTEM SUNBELT HEALTHCARE CORP.,5,FY2024_Q4
MCINTOSH SENIOR LIVING,5,FY2024_Q4
"BLACKROCK INSTITUTIONAL TRUST COMPANY, N.A.",5,FY2024_Q4
"MIRATI THERAPEUTICS, INC.",5,FY2024_Q4
LENNOX INTERNATIONAL INC.,5,FY2024_Q4
SUNGROW USA CORPORATION,5,FY2024_Q4
INCYTE CORPORATION,5,FY2024_Q4
SUNNY INC,5,FY2024_Q4
BNP PARIBAS,5,FY2024_Q4
TOPGOLF CALLAWAY BRANDS CORP.,5,FY2024_Q4
COLORADO STATE UNIVERSITY,5,FY2024_Q4
"RUTGERS, THE STATE UNIV. OF NEW JERSEY",5,FY2024_Q4
"JSMN INTERNATIONAL, INC.",5,FY2024_Q4
"PRIME SOFTWARE TECHNOLOGIES, INC.",5,FY2024_Q4
LA SCUOLA INTERNATIONAL SCHOOL DBA LA SCUOLA,5,FY2024_Q4
CARESOFT GLOBAL INC,5,FY2024_Q4
"TEMPERPACK TECHNOLOGIES, INC.",5,FY2024_Q4
"GOKEN AMERICA, LLC",5,FY2024_Q4
MAXLINEAR INC,5,FY2024_Q4
DAS NORTH AMERICA,5,FY2024_Q4
GUILFORD COUNTY SCHOOLS,5,FY2024_Q4
"APPTRICS, LLC",5,FY2024_Q4
ELK COUNTRY MOTELS INC,5,FY2024_Q4
DEER VALLEY UNIFIED SCHOOL DISTRICT,5,FY2024_Q4
ERICSSON SMART FACTORY INC.,5,FY2024_Q4
"ARKOSE LABS, INC.",5,FY2024_Q4
TAMPA ELECTRIC COMPANY,5,FY2024_Q4
FEDERAL HOME LOAN BANK CHICAGO,5,FY2024_Q4
"AUTO CLUB SERVICES, INC.",5,FY2024_Q4
"THE UNIVERSITY OF PHOENIX, INC.",5,FY2024_Q4
SYNCHRONY BANK,5,FY2024_Q4
"HARGROVE  ASSOCIATES, INC.",5,FY2024_Q4
XENON INFOTEK INC.,5,FY2024_Q4
RED CANYON ROOFING LLC,5,FY2024_Q4
RELIABLE VENTURES INC,5,FY2024_Q4
PROVIDENCE HEALTH  SERVICES,5,FY2024_Q4
SERVICETITAN INC.,5,FY2024_Q4
COHESITY INC.,5,FY2024_Q4
S3 TECHNICAL SOLUTIONS INC,5,FY2024_Q4
FOOD LAND MARKET LLC,5,FY2024_Q4
LGL TECHNOLOGIES LLC,5,FY2024_Q4
VARIAN MEDICAL SYSTEMS,5,FY2024_Q4
VERINON TECHNOLOGY SOLUTIONS LIMITED,5,FY2024_Q4
NETWORK OPTIX INC.,5,FY2024_Q4
"AN BIEN IMPORTEXPORT USA, INC.",5,FY2024_Q4
ABM SYSTEMS,5,FY2024_Q4
UNIVERSITY OF NORTH GEORGIA,5,FY2024_Q4
SUNY UPSTATE MEDICAL UNIVERSITY,5,FY2024_Q4
NEXZENTEKSOLUTIONS INC,5,FY2024_Q4
"ENEL NORTH AMERICA, INC.",5,FY2024_Q4
SV IT INC,5,FY2024_Q4
GROUNDWORKS INC.,5,FY2024_Q4
PACIFIC GAS  ELECTRIC CO,5,FY2024_Q4
ROJAS CARE SERVICES INC,5,FY2024_Q4
RAMSAI SOFTWARE SOLUTIONS INC,5,FY2024_Q4
"BLUE CROSS AND BLUE SHIELD OF FLORIDA, INC.",5,FY2024_Q4
"PLUSAI, INC.",5,FY2024_Q4
UNIVERSITY OF CINCINNATI,5,FY2024_Q4
"THOUGHT BYTE, INC.",5,FY2024_Q4
TIAA,5,FY2024_Q4
"THE COUNTRY CLUB AT WOODFIELD, INC DBA WOODFIELD C",5,FY2024_Q4
"AMCOR RIGID PACKAGING USA, LLC",5,FY2024_Q4
HEDGESERV CORPORATION,5,FY2024_Q4
FLORIDA INTERNATIONAL UNIVERSITY,5,FY2024_Q4
"UNIVERSITY OF CALIFORNIA, SANTA CRUZ",5,FY2024_Q4
"CHEGG, INC.",5,FY2024_Q4
EDELMAN FINANCIAL ENGINES,5,FY2024_Q4
"AVALARA, INC",5,FY2024_Q4
OPTIMETECH LLC,5,FY2024_Q4
VANDERBILT UNIVERSITY MEDICAL CENTER,5,FY2024_Q4
DIGITAL MANAGEMENT LLC,5,FY2024_Q4
"A4 MEDIA  DATA SOLUTIONS, LLC",5,FY2024_Q4
"AUTOMATION ANYWHERE, INC.",5,FY2024_Q4
"G2O, LLC",5,FY2024_Q4
TECHIE ASSOCIATES LLC,5,FY2024_Q4
DELTA DENTAL INSURANCE COMPANY,5,FY2024_Q4
GUNITE SPECIALISTS INC.,5,FY2024_Q4
SMARTEK21     LLC,5,FY2024_Q4
"ZIPRECRUITER, INC.",5,FY2024_Q4
"UNIVERSITY OF CALIFORNIA, DAVIS",5,FY2024_Q4
BPM LLP,5,FY2024_Q4
BANCO SANTANDER S.A.,5,FY2024_Q4
CSL BEHRING,5,FY2024_Q4
ANCHOR GLASS CONTAINER CORPORATION,5,FY2024_Q4
"JND, INC.",5,FY2024_Q4
BTY DENTAL GROUP LLC,5,FY2024_Q4
SOFT NUT INC,5,FY2024_Q4
WISE EQUATION SOLUTIONS INC.,5,FY2024_Q4
"CONVERSE, INC.",5,FY2024_Q4
AMERICAN INSTITUTES FOR RESEARCH,5,FY2024_Q4
J.R. SIMPLOT COMPANY,5,FY2024_Q4
M9 CONSULTING INC,5,FY2024_Q4
"BLUECROSS BLUESHIELD OF TENNESSEE, INC.",5,FY2024_Q4
INTELLIBEE INC.,5,FY2024_Q4
MARQUETTE UNIVERSITY,5,FY2024_Q4
UNIVERSITY OF NEBRASKALINCOLN,5,FY2024_Q4
JUSTIN BEALLS LANDSCAPE SERVICE LLC,5,FY2024_Q4
EPIC,5,FY2024_Q4
JSJ EXPRESS INC.,5,FY2024_Q4
SEDGWICK,5,FY2024_Q4
WGU CORPORATION FKA WESTERN GOVERNORS UNIVERSITY,5,FY2024_Q4
ITVISION360 INC,5,FY2024_Q4
"PARAMOUNT SOFTWARE SOLUTIONS, INC",5,FY2024_Q4
"CLIENT NETWORK SERVICES, LLC DBA CNSI",5,FY2024_Q4
"VERISIGN, INC.",5,FY2024_Q4
"AMERICAN EAGLE OUTFITTERS, INC.",5,FY2024_Q4
SRIPADHA INC,5,FY2024_Q4
UNIVERSITY OF TEXAS AT AUSTIN,5,FY2024_Q4
UNIVERSITY OF NORTH TEXAS,5,FY2024_Q4
FOX TECHNOLOGY CENTER LLC,5,FY2024_Q4
"STEFANINI, INC.",5,FY2024_Q4
HEALTH DIMENSIONS GROUP,5,FY2024_Q4
"SL ALABAMA, LLC",5,FY2024_Q4
"CEDAR CARES, INC",5,FY2024_Q4
"SL TENNESSEE, LLC.",5,FY2024_Q4
"WESTERN DENTAL SERVICES, INC",5,FY2024_Q4
VA TRANSPORTATION INC.,5,FY2024_Q4
TRIMBLE INC.,5,FY2024_Q4
"LER TECHFORCE, LLC",5,FY2024_Q4
"GENERAL DYNAMICS INFORMATION TECHNOLOGY, INC",5,FY2024_Q4
MAHAUGHA LLC,5,FY2024_Q4
VIAGOGO INC,5,FY2024_Q4
"SEVENZOCKS PROPERTY MAINTENANCE  LANDSCAPING, INC",5,FY2024_Q4
"MERIDIANSOFT, INC.",5,FY2024_Q4
"AEVA, INC",5,FY2024_Q4
"FMC TECHNOLOGIES, INC.",5,FY2024_Q4
UNITED HEALTH SERVICES HOSPITALS,5,FY2024_Q4
"HEADSTREAM, INC.",5,FY2024_Q4
DOUBLE JF FARMS,5,FY2024_Q4
CRAIG NEAL SONS FARM LLC,5,FY2024_Q4
MERKLE INC.,5,FY2024_Q4
ANA HOMECARE LLC DBA HOME HELPERS,5,FY2024_Q4
ATM GRANITE  MARBLE,5,FY2024_Q4
"PRO STAR TRANSPORT, LLC",5,FY2024_Q4
"AVIDXCHANGE, INC.",5,FY2024_Q4
"FANDOM, INC.",5,FY2024_Q4
CONVERGENCE ACCELERATION SOLUTIONS LLC,5,FY2024_Q4
TOOGANN TECHNOLOGIES LLC,5,FY2024_Q4
VITS CONSULTING CORP,5,FY2024_Q4
GMA SOFT INC,5,FY2024_Q4
"NTT DATA FEDHEALTH, INC.",5,FY2024_Q4
ALPHA ACADEMY,5,FY2024_Q4
MCGRAW HILL LLC,5,FY2024_Q4
STOP N SHOP LLC,5,FY2024_Q4
"MOORE INFOTECH, INC.",5,FY2024_Q4
EMBODYVR INC,5,FY2024_Q4
PHILCORR LLC,5,FY2024_Q4
SMS INFOCOMM CORPORATION,5,FY2024_Q4
CONTROLTEC,5,FY2024_Q4
UNIVERSITY OF ALABAMA HEALTH SERVICES FOUNDATION,5,FY2024_Q4
TBWA WORLDWIDE INC.,5,FY2024_Q4
COFORGE DPA NA INC,5,FY2024_Q4
"CALIFORNIA STATE UNIVERSITY, LOS ANGELES",5,FY2024_Q4
"OCEAN SELECT SEAFOOD, LLC",5,FY2024_Q4
HAYS,5,FY2024_Q4
INFI USA INC,5,FY2024_Q4
"BRILLIUS TECHNOLOGIES, INC. DBA BRILLIUS INC",5,FY2024_Q4
EXEL INC.,5,FY2024_Q4
OHIO FARMERS INSURANCE COMPANY,5,FY2024_Q4
WALKWATER TECHNOLOGIES INC,5,FY2024_Q4
WORLD CABINETRY LLC,5,FY2024_Q4
CARNIVAL CORPORATION,5,FY2024_Q4
SOUTH CHARLOTTE LANDSCAPE MANAGEMENT INC,5,FY2024_Q4
GARTNER INC.,5,FY2024_Q4
"FUSION PLUS SOLUTIONS, INC",5,FY2024_Q4
"MOBILENET SERVICES, INC.",5,FY2024_Q4
SANTA CLARA UNIVERSITY,5,FY2024_Q4
SAN FRANCISCO STATE UNIVERSITY,5,FY2024_Q4
GRAVITON SOLUTIONS INC,5,FY2024_Q4
SIFT SCIENCE,5,FY2024_Q4
CONFIZ LLC,5,FY2024_Q4
BROADRANGE TECHNOLOGIES INC,5,FY2024_Q4
CAPITAL BLUE CROSS,5,FY2024_Q4
"ARDOR IT SYSTEMS, LLC",5,FY2024_Q4
"A  B ENVIRONMENTAL SERVICES, INC.",5,FY2024_Q4
"INTENT DESIGN, LTD",5,FY2024_Q4
"AMIGO AZTECA LANDSCAPING, INC",5,FY2024_Q4
RODL LANGFORD DE KOCK LLP,5,FY2024_Q4
"AMERICAN CUSTODIAL, INC.",5,FY2024_Q4
HALAL MEAT SLAUGHTER HOUSE INC.,5,FY2024_Q4
"DAY TO DAY DISCOUNT CENTER, LLC DBA TAAJ MARKET",5,FY2024_Q4
FIRST SOFT SOLTUIONS LLC,5,FY2024_Q4
GOODREADS LLC,5,FY2024_Q4
UNIVERSITY OF DAYTON,5,FY2024_Q4
ALEGENT CREIGHTON CLINIC,5,FY2024_Q4
"ECOM CONSULTING, INC.",5,FY2024_Q4
COMMERCIAL OUTDOOR SPECIALISTS,5,FY2024_Q4
ODP INTERNATIONAL LLC,5,FY2024_Q4
SAGE IT INC,5,FY2024_Q4
PRICELINE.COM LLC,5,FY2024_Q4
RISAMSOFT INC.,5,FY2024_Q4
MARTINREA INTERNATIONAL US INC,5,FY2024_Q4
LOYOLA UNIVERSITY CHICAGO,5,FY2024_Q4
VIAVI SOLUTIONS INC.,5,FY2024_Q4
"TEKLANE SOLUTIONS, INC.",5,FY2024_Q4
THE UNIVERSITY OF KANSAS MEDICAL CENTER,5,FY2024_Q4
"JOINUS CAREER, LLC",5,FY2024_Q4
TECHSTAR CONSULTING INC,5,FY2024_Q4
VASANTAS SOFTWARE INC..,5,FY2024_Q4
USD 457 GARDEN CITY PUBLIC SCHOOLS,5,FY2024_Q4
WICHITA STATE UNIVERSITY,5,FY2024_Q4
TOPSYS IT SOLUTIONS LLC,5,FY2024_Q4
TRILOGY INTERNATIONAL,5,FY2024_Q4
P3 GEEKS INC,5,FY2024_Q4
STAFFWORXS LLC,5,FY2024_Q4
"PINNACLE LAWN CARE AND OUTDOOR AESTHETICS, LLC",5,FY2024_Q4
PINTO RAMONA LLC,5,FY2024_Q4
SENSIA LLC,5,FY2024_Q4
SERENITY NAIL SPA LLC,5,FY2024_Q4
HIPOLITO HOLDING LLC,5,FY2024_Q4
FABTECH INC.,5,FY2024_Q4
ATOKA TECHNOLOGIES INC,5,FY2024_Q4
BROWDER  LEGUIZAMON AND ASSOCIATES INC,5,FY2024_Q4
A PARADISE FOR PARENTS SENIOR LIVING,5,FY2024_Q4
"BNBL II, INC",5,FY2024_Q4
FREYR INC,5,FY2024_Q4
HOSPITALIST MEDICINE PHYSICIANS OF CALIFORNIA,5,FY2024_Q4
ELEVATE CARE RIVERWOODS,5,FY2024_Q4
"CALIFORNIA CREATIVE SOLUTIONS, INC.",5,FY2024_Q4
"HYDE ENGINEERING  CONSULTING, INC.",5,FY2024_Q4
"C.O. LANDSCAPE CONTRACTOR, INC.",5,FY2024_Q4
FULCRUM CONSULTING INC DBA CONTINEO HEALTH,5,FY2024_Q4
"CDC POOLS, INC.",5,FY2024_Q4
"ADVANCED RESEARCH CENTER, INC.",5,FY2024_Q4
"ELDERLY CARE SERVICES, LLC",5,FY2024_Q4
MISOFTECH INC,5,FY2024_Q4
"MUNSTER MEDICAL RESEARCH FOUNDATION, INC.",5,FY2024_Q4
"KANE LANDSCAPES, INC.",5,FY2024_Q4
SANA BIOTECHNOLOGY,5,FY2024_Q4
"LA COSECHA XVIII, LLC",5,FY2024_Q4
"ZIONTECH SOLUTIONS,INC",5,FY2024_Q4
TUPPL TECHNOLOGIES INC.,5,FY2024_Q4
TOYOTA MOTOR NORTH AMERICA,5,FY2024_Q4
ST JOSEPH HOSPITAL,5,FY2024_Q4
SANMINA CORPORATION,5,FY2024_Q4
SANFORD CLINIC,5,FY2024_Q4
"SUNCREST GARDENS, INC.",5,FY2024_Q4
VRPRO IT LLC,5,FY2024_Q4
"MERRICK ENGINEERING, INC.",5,FY2024_Q4
VIDOSH NORTH LLC,5,FY2024_Q4
OLCO INC,5,FY2024_Q4
VALOURUSA INC,5,FY2024_Q4
BOUNTEOUS,4,FY2024_Q4
EBUSINESS TECHNOLOGIES CORPORATION,4,FY2024_Q4
"CENGAGE LEARNING, INC.",4,FY2024_Q4
"HDR ARCHITECTURE, INC.",4,FY2024_Q4
SERNAS TRUCKING,4,FY2024_Q4
DATAWIZ CORPORATION,4,FY2024_Q4
ZETA GLOBAL CORP,4,FY2024_Q4
"FIVE9, INC",4,FY2024_Q4
"AMROCK, LLC",4,FY2024_Q4
ABC SUPPLY,4,FY2024_Q4
FLSMIDTH INC.,4,FY2024_Q4
"OSHKOSH COIL SPRING, INC.",4,FY2024_Q4
AKKEN INC,4,FY2024_Q4
"SRI INFOTECH, INC",4,FY2024_Q4
INFOGEN LABS INC.,4,FY2024_Q4
"QUINSTREET, INC.",4,FY2024_Q4
"HOLOGIC, INC.",4,FY2024_Q4
CHARGEPOINT INC.,4,FY2024_Q4
"DECHEN CONSULTING GROUP, INC.",4,FY2024_Q4
ROCHE SEQUENCING SOLUTIONS INC.,4,FY2024_Q4
"MUSARUBRA US, LLC DBA TRELLIX",4,FY2024_Q4
NATIONAL SOFT SYSTEMS INC,4,FY2024_Q4
IT PEOPLE CORP,4,FY2024_Q4
"HUBSPOT, INC.",4,FY2024_Q4
MAY DECO INC,4,FY2024_Q4
ISN SOFTWARE CORP,4,FY2024_Q4
INTEPLAST GROUP CORPORATION,4,FY2024_Q4
DAVIS POLK  WARDWELL LLP,4,FY2024_Q4
"AURORA MEDICAL GROUP, INC.",4,FY2024_Q4
"COMMUNITY HEALTH CENTER, INC",4,FY2024_Q4
HYATT CORPORATION,4,FY2024_Q4
"RGAC ENTERPRISES, INC.",4,FY2024_Q4
DESIGN CONSTRUCTION INC.,4,FY2024_Q4
ARROWSTREET CAPITAL LIMITED PARTNERSHIP,4,FY2024_Q4
ELEMENT TECHNOLOGIES INC,4,FY2024_Q4
URPAN TECHNOLOGIES INC,4,FY2024_Q4
QUALITY CONSULTING INC DBA QCI,4,FY2024_Q4
"LIFE360, INC.",4,FY2024_Q4
CLOUDERA,4,FY2024_Q4
"DXC TECHNOLOGY SERVICES, LLC",4,FY2024_Q4
DIGITALOCEAN LLC,4,FY2024_Q4
EEMPHASYS TECHNOLOGIES INC,4,FY2024_Q4
SILVER XIS,4,FY2024_Q4
BARUCH COLLEGE,4,FY2024_Q4
SOFIDEL AMERICA CORP,4,FY2024_Q4
HYUNDAI CAPITAL AMERICA,4,FY2024_Q4
"GRAMMARLY, INC.",4,FY2024_Q4
ITSPURS INC,4,FY2024_Q4
"HEALTH MANAGEMENT SYSTEMS, INC.",4,FY2024_Q4
IPIVOT LIMITED LIABILITY COMPANY,4,FY2024_Q4
"DANA AUTOMOTIVE SYSTEMS GROUP, LLC",4,FY2024_Q4
WEALTHFRONT CORPORATION,4,FY2024_Q4
"CAROLLO ENGINEERS, INC.",4,FY2024_Q4
AMERICAN BUREAU OF SHIPPING,4,FY2024_Q4
DARLINGTON COUNTY SCHOOL DISTRICT,4,FY2024_Q4
"RCM TECHNOLOGIES, INC.",4,FY2024_Q4
"KEYSTONE HOSPITALITY, LLC",4,FY2024_Q4
ARROW TRANS CORP.,4,FY2024_Q4
THE PRINCIPAL CONSULTING INC,4,FY2024_Q4
ISHIFT CORP.,4,FY2024_Q4
"SYGNTECH SYSTEMS, INC.",4,FY2024_Q4
"A1 KAISER, INC.,",4,FY2024_Q4
BIGDATA SOLUTIONS INC,4,FY2024_Q4
ADVENTA SOFT INC,4,FY2024_Q4
HCA MANAGEMENT SERVICES LP,4,FY2024_Q4
UNIVERSITY OF NOTRE DAME DU LAC,4,FY2024_Q4
"LRC HOMES, INC.",4,FY2024_Q4
"ILLUMIO, INC.",4,FY2024_Q4
"BREX, INC.",4,FY2024_Q4
"WORLDQUANT, LLC",4,FY2024_Q4
SPECIALIST RESOURCES GLOBAL INC,4,FY2024_Q4
"SPARTANNASH ASSOCIATES, LLC",4,FY2024_Q4
ASRC FEDERAL HIGHLAND TECHNOLOGIES,4,FY2024_Q4
"UNITED SOFTWARE GROUP, INC.",4,FY2024_Q4
WESTINGHOUSE AIR BRAKE TECHNOLOGIES CORP,4,FY2024_Q4
BOISE STATE  UNIVERSITY,4,FY2024_Q4
SOLMON ALAM LLC,4,FY2024_Q4
KT WIRELESS LLC,4,FY2024_Q4
LOTTY  LOTTA MARKET LLC,4,FY2024_Q4
VALIANT IT SERVICES INC,4,FY2024_Q4
"MORNINGSTAR, INC.",4,FY2024_Q4
MATRIX RESOURCES,4,FY2024_Q4
OPEN TEXT INC.,4,FY2024_Q4
COVESTRO LLC,4,FY2024_Q4
"BATTLE LUMBER CO., INC.",4,FY2024_Q4
SLS SOLUTIONS INC,4,FY2024_Q4
DRUVA INC,4,FY2024_Q4
EGEN SOLUTIONS INC,4,FY2024_Q4
"NEXIUS SOLUTIONS, INC.",4,FY2024_Q4
AMNEAL PHARMACEUTICALS LLC,4,FY2024_Q4
"MILLER CONSTRUCTION, INC.",4,FY2024_Q4
MICKLE CORPORATION,4,FY2024_Q4
STIER SOLUTIONS INC,4,FY2024_Q4
PINTEGRA LLC,4,FY2024_Q4
POLO CLUB OF BOCA RATON,4,FY2024_Q4
BANDWIDTH INC.,4,FY2024_Q4
SKILL VOICE INC,4,FY2024_Q4
"CONSTANT CONTACT, INC",4,FY2024_Q4
FLATIRON HEALTH,4,FY2024_Q4
SOLUGENIX CORPORATION,4,FY2024_Q4
"PONY.AI, INC",4,FY2024_Q4
SUMO LOGIC,4,FY2024_Q4
"OVERSTOCK.COM, INC.",4,FY2024_Q4
REFRESCO BEVERAGES US INC.,4,FY2024_Q4
CYBER INFOTECH LLC,4,FY2024_Q4
"MUNICH REINSURANCE AMERICA, INC.",4,FY2024_Q4
"HEADWAY TECHNOLOGIES, INC.",4,FY2024_Q4
SEALED AIR CORPORATION US,4,FY2024_Q4
DEBEVOISE  PLIMPTON LLP,4,FY2024_Q4
BANNERUNIVERSITY MEDICAL GROUP,4,FY2024_Q4
"CROSSROADS SOD FARM, LLC",4,FY2024_Q4
"YIPIT, LLC",4,FY2024_Q4
AMERICAN BEAR LOGISTICS CORP,4,FY2024_Q4
"MINDBODY, INC",4,FY2024_Q4
RALPH LAUREN CORPORATION,4,FY2024_Q4
SVAM INTERNATIONAL INC,4,FY2024_Q4
NC HEALTH AFFILIATES,4,FY2024_Q4
IFLEX INC,4,FY2024_Q4
PRECISELY SOFTWARE INCORPORATED,4,FY2024_Q4
"PAMTEN, INC.",4,FY2024_Q4
"SMART ERP SOLUTIONS, INC",4,FY2024_Q4
RISKONNECT,4,FY2024_Q4
UNIVERSITY OF VIRGINIA,4,FY2024_Q4
MANDO AMERICA CORPORATION,4,FY2024_Q4
PROVO CITY SCHOOL DISTRICT,4,FY2024_Q4
"WALTON GLOBAL HOLDINGS, LLC",4,FY2024_Q4
ADDON TECHNOLOGIES INC.,4,FY2024_Q4
TANVI IT SOLUTIONS INC,4,FY2024_Q4
"VORMITTAG ASSOCIATES, INC.",4,FY2024_Q4
"NEO TECH SOLUTIONS,INC",4,FY2024_Q4
"SYSTECHCORP, INC",4,FY2024_Q4
"VW CREDIT, INC.",4,FY2024_Q4
"SP GLOBAL MARKET INTELLIGENCE, INC.",4,FY2024_Q4
CHAMA GAUCHA BRAZILIAN STEAKHOUSE,4,FY2024_Q4
ARES OPERATIONS LLC,4,FY2024_Q4
ALLIANCEBERNSTEIN L.P.,4,FY2024_Q4
BLUE HERON CONSULTING CORPORATION,4,FY2024_Q4
"MULTIPLAN, INC",4,FY2024_Q4
ATEC GROUP,4,FY2024_Q4
"VIZIENT, INC.",4,FY2024_Q4
"CREATIVE INFORMATION TECHNOLOGY, INC",4,FY2024_Q4
ARMAA INC,4,FY2024_Q4
"JIMS PRIDE LANDSCAPING AND MAINTENANCE, INC. DBA",4,FY2024_Q4
WATERS CORPORATION,4,FY2024_Q4
"AVANT, LLC",4,FY2024_Q4
CIENA CORPORATION,4,FY2024_Q4
VARO BANK N.A.,4,FY2024_Q4
DEMANDBASE INC.,4,FY2024_Q4
"AVAIL MEDSYSTEMS, INC.",4,FY2024_Q4
"GRAPHIANT, INC.",4,FY2024_Q4
"WAVE LIFE SCIENCES USA, INC.",4,FY2024_Q4
KONCHRIS AMERICA INC.,4,FY2024_Q4
"AS AMERICA, INC.",4,FY2024_Q4
"SOFTTEK INTEGRATION SYSTEMS, INC",4,FY2024_Q4
"KOERBER PHARMA SOFTWARE, INC.",4,FY2024_Q4
"TEGRA118 WEALTH SOLUTIONS, INC.",4,FY2024_Q4
TELEFLEX LLC,4,FY2024_Q4
"AUCTANE, INC.",4,FY2024_Q4
"RBC BANK GEORGIA, NATIONAL ASSOCIATION",4,FY2024_Q4
"INFOVILLE, INC.",4,FY2024_Q4
RGA ENTERPRISE SERVICES COMPANY,4,FY2024_Q4
PVR TECHNOLOGIES INC,4,FY2024_Q4
UNIVERSITY OF HARTFORD,4,FY2024_Q4
KIAN CORPORATION,4,FY2024_Q4
"VIA TRANSPORTATION, INC.",4,FY2024_Q4
"AXIS TECH, INC.",4,FY2024_Q4
"HADIAMONDSTAR SOFTWARE SOLUTIONS, LLC",4,FY2024_Q4
KARWELL TECHNOLOGIIES INC,4,FY2024_Q4
3B STAFFING LLC,4,FY2024_Q4
BANK OF HOPE,4,FY2024_Q4
FARADAY AND FUTURE,4,FY2024_Q4
AMNS CALVERT LLC,4,FY2024_Q4
BENTLEY UNIVERSITY,4,FY2024_Q4
CLEVER TRUCK SERVICES LLC,4,FY2024_Q4
NORTHERN ILLINOIS UNIVERSITY,4,FY2024_Q4
MERCURY FINANCIAL LLC,4,FY2024_Q4
"HOMESITE GROUP, INCORPORATED",4,FY2024_Q4
FLOWSERVE U.S. INC,4,FY2024_Q4
"LIVE NATION WORLDWIDE, INC.",4,FY2024_Q4
NOVARTIS SERVICES INC.,4,FY2024_Q4
BLUE SPIRE INC,4,FY2024_Q4
"LABCORP ENDPOINT CLINICAL, INC.",4,FY2024_Q4
"WEBBER, LLC",4,FY2024_Q4
"HSBC BANK USA, N.A.",4,FY2024_Q4
MAANTIC INC.,4,FY2024_Q4
CHICAGO PUBLIC SCHOOLS,4,FY2024_Q4
LESTER E. COX MEDICAL CENTERS DBA COXHEALTH,4,FY2024_Q4
"MORGAN STANLEY INVESTMENT MGMT., INC.",4,FY2024_Q4
GLOBAL HEALTHCARE EXCHANGE,4,FY2024_Q4
"BREAD FINANCIAL PAYMENTS, INC.",4,FY2024_Q4
"PROMETHEUS COMPUTING, LLC",4,FY2024_Q4
"NETJETS SERVICES, INC.",4,FY2024_Q4
LINDE INC.,4,FY2024_Q4
PACCAR INC,4,FY2024_Q4
"LOGOPLASTE USA, INC.",4,FY2024_Q4
LENOVO GLOBAL TECHNOLOGY UNITED STATES INC.,4,FY2024_Q4
"LIVERAMP, INC.",4,FY2024_Q4
LAUNCH IT CORP,4,FY2024_Q4
DIRECTV LLC,4,FY2024_Q4
DEMATIC CORP,4,FY2024_Q4
LAWRENCE BERKELEY NATIONAL LABORATORY,4,FY2024_Q4
M  R CONSULTANTS CORP,4,FY2024_Q4
SMARTSHEET INC.,4,FY2024_Q4
RAWKEYTECHNOLOGIES LLC,4,FY2024_Q4
SALLIE B HOWARD SCHOOL,4,FY2024_Q4
"SUSQUEHANNA INTERNATIONAL GROUP, LLP",4,FY2024_Q4
TECHZION IT SOLUTIONS INC,4,FY2024_Q4
LYVE TECH LLC,4,FY2024_Q4
"MOTOR TREND GROUP, LLC",4,FY2024_Q4
PHILIPS RS NORTH AMERICA LLC,4,FY2024_Q4
KWANGSUNG AMERICA CORP.,4,FY2024_Q4
TE CONNECTIVITY CORPORATION,4,FY2024_Q4
THE CLEANERS LLC DBA READY MAIDS,4,FY2024_Q4
WEG ELECTRIC CORP.,4,FY2024_Q4
CONTINENTAL EXCHANGE SOLUTIONS INC,4,FY2024_Q4
EMPRO SYSTEMS LLC,4,FY2024_Q4
HASKELL,4,FY2024_Q4
CHRISTUS TRINITY CLINIC,4,FY2024_Q4
NASH ORGANIZATION INC,4,FY2024_Q4
"RUNYON  SONS ROOFING, INC.",4,FY2024_Q4
"MACK TRUCK, INC.",4,FY2024_Q4
UBS FINANCIAL SERVICES INC.,4,FY2024_Q4
CUBIC TRANSPORTATION SYSTEMS,4,FY2024_Q4
C4I TECHNOLOGIES INC,4,FY2024_Q4
XCEED TECHNOLOGIES INC.,4,FY2024_Q4
"HUBBELL POWER SYSTEMS, INC",4,FY2024_Q4
RIVOS INC.,4,FY2024_Q4
GA LAWN CARE TURF MGT STONE LLC,4,FY2024_Q4
"EAB GLOBAL, INC",4,FY2024_Q4
GOODRX,4,FY2024_Q4
"ETECHNOLOGY, L.L.C.",4,FY2024_Q4
MANNHUMMEL PUROLATOR FILTERS LLC,4,FY2024_Q4
TANGLE SYSTEMS LLC,4,FY2024_Q4
"THOUGHTSPOT, INC.",4,FY2024_Q4
"EXAVALU, INC.",4,FY2024_Q4
ASOFT CONSULTING LLC,4,FY2024_Q4
"FREEPORTMCMORAN MORENCI, INC.",4,FY2024_Q4
"THE BRATTLE GROUP, INC.",4,FY2024_Q4
DANFOSS,4,FY2024_Q4
FINACLESOFT INC,4,FY2024_Q4
"COMPUTER AID, INC.",4,FY2024_Q4
BONSAI SOLUTIONS INC,4,FY2024_Q4
"AGILENT TECHNOLOGIES, INC.",4,FY2024_Q4
CHILDRENS PHYSICIAN SERVICES OF SOUTH TEXAS,4,FY2024_Q4
MATTEL SALES CORP.,4,FY2024_Q4
"INTELLIGRATED SYSTEMS, LLC",4,FY2024_Q4
"FEDEX SUPPLY CHAIN, INC.",4,FY2024_Q4
"ISPACE,INC.",4,FY2024_Q4
"KAPSCH TRAFFICCOM USA, INC.",4,FY2024_Q4
ENERIC PETROLEUM CORPORATION,4,FY2024_Q4
"INTUITIVE SURGICAL, INC.",4,FY2024_Q4
"SANDERS CANDY, LLC",4,FY2024_Q4
"SUZY, INC",4,FY2024_Q4
"ALTEN TECHNOLOGY USA, INC.",4,FY2024_Q4
MARCUM LLP,4,FY2024_Q4
"RESOURCE INFORMATICS GROUP, INC.",4,FY2024_Q4
"MTX GROUP, INC.",4,FY2024_Q4
RETAIL MANAGEMENT SERVICES CORP,4,FY2024_Q4
INVINCIBLE TECH SYSTEMS INC.,4,FY2024_Q4
TECHLANCE SOLUTIONS INC,4,FY2024_Q4
DARDEN CORPORATION,4,FY2024_Q4
GLOBAL TECHNICAL SOFTWARE SERVICES INC,4,FY2024_Q4
DUKE UNIVERSITY AND MEDICAL CENTER,4,FY2024_Q4
"BUJA EQUITY, LTD.",4,FY2024_Q4
"HANON SYSTEMS USA, LLC",4,FY2024_Q4
GLOBALGATE IT SOLUTIONS LLC,4,FY2024_Q4
"WOLFSPEED, INC.",4,FY2024_Q4
"EGIANTS TECHNOLOGIES, LLC.",4,FY2024_Q4
TREK BICYCLE CORPORATION,4,FY2024_Q4
H LEE MOFFITT CANCER CENTER  RESEARCH INSTITUTE I,4,FY2024_Q4
KUPERUS TRUCKING INC.,4,FY2024_Q4
NEEVA INC.,4,FY2024_Q4
"ADVENTIST HEALTH SYSTEMSUNBELT, INC. DBA ADVENT",4,FY2024_Q4
AFFIRM HOSPICE CARE INC,4,FY2024_Q4
HOSPICE BEST CARE,4,FY2024_Q4
"STOKES TRUCKING, LLC",4,FY2024_Q4
"ABBOTT DIABETES CARE, INC.",4,FY2024_Q4
FITCH RANCH,4,FY2024_Q4
"WILLIAMS SAUSAGE COMPANY, INC.",4,FY2024_Q4
COMPUTER SCIENCES CORPORATION,4,FY2024_Q4
PROFESSIONAL RESOURCE MANAGEMENT OF WIREGRASS LLC,4,FY2024_Q4
GE ENERGY MANAGEMENT SERVICES LLC,4,FY2024_Q4
GE RENEWABLES GRID LLC,4,FY2024_Q4
"NOTION LABS, INC.",4,FY2024_Q4
"DELASOFT, INC",4,FY2024_Q4
EISAI INC.,4,FY2024_Q4
GRANULES PHARMACEUTICALS INCORPORATED,4,FY2024_Q4
SERVO TECH INC.,4,FY2024_Q4
"COVENANT MEDICAL CENTER, INC.",4,FY2024_Q4
TEXAS AM UNIVERSITY,4,FY2024_Q4
ST. JOHNS WELL CHILD  FAMILY CENTER,4,FY2024_Q4
FLUENCE ENERGY LLC,4,FY2024_Q4
ZEKU INC.,4,FY2024_Q4
"JOYSON SAFETY SYSTEMS ACQUISITION, LLC",4,FY2024_Q4
HORIZONTAL WIRELINE SERVICES,4,FY2024_Q4
"GENERAL MOTORS FINANCIAL COMPANY, INC.",4,FY2024_Q4
"SEMICONDUCTOR COMPONENTS INDUSTRIES, LLC",4,FY2024_Q4
"ALPLA, INC.",4,FY2024_Q4
MONTEFIORE MEDICAL CENTER,4,FY2024_Q4
"FORVIS, LLP",4,FY2024_Q4
"VERTAFORE, INC.",4,FY2024_Q4
MILWAUKEE BOARD OF SCHOOL DIRECTORS,4,FY2024_Q4
COASTAL CAROLINA UNIVERSITY,4,FY2024_Q4
PROVIDENCE HEALTH  SERVICES  WASHINGTON,4,FY2024_Q4
"CYNOSURE TECHNOLOGIES,LLC",4,FY2024_Q4
HAMILTON COLLEGE,4,FY2024_Q4
"CB NEPTUNE HOLDINGS, LLC",4,FY2024_Q4
FENWICK  WEST LLP,4,FY2024_Q4
MJK WORLD INC.,4,FY2024_Q4
"CADENCE PREMIER GLOBAL, INC.",4,FY2024_Q4
SONY PICTURES ENTERTAINMENT INC.,4,FY2024_Q4
INTEGRITY FOODS INC,4,FY2024_Q4
"INVENSENSE, INC.",4,FY2024_Q4
ACORNS GROW INCORPORATED,4,FY2024_Q4
AQR CAPITAL MANAGEMENT,4,FY2024_Q4
ADROIX CORP DBA CODEFORCE 360,4,FY2024_Q4
"ITSYNTAX, INC.",4,FY2024_Q4
ADIENT US LLC,4,FY2024_Q4
UNIVERSITY OF DELAWARE,4,FY2024_Q4
"CALYPSO TECHNOLOGY, INC.",4,FY2024_Q4
MEMORIAL SLOANKETTERING CANCER CENTER,4,FY2024_Q4
"SCVNGR, INC.",4,FY2024_Q4
"DENSO INTERNATIONAL AMERICA, INC",4,FY2024_Q4
APPLOVIN CORPORATION,4,FY2024_Q4
INTRALOT INC,4,FY2024_Q4
"PETSMART LLC FKA PETSMART, INC.",4,FY2024_Q4
OUTREACH CORPORATION,4,FY2024_Q4
"TIVO PLATFORM TECHNOLOGIES, LLC",4,FY2024_Q4
CLS US SERVICES INC,4,FY2024_Q4
"BENTLEY SYSTEMS, INCORPORATED",4,FY2024_Q4
KONG INC.,4,FY2024_Q4
RERY LLC,4,FY2024_Q4
"LANDSCAPE MANAGEMENT SERVICES, INC.",4,FY2024_Q4
CSC HOLDINGS LLC,4,FY2024_Q4
BROADCOM CORPORATION,4,FY2024_Q4
"GM HOMES, INCORPORATED",4,FY2024_Q4
INFOBIZ SYSTEMS LLC,4,FY2024_Q4
AMERICLOUD SOLUTIONS INC.,4,FY2024_Q4
INGENICS CORPORATION,4,FY2024_Q4
AZ OHANA CARE HOME 2,4,FY2024_Q4
"BADCO, INC DBA MAID BRIGADE OF RVA",4,FY2024_Q4
AA PLUMBING CORP,4,FY2024_Q4
"KINESSO, LLC",4,FY2024_Q4
CYGNUS PROFESSIONALS INC,4,FY2024_Q4
BLACKROCK INSTITUTIONAL SERVICES INC.,4,FY2024_Q4
HARTFORD FIRE INSURANCE COMPANY,4,FY2024_Q4
"ENGINEERED PLASTIC COMPONENTS, INC.",4,FY2024_Q4
"AEROSEAL, LLC.",4,FY2024_Q4
"M3 LOGISTICS, INC.",4,FY2024_Q4
ACTIVEHOURS INC. DBA EARNIN,4,FY2024_Q4
FLUXTEK SOLUTIONS INC.,4,FY2024_Q4
"GH DANIELS  ASSOCIATES, INC",4,FY2024_Q4
ADBAKX LLC,4,FY2024_Q4
INRIKA INC,4,FY2024_Q4
"GALILEO FINANCIAL TECHNOLOGIES, LLC",4,FY2024_Q4
VOYA SERVICES COMPANY,4,FY2024_Q4
GQ GUEST HOMES INC,4,FY2024_Q4
QUICKLEY RESTAURANT,4,FY2024_Q4
NEXT GEN SOFTWARE SOLUTIONS LLC,4,FY2024_Q4
ORABASE SOLUTIONS LLC,4,FY2024_Q4
"DOUBLE D PRODUCE, INC.",4,FY2024_Q4
ADYEN N.V. SAN FRANCISCO BRANCH,4,FY2024_Q4
TAULIA INC.,4,FY2024_Q4
"MERCEDESBENZ VANS, LLC",4,FY2024_Q4
THE GORDIAN GROUP,4,FY2024_Q4
SENTIER LLC,4,FY2024_Q4
IMMERSIVETOUCH,4,FY2024_Q4
"THE DOTCOM.TEAM, LLC",4,FY2024_Q4
"TRANSAMERICAN POWER PRODUCTS, INC.",4,FY2024_Q4
"FLAT RATE, INC.",4,FY2024_Q4
ERNST  YOUNG LLP,4,FY2024_Q4
GEISINGER SYSTEM SERVICES,4,FY2024_Q4
DANLAW INC.,4,FY2024_Q4
"MELE LANDSCAPE CONTRACTORS, INC.",4,FY2024_Q4
USG CORPORATION,4,FY2024_Q4
BIG LOTS MANAGEMENT LLC,4,FY2024_Q4
U.S. TECH SOLUTIONS INC,4,FY2024_Q4
ABNORMAL SECURITY,4,FY2024_Q4
"BJS WHOLESALE CLUB, INC.",4,FY2024_Q4
STANFORD HEALTH CARE,4,FY2024_Q4
MIDLANDGUARDIAN CO.,4,FY2024_Q4
BANK OZK,4,FY2024_Q4
EXZAC INC DBA MATRIXEXZAC,4,FY2024_Q4
MOBILECOMM PROFESSIONALS. INC,4,FY2024_Q4
"COGENT MEDICAL CARE, PC",4,FY2024_Q4
SILVER LIFE HELPERS LLC,4,FY2024_Q4
"TECHNIP ENERGIES USA, INC.",4,FY2024_Q4
KRONOS INCORPORATE,4,FY2024_Q4
SHIPBOB INC.,4,FY2024_Q4
"COSTAR REALTY INFORMATION, INC",4,FY2024_Q4
CAMBREX CHARLES CITY,4,FY2024_Q4
IOWA PHYSICIANS CLINIC MEDICAL FOUNDATION,4,FY2024_Q4
ROCHESTER INSTITUTE OF TECHNOLOGY,4,FY2024_Q4
TINNO USA INC,4,FY2024_Q4
CEREBRA CONSULTING INC,4,FY2024_Q4
"M  M LAWN AND IRRIGATION, LLC",4,FY2024_Q4
PARTNERS GROUP USA INC,4,FY2024_Q4
"STARCOM WORLDWIDE, INC.",4,FY2024_Q4
LITA  AVA INC. DBA A GRACE SUBACUTE  SKILLED,4,FY2024_Q4
BARINGS LLC,4,FY2024_Q4
"B.YOND, INC.",4,FY2024_Q4
CREDIT ACCEPTANCE CORPORATION,4,FY2024_Q4
DREXEL UNIVERSITY,4,FY2024_Q4
UNIVERSITY OF NEW MEXICO,4,FY2024_Q4
"DIGITAL INTELLIGENCE SYSTEMS, LLC DISYS",4,FY2024_Q4
YORK INTERNATIONAL CORP,4,FY2024_Q4
"HANNIBAL REGIONAL HEALTHCARE SYSTEM, INC.",4,FY2024_Q4
SRSOFT INC.,4,FY2024_Q4
"THE UNIVERSITY OF TENNESSEE, KNOXVILLE",4,FY2024_Q4
"GREEN THUMB LAWNCARE N LANDSCAPE, LLC",4,FY2024_Q4
AMERICAN BUSINESS SOLUTIONS INC.,4,FY2024_Q4
UNIQ IT SOLUTIONS,4,FY2024_Q4
ENVISION PHYSICIAN SERVICES,4,FY2024_Q4
"CASTLETON COMMODITIES MANAGEMENT SERVICES, LLC",4,FY2024_Q4
"VEROTECH SOLUTIONS, LLC",4,FY2024_Q4
"DOLBY LABORATORIES, INC.",4,FY2024_Q4
CARECENTRIX,4,FY2024_Q4
DVG TECH SOLUTIONS LLC,4,FY2024_Q4
"A10 NETWORKS, INC. FORMERLY RAKSHA NETWORKS, INC",4,FY2024_Q4
"CONSTELLATION ENERGY GENERATION, LLC",4,FY2024_Q4
PCE PARAGON SOLUTIONS USA INC,4,FY2024_Q4
ORCHID ISLAND GOLF  BEACH CLUB,4,FY2024_Q4
"GEOMETRIC AMERICAS, INC.",4,FY2024_Q4
"SELECTIVA SYSTEMS, INC.",4,FY2024_Q4
"APEX IT SERVICES, LLC",4,FY2024_Q4
"MESO SCALE DIAGNOSTICS, LLC.",4,FY2024_Q4
"KISS NAIL PRODUCTS, INC.",4,FY2024_Q4
OKADA JAPANESE SEAFOOD  STEAKHOUSE RESTAURANT,4,FY2024_Q4
DAIMLER TRUCK NORTH AMERICA LLC,4,FY2024_Q4
"PORTLAND GENERAL ELECTRIC PORTLAND, OR",4,FY2024_Q4
"DELTA SYSTEM  SOFTWARE, INC",4,FY2024_Q4
SAI TECHNOLOGIES,4,FY2024_Q4
FORTUNE FOOD SERVICE COMPANY,4,FY2024_Q4
GILSANZ MURRAY STEFICEK LLP ENGINEERS AND ARCHITEC,4,FY2024_Q4
HOERBIGER SERVICE INC,4,FY2024_Q4
IDEO LP,4,FY2024_Q4
ALJANOR ENTERPRISES INC.  DBA RYE RACQUET CLUB,4,FY2024_Q4
CRITICALRIVER INC.,4,FY2024_Q4
"HORIZONTAL INTEGRATION, INC.",4,FY2024_Q4
AEVITAS IT LLC.,4,FY2024_Q4
HID GLOBAL CORPORATION,4,FY2024_Q4
VROOM,4,FY2024_Q4
"FIRST DERIVATIVES US, INC.",4,FY2024_Q4
KORN FERRY US,4,FY2024_Q4
GEORGE WASHINGTON UNIVERSITY,4,FY2024_Q4
"VERITIS GROUP, INC.",4,FY2024_Q4
FLEXION INC.,4,FY2024_Q4
MASHALLAH ICE CREAM CORP. DBA BASKIN ROBBINS,4,FY2024_Q4
SIMPSON TRUCKING  GRADING INC.,4,FY2024_Q4
"WESTERNACHER  PARTNER CONSULTING, INC.",4,FY2024_Q4
"TECHNOGEN, INC",4,FY2024_Q4
"CODEFIED INC., DBA HOUSECALL PRO",4,FY2024_Q4
PRIME BUSINESS TECHNOLOGIES INC,4,FY2024_Q4
ARROW  SOLUTIONS INC,4,FY2024_Q4
"CRUNCHYROLL, LLC",4,FY2024_Q4
CROWN EQUIPMENT CORPORATION,4,FY2024_Q4
"DCLIMATE, INC.",4,FY2024_Q4
KEYPIXEL SOFTWARE SOLUTIONS LLC,4,FY2024_Q4
SCIENCE APPLICATIONS INTERNATIONAL CORPORATION,4,FY2024_Q4
POLARIS INDUSTRIES INC.,4,FY2024_Q4
"BYD COACH AND BUS, LLC.",4,FY2024_Q4
"CHRISTIANA CARE HEALTH SERVICES, INC.",4,FY2024_Q4
SKULLCREEK DOCKSIDE,4,FY2024_Q4
LINS CONVENIENCE GROUP INC,4,FY2024_Q4
"FOUNDATION MEDICINE, INC.",4,FY2024_Q4
"TABOOLA, INC.",4,FY2024_Q4
HASHI SOLUTIONS LLC,4,FY2024_Q4
TECHWAVE CONSULTING INC,4,FY2024_Q4
"BALLON STOLL, P.C.",4,FY2024_Q4
HUDA INC.,4,FY2024_Q4
YOUNGSOFT INC.,4,FY2024_Q4
"FIGMA, INC.",4,FY2024_Q4
BLACKROCK INVESTMENT MANAGEMENT LLC,4,FY2024_Q4
EXCELON SOLUTIONS LLC,4,FY2024_Q4
"STREAMLINE TECHNOLOGIES, INC",4,FY2024_Q4
"SONY ELECTRONICS, INC.",4,FY2024_Q4
"SLIGO SOFTWARE SOLUTIONS, INC.",4,FY2024_Q4
CIGNA HEALTH AND LIFE INSURANCE COMPANY,4,FY2024_Q4
"MILLIMAN, INC.",4,FY2024_Q4
WEST TEXAS AM UNIVERSITY,4,FY2024_Q4
"TRUABUTMENT, INC.",4,FY2024_Q4
WISE I.T. INC.,4,FY2024_Q4
LENDINGTREE,4,FY2024_Q4
"BUCKEYE LODGING, LLC",4,FY2024_Q4
"COFFEYS LAWN CARE, LLC.",4,FY2024_Q4
"THE SIEGFRIED GROUP, LLP.",4,FY2024_Q4
MARKETAXESS CORPORATION,4,FY2024_Q4
MAXIMUS INC.,4,FY2024_Q4
MY3TECH INC,4,FY2024_Q4
"RADWARE, INC.",4,FY2024_Q4
"FINZLY, INC.",4,FY2024_Q4
MURPHY EXPLORATION  PRODUCTION COMPANY USA,4,FY2024_Q4
"CITY FURNITURE, INC.",4,FY2024_Q4
ENFUSION LLC,4,FY2024_Q4
"ALTERYX, INC.",4,FY2024_Q4
"XDIN, INC.",4,FY2024_Q4
"W.W. GRAINGER, INC.",4,FY2024_Q4
HONEYSYS LLC,4,FY2024_Q4
BOWIN ASSOCIATES LLC,4,FY2024_Q4
CIRA TEK INC,4,FY2024_Q4
"COLLASYS, L.L.C.",4,FY2024_Q4
IOWA STATE UNIVERSITY,4,FY2024_Q4
"SOFTCORP INTERNATIONAL, INC.",4,FY2024_Q4
QBOTICA INC.,4,FY2024_Q4
ACUMEN LLC,4,FY2024_Q4
ST. NORBERT COLLEGE,4,FY2024_Q4
"CELER SYSTEMS, INC",4,FY2024_Q4
"TIGERMEDBDM, INC DBA TIGERMED CONSULTING, INC.",4,FY2024_Q4
JD PIZZA INC DBA DOMINOS PIZZA,4,FY2024_Q4
"ALAMO NEX CONSTRUCTION, LLC",4,FY2024_Q4
"UNIVERSITY OF NEVADA, LAS VEGAS",4,FY2024_Q4
LUMINATOR TECHNOLOGY GROUP,4,FY2024_Q4
"PUBMATIC, INC.",4,FY2024_Q4
"SUPRASOFT, INC",4,FY2024_Q4
VANDERBILT UNIVERSITY,4,FY2024_Q4
MAUREEN JOY CHARTER SCHOOL,4,FY2024_Q4
DEPAUL UNIVERSITY,4,FY2024_Q4
"LOTUSWORKS, INC.",4,FY2024_Q4
BITWISE INC.,4,FY2024_Q4
"CYMER, LLC",4,FY2024_Q4
VOLENS LLC,4,FY2024_Q4
GRAND SUPERCENTER INC,4,FY2024_Q4
ELC MANAGEMENT LLC,4,FY2024_Q4
DSI TELECOM INC,4,FY2024_Q4
"KAIZEN TECHNOLOGIES, INC",4,FY2024_Q4
"XCOM LABS, INC.",4,FY2024_Q4
"TEMPUS LABS, INC.",4,FY2024_Q4
INTELLYK INC.,4,FY2024_Q4
STONEX GROUP INC.,4,FY2024_Q4
STATE FARM MUTUAL AUTOMOBILE INSURANCE COMPANY,4,FY2024_Q4
GREEN DOT CORPORATION,4,FY2024_Q4
"FLUOR ENTERPRISES, INC.",4,FY2024_Q4
H  A HOSPICE INC.,4,FY2024_Q4
QUANTUM GLOBAL HEALTH GROUP,4,FY2024_Q4
"FRONTAGE LABORATORIES, INC.",4,FY2024_Q4
THE OHIO STATE UNIVERSITY,4,FY2024_Q4
"MARK DAVID LEVINE, M.D., PROFESSIONAL CORPORATION",4,FY2024_Q4
BRAZILIAN GRILL,4,FY2024_Q4
WIN WIN AVIATION INC,4,FY2024_Q4
"ALLIED BUSINESS CONSULTING, INC.",4,FY2024_Q4
IQUADRA INFORMATION SERVICES LLC,4,FY2024_Q4
"SENSEONICS, INCORPORATED",4,FY2024_Q4
THUNDERSOFT AMERICA CORP,4,FY2024_Q4
SENIOR LIVING SOLUTIONS,4,FY2024_Q4
SITIME CORPORATION,4,FY2024_Q4
"RADIAN GUARANTY, INC",4,FY2024_Q4
TRICITIES COMMUNITY HEALTH,4,FY2024_Q4
"INTELLISOFT TECHNOLOGIES, INC.",4,FY2024_Q4
"HIPPO EMPLOYEE SERVICES, INC DBA HIPPO INSURANCE",4,FY2024_Q4
G  L CARE HOME,4,FY2024_Q4
BOJADZIC CONSTRUCTION LLC,4,FY2024_Q4
ATHENA TECH INC,4,FY2024_Q4
OZONE NETWORK INC. DBA OPENSEA,4,FY2024_Q4
"OPERATION TECHNOLOGY, INC DBA ETAP",4,FY2024_Q4
GE DIGITAL HOLDINGS LLC,4,FY2024_Q4
"INSIGHT DIRECT USA, INC.",4,FY2024_Q4
ARTHREX INC,4,FY2024_Q4
UNIVERSITY OF WISCONSINMILWAUKEE,4,FY2024_Q4
HSQUARE IT SOLUTIONS INC,4,FY2024_Q4
MICHIGAN TECHNOLOGICAL UNIVERSITY,4,FY2024_Q4
LAK SOFTWARE SOLUTIONS INC,4,FY2024_Q4
ASIAN BISTRO LLC,4,FY2024_Q4
TYLER TECHNOLOGIES INC,4,FY2024_Q4
PALL CORPORATION,4,FY2024_Q4
COPPER DART INC,4,FY2024_Q4
"WHOLE FOODS MARKET SERVICES, INC.",4,FY2024_Q4
VSC IMPORTS TA MEDITERRANEAN CATERING,4,FY2024_Q4
"A CUT ABOVE LAWN SERVICE, INC.",4,FY2024_Q4
TEKNITI LLC.,4,FY2024_Q4
CAREPOINT DENTAL PLLC,4,FY2024_Q4
"ANVETA, INC",4,FY2024_Q4
BEST WAY INTERNATIONAL LLC,4,FY2024_Q4
BHRIGUS INC,4,FY2024_Q4
I  I WHOLESALE CORP.,4,FY2024_Q4
"ALTA JANITORIAL SERVICES, LLC",4,FY2024_Q4
"EINFOCHIPS, INC.",4,FY2024_Q4
EDF RENEWABLES INC.,4,FY2024_Q4
NEURALINK CORP.,4,FY2024_Q4
LOPES  SOUSA,4,FY2024_Q4
RADCOM SOFTWARE SERVICES LLC,4,FY2024_Q4
"SOFTECH INTERNATIONAL RESOURCE, INC.",4,FY2024_Q4
"KIMBERLYCLARK USA, LLC",4,FY2024_Q4
"UNIVERSITY HOSPITALS MEDICAL GROUP, INC.",4,FY2024_Q4
CLOVER LAWN CARE INC,4,FY2024_Q4
"EXODUSPOINT CAPITAL MANAGEMENT, LP",4,FY2024_Q4
FMC CORPORATION,4,FY2024_Q4
"GLOBAL TECHNOLOGY ASSOCIATES, LLC",4,FY2024_Q4
"AGITECH SOLUTIONS, INC",4,FY2024_Q4
ARCH CAPITAL SERVICES LLC,4,FY2024_Q4
ASCEND TECHNOLOGY INC,4,FY2024_Q4
APPALACHIAN STATE UNIVERSITY,4,FY2024_Q4
COASTAL CONSTRUCTION GROUP OF SOUTH FLORIDA,4,FY2024_Q4
AVERA MCKENNAN HOSPITAL  UNIVERSITY HEALTH CENTER,4,FY2024_Q4
BELLA VISTA SENIOR CARE LLC,4,FY2024_Q4
METRO MAN II INC.DBA FOUR SEASON NURSING CENTER OF,4,FY2024_Q4
"AMERICAN AXLE  MANUFACTURING, INC.",4,FY2024_Q4
GROKSYS LLC,4,FY2024_Q4
EMPIRE HEALTH SYSTEMS,4,FY2024_Q4
MINICIRCUITS,4,FY2024_Q4
ETECH GLOBAL IT SOLUTIONS LLC,4,FY2024_Q4
SOS DIESEL MECHANICAL SERVICES,4,FY2024_Q4
"AMBIOPHARM, INC.",4,FY2024_Q4
"STR GROUP USA, INC",4,FY2024_Q4
"STAR HOME HEALTH, INC.",4,FY2024_Q4
NUTRAMED PACKAGING INC.,4,FY2024_Q4
HAPPIEST MINDS TECHNOLOGIES PVT LTD,4,FY2024_Q4
"NOMURA SECURITIES INTERNATIONAL, INC.",4,FY2024_Q4
"FLEXERA GLOBAL, INC",4,FY2024_Q4
ALICE TECH SOLUTIONS LLC,4,FY2024_Q4
"HOSPITALIST MEDICINE PHYSICIANS OF TEXAS, PLLC",4,FY2024_Q4
VIKING ENTERPRISES INC.,4,FY2024_Q4
ITRENDING SOLUTIONS,4,FY2024_Q4
"HORIZON THERAPEUTICS USA, INC.",4,FY2024_Q4
MLJ LLC DBA MEI THAI RESTAURANT,4,FY2024_Q4
HOUSKA INC.,4,FY2024_Q4
IM PRO MAKEUP NY LP,4,FY2024_Q4
"MGM RESORTS SATELLITE, LLC",4,FY2024_Q4
"MEYER, BORGMAN  JOHNSON, INC.",4,FY2024_Q4
MOUNT AIRY CITY SCHOOLS,4,FY2024_Q4
TOWER RESEARCH CAPITAL LLC,4,FY2024_Q4
KS PLUS INC,4,FY2024_Q4
"NIVID INFOTECH INC.,",4,FY2024_Q4
RIGAS TECHNOLOGIES INC,4,FY2024_Q4
ZHANNA BASINA,4,FY2024_Q4
YOHANA LLC,4,FY2024_Q4
TEKSHAPERS INC.,4,FY2024_Q4
V2SOFT INC,4,FY2024_Q4
UV TECHNOLOGY SOLUTIONS INC,4,FY2024_Q4
"VIRTUOUSPROS, INC.",4,FY2024_Q4
ONWARD TECHNOLOGIES INC,4,FY2024_Q4
WISK AERO LLC,4,FY2024_Q4
SAVVY INFO SYSTEMS INC,4,FY2024_Q4
"GUYOUNGTECH USA, INC.",4,FY2024_Q4
DETROIT ENGINEERED PRODUCTS,4,FY2024_Q4
ALLSCAPE PROPERTY SERVICES LLC,4,FY2024_Q4
KHAAMAR BAARI SUPERMARKET LLC,4,FY2024_Q4
"ASAFO AFRICAN FOOD DISTRIBUTORS, LLC",4,FY2024_Q4
ANTIOCH ICF INC.,4,FY2024_Q4
BHTJ INVESTMENT INC,4,FY2024_Q4
A INSURANCE DESIGNERS LLC,4,FY2024_Q4
"BEYOND FINANCE, LLC",4,FY2024_Q4
DIGITAL SCRIPTS INC,4,FY2024_Q4
HGS DIGITAL LLC,4,FY2024_Q4
"JAVEN TECHNOLOGIES, INC.",4,FY2024_Q4
ENNEAD ARCHITECTS LLP,4,FY2024_Q4
BRUCE RESTAURANTS LLC,4,FY2024_Q4
JDBN LLC DBA DOMODOMO KITCHEN,4,FY2024_Q4
CARIAD INC.,4,FY2024_Q4
"DESERT VALLEY HOSPITAL, INC",4,FY2024_Q4
"CARDIOLOGY ASSOCIATES OF JONESBORO, INC",4,FY2024_Q4
AMERIGAS,4,FY2024_Q4
HORIZON INTERNATIONAL TRD. INC.,4,FY2024_Q4
FLOYD VALLEY HEALTHCARE,4,FY2024_Q4
EICHELBERGER FARMS INC,4,FY2024_Q4
"STAXA TECHNOLOGIES, LLC",4,FY2024_Q4
MOZILLA CORPORATION,4,FY2024_Q4
KJ INFO LLC,4,FY2024_Q4
JTT ENTERPRISE LLC,4,FY2024_Q4
"MOR CONSTRUCTION SERVICES, INC",4,FY2024_Q4
"STANDISH MANAGEMENT, LLC",4,FY2024_Q4
"SQA CONCEPTS, INC.",4,FY2024_Q4
"NEXTSPHERE TECHNOLOGIES, INC.",4,FY2024_Q4
UNIVERSITY OF MARYLAND MEDICAL SYSTEM,4,FY2024_Q4
MEDHOK INC,4,FY2024_Q4
ONETRUST,4,FY2024_Q4
"OCTOML, INC.",4,FY2024_Q4
"REALSOFT TECHNOLOGIES, LLC",4,FY2024_Q4
TSQ SYSTEMS INC,4,FY2024_Q4
THE UNIVERSITY OF MEMPHIS,4,FY2024_Q4
"TOTAL NUTRITION PARTNERS, LLC",4,FY2024_Q4
THE HERSHEY COMPANY,4,FY2024_Q4
PROBPM INC,4,FY2024_Q4
ROCKET HOMES REAL ESTATE LLC,4,FY2024_Q4
VIRTUE SOFTWARE SOLUTIONS LLC,4,FY2024_Q4
ST PAPER LLC,4,FY2024_Q4
SP RESTON INC,4,FY2024_Q4
SAVIN TECHNOLOGIES,4,FY2024_Q4
"VANCUREN SERVICES, INC.",4,FY2024_Q4
VANDERLANDE INDUSTRIES,4,FY2024_Q4
"ZALE DELAWARE, INC.",4,FY2024_Q4
"TAMARACK GROVE ENGINEERING, PLLC",4,FY2024_Q4
"YAK  YETI, INC",4,FY2024_Q4
"IHEALTH LABS, INC.",4,FY2024_Q4
WARRENTON DONUT LLC,4,FY2024_Q4
"FRIENDS OF CROWN HEIGHTS EDUCATIONAL CENTERS, INC.",4,FY2024_Q4
"GIOIA CONCRETE CONSTRUCTION, INC.",4,FY2024_Q4
"PUPILO AGENCY, INC",4,FY2024_Q4
WOEHLER LANDSCAPING LLC,4,FY2024_Q4
AMDOCS INC.,3,FY2024_Q4
OCEAN BLUE EXPRESS INC.,3,FY2024_Q4
WAVESTONE,3,FY2024_Q4
ONSTAK.COM,3,FY2024_Q4
TEKASSEMBLY CORPORATION,3,FY2024_Q4
"HARVEST SOFTWARE SOLUTIONS, LLC",3,FY2024_Q4
"INDUS VALLEY CONSULTANTS, INC.",3,FY2024_Q4
MATERIAL HANDLING SYSTEMS INC,3,FY2024_Q4
VIRGINIA ACCOUNTING SERVICES INC.,3,FY2024_Q4
CAPE SEAFOOD LLC,3,FY2024_Q4
"ROHDE  SCHWARZ USA, INC.",3,FY2024_Q4
GOPRO INC.,3,FY2024_Q4
ACLOR INC.,3,FY2024_Q4
"HANWHA Q CELLS USA, INC.",3,FY2024_Q4
ITIYAM LLC,3,FY2024_Q4
"PROVATION SOFTWARE, INC.",3,FY2024_Q4
"ICS GLOBAL SOFT, INC",3,FY2024_Q4
FRUGAL SOLUTIONS INC,3,FY2024_Q4
IMETRIS CORPORATION,3,FY2024_Q4
AMERICAN SPECIALTY HEALTH INCORPORATED,3,FY2024_Q4
3S NETWORK INC.,3,FY2024_Q4
PHONE LCD PARTS LLC,3,FY2024_Q4
CREDIT AGRICOLE CORPORATE  INVESTMENT BANK,3,FY2024_Q4
SUN LIFE FINANCIAL U.S. SERVICES COMPANY,3,FY2024_Q4
"APOLLO MANAGEMENT HOLDINGS, L.P.",3,FY2024_Q4
"SMARTWORKS, LLC",3,FY2024_Q4
EARNEST LLC,3,FY2024_Q4
KOLLA SOFT INC,3,FY2024_Q4
HARRIS TEETER,3,FY2024_Q4
ARTHA DATA SOLUTIONS LLC,3,FY2024_Q4
DAMIAN CONSULTING INC,3,FY2024_Q4
"MITSUBISHI POWER AMERICAS, INC.",3,FY2024_Q4
IVANTI INC.,3,FY2024_Q4
"BITSIO, INC.",3,FY2024_Q4
HARSCO RAIL,3,FY2024_Q4
CLEMSON UNIVERSITY,3,FY2024_Q4
"BRISTOL HOSPITAL MULTISPECIALTY GROUP, INC",3,FY2024_Q4
WADE FARMS,3,FY2024_Q4
SPARTANWOOD LLC,3,FY2024_Q4
JL HOME PROJECTS INC,3,FY2024_Q4
LARSEN  TOUBRO INFOTECH LIMITED,3,FY2024_Q4
ENEXUS INC,3,FY2024_Q4
"RUCKUS WIRELESS, INC.",3,FY2024_Q4
"FOOT LOCKER CORPORATE SERVICES, INC.",3,FY2024_Q4
MOEN INCORPORATED,3,FY2024_Q4
TUSIMPLE. INC.,3,FY2024_Q4
"MOBICA US, INC.",3,FY2024_Q4
MERCER HEALTH  BENEFITS LLC,3,FY2024_Q4
KRUECK SEXTON PARTNERS,3,FY2024_Q4
REHMAN LLC,3,FY2024_Q4
"TIGERGRAPH, INC.",3,FY2024_Q4
SHIPCO TRANSPORT INC.,3,FY2024_Q4
"BLUE ACORN ICI, INC",3,FY2024_Q4
"SHAH, DIXIT  ASSOCIATES, P.C.",3,FY2024_Q4
"BRIDGEWATER ASSOCIATES, LP",3,FY2024_Q4
HIGHRADIUS CORPORATION,3,FY2024_Q4
"PRUTECH SOLUTIONS, INC",3,FY2024_Q4
USABLE MUTUAL INSURANCE COMPANY,3,FY2024_Q4
"JRI AMERICA, INC.",3,FY2024_Q4
EGENCIA LLC,3,FY2024_Q4
BEACONFIRE SOLUTION INC.,3,FY2024_Q4
GEEKSOFT LLC,3,FY2024_Q4
MILLENNIUM SOFTWARE INC.,3,FY2024_Q4
"VENTANA MEDICAL SYSTEMS, INC",3,FY2024_Q4
H.S.S. L.L.C.,3,FY2024_Q4
TORY BURCH LLC,3,FY2024_Q4
CHEN FAMILY DISH RESTAURANT INC,3,FY2024_Q4
EDITAS MEDICINE INC.,3,FY2024_Q4
"HAN IT STAFFING INC.,",3,FY2024_Q4
NITCO INC,3,FY2024_Q4
ITEK SOFTWARE LLC,3,FY2024_Q4
GOTO TECHNOLOGIES USA INC,3,FY2024_Q4
LENDINGPOINT LLC,3,FY2024_Q4
SANOFI US SERVICES INC.,3,FY2024_Q4
"SMART ENERGY SYSTEMS, INC",3,FY2024_Q4
ECOVUE SOLUTIONS LLC,3,FY2024_Q4
JJ TECHSYSTEMS INC,3,FY2024_Q4
EXPERIS US LLC,3,FY2024_Q4
INFORMATION DATA SYSTEMS INC,3,FY2024_Q4
"NYSE MARKET DE, INC.",3,FY2024_Q4
"DATAMART SYSTEMS, INC",3,FY2024_Q4
"MILK PAIL, LLC",3,FY2024_Q4
"MARS PETCARE US, INC.",3,FY2024_Q4
CRESTVIEW MANAGEMENT LLC,3,FY2024_Q4
THE KANSAS CITY SOUTHERN RAILWAY COMPANY,3,FY2024_Q4
AIR WORLDWIDE,3,FY2024_Q4
"CC SERVICES, INC",3,FY2024_Q4
"WEBJECT SYSTEMS, INC.",3,FY2024_Q4
SPURCROFT INC,3,FY2024_Q4
"HAMMEL, GREEN AND ABRAHAMSON, INC.",3,FY2024_Q4
"SJH ENGINEERING, P.C.",3,FY2024_Q4
"SF MOTORS, INC.",3,FY2024_Q4
EAST POINT ACADEMY,3,FY2024_Q4
SEISMIC SOFTWARE INC.,3,FY2024_Q4
"KANSAS GASTROENTEROLOGY, LLC",3,FY2024_Q4
"HOSPITALIST MEDICINE PHYSICIANS OF WEST VIRGINIA,",3,FY2024_Q4
SANFORD HEALTH,3,FY2024_Q4
"O  M TB, LLC",3,FY2024_Q4
"HAMILTON HOTEL PARTNERS, LLC",3,FY2024_Q4
"ARRIS GLOBAL SERVICES, INC.",3,FY2024_Q4
"BIORAD LABORATORIES, INC.",3,FY2024_Q4
"UNIVERSITY HOSPITALS HEALTH SYSTEM, INC.",3,FY2024_Q4
ZYNGA INC.,3,FY2024_Q4
GLOBAL SUMI TECHNOLOGIEIS INC,3,FY2024_Q4
HEALTHY START ACADEMY,3,FY2024_Q4
"RODRIGUEZ YARD CARE, INC",3,FY2024_Q4
"SCHNEIDER ELECTRIC SYSTEMS USA, INC.",3,FY2024_Q4
YEHEZKEL CPA LLC,3,FY2024_Q4
MILBANK LLP,3,FY2024_Q4
VENNISON TECHNOLOGIES INC,3,FY2024_Q4
"UNIVERSITY OF CALIFORNIA, SAN FRANCISCO",3,FY2024_Q4
LINCOLN NATIONAL CORPORATION,3,FY2024_Q4
GROQ INC,3,FY2024_Q4
"LEE FAMILY ENTERPRISES, INC",3,FY2024_Q4
"CORTES DISTRIBUTORS, LLC",3,FY2024_Q4
EMPIRE EXPRESS LLC,3,FY2024_Q4
"ULTRAGENYX PHARMACEUTICAL, INC.",3,FY2024_Q4
CHINA TELECOM AMERICAS CORPORATION,3,FY2024_Q4
"CONVERGENT SCIENCE, INC.",3,FY2024_Q4
"IBASE OF FAIRFIELD COUNTY, LLC DBA QUALITEST GRO",3,FY2024_Q4
"EZE CASTLE SOFTWARE LLC, AN EZE SOFTWARE GROUP COM",3,FY2024_Q4
EXPRESS GLOBAL SOLUTIONS,3,FY2024_Q4
LORSIV TECHNOLOGIES INC,3,FY2024_Q4
VONAGE BUSINESS INC.,3,FY2024_Q4
REGAL REXNORD CORPORATION,3,FY2024_Q4
VIDANT MEDICAL GROUP,3,FY2024_Q4
JA RAMEN LLCCORPORATION,3,FY2024_Q4
DEL AUTOMOTIVE INC,3,FY2024_Q4
"BYTE LINK SYSTEMS, INC.",3,FY2024_Q4
"PIONEER NATURAL RESOURCES USA, INC.",3,FY2024_Q4
"BOLD PENGUIN, INC.",3,FY2024_Q4
BANYA TREE CORPORATE LLC DBA MANGO THAI CUISINE,3,FY2024_Q4
"ROCKY MOUNTAIN CUSTOM LANDSCAPES, INC.",3,FY2024_Q4
PLUTO INC,3,FY2024_Q4
"BIGFOOT BIOMEDICAL, INC.",3,FY2024_Q4
STIFEL FINANCIAL CORP,3,FY2024_Q4
"AMOBEE, INC.",3,FY2024_Q4
SYSINTEL INC,3,FY2024_Q4
"RISK MANAGEMENT SOLUTIONS, INC.",3,FY2024_Q4
OPTIV SECURITY INC.,3,FY2024_Q4
"ENFOTECH  CONSULTING, INC.",3,FY2024_Q4
ADROIT TECHNOLOGIES  CLOUD SOLUTIONS INC.,3,FY2024_Q4
RK INFOTECH LLC,3,FY2024_Q4
BLUE CROSS BLUE SHIELD OF MICHIGAN,3,FY2024_Q4
"KOHLS, INC.",3,FY2024_Q4
"ACCELA, INC.",3,FY2024_Q4
ABU OMAR HALAL LLC,3,FY2024_Q4
PUETZ DESIGN  BUILD INC.,3,FY2024_Q4
INSTRUMENTATION LABORATORY,3,FY2024_Q4
SUPREME INTERNATIONAL USA INC,3,FY2024_Q4
FEDEX EXPRESS,3,FY2024_Q4
NETLOGIC SOLUTIONS INC,3,FY2024_Q4
"TTEC DIGITAL, LLC",3,FY2024_Q4
HORIZON MEDIA,3,FY2024_Q4
"PEPPERIDGE FARM, INC.",3,FY2024_Q4
TPF SOFTWARE INC,3,FY2024_Q4
TECHNOSQUARE INC,3,FY2024_Q4
RGB SYSTEMS DBA EXTRON ELECTRONICS,3,FY2024_Q4
SOUTHWEST BUSINESS CORPORATION,3,FY2024_Q4
"LUMENDATA, INC.",3,FY2024_Q4
NIKOLA CORPORATION,3,FY2024_Q4
WEIL GOTSHAL  MANGES LLP,3,FY2024_Q4
SOUMAVA SEN DDS PC,3,FY2024_Q4
"HEMATOLOGY ONCOLOGY ASSOCIATES, P.C.",3,FY2024_Q4
BAPTIST HEALTH SOUTH FLORIDA INC,3,FY2024_Q4
NGK SPARK PLUGS U.S.A INC.,3,FY2024_Q4
LG ELECTRONICS USA INC,3,FY2024_Q4
"WILLIAMSSONOMA, INC.",3,FY2024_Q4
DFS SERVICES LLC,3,FY2024_Q4
"VIASAT, INC.",3,FY2024_Q4
"THEMATHCOMPANY,INC.",3,FY2024_Q4
PSCU,3,FY2024_Q4
"SANDVICK ARCHITECTS, INC.",3,FY2024_Q4
"WAYSIDE YOUTH  FAMILY SUPPORT NETWORK, INC.",3,FY2024_Q4
BUXTON CONSULTING INC,3,FY2024_Q4
AMAZECH SOLUTIONS LLC,3,FY2024_Q4
AB TECHNOLOGIES INC,3,FY2024_Q4
CLOUDTRON CORP DBA HEXADUS CORP,3,FY2024_Q4
AADVANCE TOUCH VENTURES INC,3,FY2024_Q4
ACCURAY INCORPORATED,3,FY2024_Q4
"TRC ENGINEERS, LLC",3,FY2024_Q4
ALLEN  OVERY LLP,3,FY2024_Q4
"NORTH PLATTE, NEBRASKA HOSPITAL CORPORATION, DBA",3,FY2024_Q4
"LINDE ENGINEERING NORTH AMERICA, LLC",3,FY2024_Q4
EOS ACCOUNTANTS LLP,3,FY2024_Q4
"BASS PRO, LLC",3,FY2024_Q4
VIRTUAL LABS INC,3,FY2024_Q4
ICF INCORPORATED LLC.,3,FY2024_Q4
VANCE COUNTY SCHOOLS,3,FY2024_Q4
"PHYSICIANS NETWORK MEDICAL GROUP, INC.",3,FY2024_Q4
MEDEIROS SOUZA CORP,3,FY2024_Q4
APIXIO,3,FY2024_Q4
NATUS MEDICAL INCORPORATED,3,FY2024_Q4
BASF CORPORATION,3,FY2024_Q4
"THE CARLYLE GROUP EMPLOYEE CO., LLC",3,FY2024_Q4
HARWARD TECHNOLOGIES LLC,3,FY2024_Q4
IDRIL SERVICES CORPORATION,3,FY2024_Q4
"HEARTLAND PAYMENT SYSTEMS, LLC",3,FY2024_Q4
GLOBAL PAYMENT HOLDING COMPANY,3,FY2024_Q4
ENCLOUD SERVICES LLC,3,FY2024_Q4
ENPHASE ENERGY,3,FY2024_Q4
EMERGTECH BUSINESS SOLUTIONS INC,3,FY2024_Q4
SCHNEIDER ENTERPRISE RESOURCES,3,FY2024_Q4
FOX FACTORY INC,3,FY2024_Q4
LIBERTY OILFIELD SERVICES LLC,3,FY2024_Q4
UNIVERSITY OF MARYLAND,3,FY2024_Q4
COTTLE ENGINEERING SERVICES LLC,3,FY2024_Q4
CLARIUM MANEGED SERVICES LLC,3,FY2024_Q4
CIS TECHNOLOGIES INC,3,FY2024_Q4
"INMAR, INC.",3,FY2024_Q4
"MCAFEE, LLC",3,FY2024_Q4
VAARG INC.,3,FY2024_Q4
"ADVERTEX COMMUNICATIONS, INC.",3,FY2024_Q4
AB SCIEX,3,FY2024_Q4
LIVEWIRE EV LLC,3,FY2024_Q4
"KUMHO TIRE GEORGIA, INC.",3,FY2024_Q4
THE AROOSTOOK MEDICAL CENTER,3,FY2024_Q4
"INTEGRIS HEALTH, INC.",3,FY2024_Q4
"MASTER TOUCH POOL SERVICES, INC",3,FY2024_Q4
MCKINSOL CONSULTING INCORPORATION,3,FY2024_Q4
IFLOWSOFT SOLUTIONS INC,3,FY2024_Q4
COMPUTER PACKAGES INC.,3,FY2024_Q4
ROCKSTAR GAMES INC.,3,FY2024_Q4
"INDSOFT,INC",3,FY2024_Q4
"MIDATLANTIC PERMANENTE MEDICAL GROUP, PC",3,FY2024_Q4
WABTEC RAILWAY ELECTRONICS,3,FY2024_Q4
COMMON SECURITIZATION SOLUTIONS,3,FY2024_Q4
NEVADA POWER COMPANY DBA NV ENERGY,3,FY2024_Q4
"NAVIENT SOLUTION, INC",3,FY2024_Q4
"APTEAN, INC.",3,FY2024_Q4
PRODUCTIV INC.,3,FY2024_Q4
NALASHAA LLC,3,FY2024_Q4
"TELECOMMUNICATION SYSTEMS, INC.",3,FY2024_Q4
KIEWIT CORPORATION,3,FY2024_Q4
"KEITH AND ASSOCIATES, INC.",3,FY2024_Q4
NEW TABAQ INC,3,FY2024_Q4
NC COMMUNICATION INC,3,FY2024_Q4
METROPOLITAN CONCRETE CORP,3,FY2024_Q4
"LATITUDE 36, INC.",3,FY2024_Q4
CHILDRENS HOSPITAL LOS ANGELES,3,FY2024_Q4
CLEAR THOUGHT SOLUTIONS LLC,3,FY2024_Q4
"THE STAR OF SIAM, INC.",3,FY2024_Q4
CAFE MOZART BAKERY,3,FY2024_Q4
DALLAS COUNTY HOSPITAL DISTRICT,3,FY2024_Q4
"LOOKOUT, INC.",3,FY2024_Q4
"NET HEALTH SYSTEMS, INC.",3,FY2024_Q4
LENOVO,3,FY2024_Q4
TOPI LLC,3,FY2024_Q4
"NATIVE RESOURCES INTERNATIONAL, INC.",3,FY2024_Q4
MOTOROLA MOBILITY LLC,3,FY2024_Q4
SNRC INC,3,FY2024_Q4
ORPINE INC,3,FY2024_Q4
RELEVANTZ TECHNOLOGY SERVICES INC,3,FY2024_Q4
"PROLIANT, INC",3,FY2024_Q4
P2S INC,3,FY2024_Q4
EMD MILLIPORE CORPORATION,3,FY2024_Q4
B.BRAUN MEDICAL,3,FY2024_Q4
G  G RESIDENTIAL,3,FY2024_Q4
DREMIO,3,FY2024_Q4
THE ROCK TILES DOCTOR,3,FY2024_Q4
"MEDITCO, INC DBA PHOENICIA SPECIALTY FOODS",3,FY2024_Q4
"PGIM, INC.",3,FY2024_Q4
"SUNERA TECHNOLOGIES, INC",3,FY2024_Q4
INTERMEC TECHNOLOGIES CO,3,FY2024_Q4
TECHNOVA SYSTEMS INC,3,FY2024_Q4
TEK NINJAS SOLUTIONS LLC,3,FY2024_Q4
M A MORTENSON COMPANY,3,FY2024_Q4
"TECHNICOLOR CREATIVE SERVICES USA, INC.",3,FY2024_Q4
"AURIA ST. CLAIR, LLC",3,FY2024_Q4
ZF ACTIVE SAFETY US INC.,3,FY2024_Q4
"LUMOS LANGUAGE SCHOOL, INC",3,FY2024_Q4
"LUXOTTICA OF AMERICA, INC.",3,FY2024_Q4
"ZELIS HEALTHCARE, LLC",3,FY2024_Q4
ONESTOPD SOLUTIONS INC.,3,FY2024_Q4
ALFA INSURANCE,3,FY2024_Q4
"TURNBERRY SOLUTIONS, INC",3,FY2024_Q4
"GREATBATCH, LTD.",3,FY2024_Q4
"PUBG SANTA MONICA, INC.",3,FY2024_Q4
FATHER FLANAGANS BOYS HOME,3,FY2024_Q4
"CNJ,INC.",3,FY2024_Q4
FOXTRAN INC,3,FY2024_Q4
"COURSERA, INC.",3,FY2024_Q4
"MERCER HR SERVICES, LLC",3,FY2024_Q4
COLSH CONSULTANTS LLC,3,FY2024_Q4
"MAXISIT, INC",3,FY2024_Q4
DATA.AI,3,FY2024_Q4
GULFSTREAM AEROSPACE CORPORATION,3,FY2024_Q4
"VADO PAZZO, INC. DBA BRICCO",3,FY2024_Q4
CAMBIUM ASSESSMENT INC.,3,FY2024_Q4
INFO SERVICES LLC,3,FY2024_Q4
"CNET GLOBAL SOLUTIONS, INC",3,FY2024_Q4
MAXDECISIONS LLC,3,FY2024_Q4
DR. DENTAL OF NEW ENGLAND,3,FY2024_Q4
"AXALTA COATING SYSTEMS, LLC",3,FY2024_Q4
THE PROCTER  GAMBLE COMPANY,3,FY2024_Q4
TROVETECHS INC,3,FY2024_Q4
SOFTWARE BOTS INC,3,FY2024_Q4
"KET SOFTWARE SERVICES, LLC",3,FY2024_Q4
UNITED NATIONS FEDERAL CREDIT UNION,3,FY2024_Q4
MOBILE INTEGRATION WORKGROUP,3,FY2024_Q4
"KPK TECHNOLOGIES, INC.",3,FY2024_Q4
SEATTLE CHILDRENS HOSPITAL,3,FY2024_Q4
"EHEALTHINSURANCE SERVICES, INC",3,FY2024_Q4
"METTLERTOLEDO, LLC",3,FY2024_Q4
"DUPONT SPECIALTY PRODUCTS USA, LLC",3,FY2024_Q4
THE UNIVERSITY OF SCRANTON,3,FY2024_Q4
METSO OUTOTEC USA INC.,3,FY2024_Q4
BAKER  TAYLOR,3,FY2024_Q4
CAPITAL RESEARCH AND MANAGEMENT COMPANY,3,FY2024_Q4
GBT US LLC,3,FY2024_Q4
FUSEMACHINES INC.,3,FY2024_Q4
CERTAINTEED LLC,3,FY2024_Q4
CEO FOUNDRY LLC,3,FY2024_Q4
MAN INVESTMENTS USA HOLDINGS INC.,3,FY2024_Q4
ADAEQUARE INC,3,FY2024_Q4
"INCANDESCENT TECHNOLOGIES, INC.",3,FY2024_Q4
"ABD SOLUTIONS, INC",3,FY2024_Q4
UNIVERSITY OF PUERTO RICOMAYAGUEZ CAMPUS,3,FY2024_Q4
FLUKE ELECTRONICS CORPORATION,3,FY2024_Q4
"IMMUCOR, INC.",3,FY2024_Q4
SOHANIT INC,3,FY2024_Q4
DRAFTKINGS INC.,3,FY2024_Q4
"NARVAR, INC.",3,FY2024_Q4
"NIKTOR, LLC",3,FY2024_Q4
"SCRIPPS NETWORKS, LLC",3,FY2024_Q4
"SCOPE INFOTECH, INC.",3,FY2024_Q4
"SCOPELY, INC.",3,FY2024_Q4
PRRK HOLDINGS LLC,3,FY2024_Q4
ST. MIGUEL CONSTRUCTION,3,FY2024_Q4
"PRECISION HOMES, LLC",3,FY2024_Q4
"WILLIAM GRANT  SONS, INC",3,FY2024_Q4
DANONE NORTH AMERICA PUBLIC BENEFIT CORPORATION,3,FY2024_Q4
"FORRESTER RESEARCH, INC",3,FY2024_Q4
BARCLAYS BANK PLC,3,FY2024_Q4
WESTERN GOVERNORS UNIVERSITY,3,FY2024_Q4
CAROLINAS PHYSICIANS NETWORK DBA ATRIUM HEALTH MED,3,FY2024_Q4
"QUADIENT, INC.",3,FY2024_Q4
"ALLVUE SYSTEMS, LLC",3,FY2024_Q4
AMERICAN PORTWELL TECHNOLOGY INC.,3,FY2024_Q4
SRS CONSULTING INC,3,FY2024_Q4
MAGANTI IT RESOURCES LLC,3,FY2024_Q4
"THE DENNIS GROUP, INC.",3,FY2024_Q4
"GUTHRIE MEDICAL GROUP, P.C.",3,FY2024_Q4
TSMC NORTH AMERICA,3,FY2024_Q4
DAECHANG SEAT CO LTD USA,3,FY2024_Q4
SAMSUNG SDIA,3,FY2024_Q4
BAF INVESTMENTS LLC,3,FY2024_Q4
"CROWN CASTLE USA, INC.",3,FY2024_Q4
SUDHI INFOMATICS INC,3,FY2024_Q4
JAC PRODUCTS,3,FY2024_Q4
DRIV AUTOMOTIVE INC.,3,FY2024_Q4
"NATIONWIDE CHILDRENS HOSPITAL, INC.",3,FY2024_Q4
"EFRONT FINANCIAL SOLUTIONS, INC.",3,FY2024_Q4
TEXAS CAPITAL BANK,3,FY2024_Q4
"SINGLESTORE, INC.",3,FY2024_Q4
SAGEMCOM USA LLC,3,FY2024_Q4
"CURRICULUM ASSOCIATES, LLC",3,FY2024_Q4
"CREDIT ONE BANK, N.A.",3,FY2024_Q4
P SQUARE SOLUTIONS LLC,3,FY2024_Q4
DEBORAH BRADLEY CONSTRUCTION  MANAGEMENT SERVICES,3,FY2024_Q4
ENERSYS DELAWARE INC.,3,FY2024_Q4
ST. LAWRENCE UNIVERSITY,3,FY2024_Q4
VIE GLOBAL LLC,3,FY2024_Q4
"BEST ROYAL US, LLC",3,FY2024_Q4
COGNEX CORPORATION,3,FY2024_Q4
ASSENT SOLUTIONS LLC,3,FY2024_Q4
VALUELABS INC,3,FY2024_Q4
"INCHS LANDSCAPING, LLC",3,FY2024_Q4
NOVA MEASURING INSTRUMENTS,3,FY2024_Q4
"WEATHERFORD INTERNATIONAL, LLC",3,FY2024_Q4
"ALCON VISION, LLC",3,FY2024_Q4
NANDA TECHNOLOGIES,3,FY2024_Q4
ENOVIX CORPORATION,3,FY2024_Q4
THE LAW OFFICES OF TALIA BARRALES,3,FY2024_Q4
YAKIMA VALLEY MEMORIAL HOSPITAL ASSOCATION,3,FY2024_Q4
BELMONT SAUSAGE COMPANY,3,FY2024_Q4
"SEOYON EHWA INTERIOR SYSTEMS ALABAMA, LLC",3,FY2024_Q4
YEXT,3,FY2024_Q4
"SUMITOMO ELECTRIC WIRING SYSTEMS, INC.",3,FY2024_Q4
IT RYSOURCES INC,3,FY2024_Q4
"NEXTGEN INFORMATION SERVICES, INC.",3,FY2024_Q4
SOFTOVA INC,3,FY2024_Q4
SOJERN INC,3,FY2024_Q4
CRANE PAYMENT INNOVATIONS,3,FY2024_Q4
IHC HEALTH SERVICES INC,3,FY2024_Q4
ALPHOSOFT INC,3,FY2024_Q4
"VERANOVA, L.P.",3,FY2024_Q4
EL POLLON LLC,3,FY2024_Q4
KAR NUT PRODUCTS COMPANY,3,FY2024_Q4
GRAND VALLEY STATE UNIVERSITY,3,FY2024_Q4
LOS ANGELES UNIFIED SCHOOL DISTRICT,3,FY2024_Q4
"TIAA,FSB",3,FY2024_Q4
"PROGRESS RESIDENTIAL, LLC",3,FY2024_Q4
CVENT INC.,3,FY2024_Q4
"DATAMINR, INC.",3,FY2024_Q4
"CURTAIN WALL DESIGN AND CONSULTING, INC.",3,FY2024_Q4
LOUIS DREYFUS COMPANY LLC,3,FY2024_Q4
LAURION CAPITAL MANAGEMENT LP,3,FY2024_Q4
"LHS PRODUCTIONS, INC.",3,FY2024_Q4
WILLDAN ENERGY SERVICES,3,FY2024_Q4
"ROCKET MORTGAGE, LLC",3,FY2024_Q4
"SARANSH, INC.",3,FY2024_Q4
PLENTY UNLIMITED INC.,3,FY2024_Q4
"KINGSTOWNE LAWN CARE, INC.",3,FY2024_Q4
BED BATH  BEYOND INC,3,FY2024_Q4
"ACADEMY, LTD. DBA ACADEMY SPORTS AND OUTDOORS",3,FY2024_Q4
"AMAREX CLINICAL RESEARCH, LLC PREV. AMAREX, LLC",3,FY2024_Q4
"INFORMATION RESOURCES, INC.",3,FY2024_Q4
"ALPHACORE, INC.",3,FY2024_Q4
GENTHERM INCORPORATED,3,FY2024_Q4
CATHEDRAL CARE HOME LLC,3,FY2024_Q4
BLUMEL GROUP LLC,3,FY2024_Q4
"BUREAU VERITAS NORTH AMERICA, INC.",3,FY2024_Q4
ABBVIE US LLC,3,FY2024_Q4
DIGITAL TURBINE,3,FY2024_Q4
CRITEO CORP,3,FY2024_Q4
DIGNITY HEALTH,3,FY2024_Q4
"LAW OFFICES OF DEACON ZHANG, P.C.",3,FY2024_Q4
MINISOFT TECHNOLOGIES LLC,3,FY2024_Q4
"THE TORONTODOMINION BANK, NEW YORK BRANCH",3,FY2024_Q4
UNISYS,3,FY2024_Q4
MOMENTIVE INC.,3,FY2024_Q4
FRITO LAY INC.,3,FY2024_Q4
NEW YORK CITY DEPARTMENT OF EDUCATION,3,FY2024_Q4
"SEQUOIA CAPITAL OPERATIONS, LLC",3,FY2024_Q4
PVK CORPORATION,3,FY2024_Q4
PROPHECY TECHNOLOGIES CORPORATION,3,FY2024_Q4
"ARMORBLOX, INC.",3,FY2024_Q4
"ROBERT HALF INTERNATIONAL, INC.",3,FY2024_Q4
SAI GLOBAL SOLUTIONS INC,3,FY2024_Q4
SCIENTECH RESEARCH,3,FY2024_Q4
GORILLA PAPER INC,3,FY2024_Q4
BAY CITY CRAB INC,3,FY2024_Q4
"EDSA, INC.",3,FY2024_Q4
INTERFOR US INC.,3,FY2024_Q4
TECHDEMOCRACY LLC,3,FY2024_Q4
SHINETECK INC,3,FY2024_Q4
PALAYEKAR COMPANIES INC,3,FY2024_Q4
INFOTECH PRISM LLC DBA CIRRUSLABS,3,FY2024_Q4
SEAGATE US LLC,3,FY2024_Q4
ADAMS INTERNATIONAL LLC AKA ABDTR NET ADAMS LLC,3,FY2024_Q4
"NOVIGO, INC.",3,FY2024_Q4
"ADVANCED ENERGY INDUSTRIES, INC.",3,FY2024_Q4
STAAR SURGICAL COMPANY,3,FY2024_Q4
ALIEF INDEPENDENT SCHOOL DISTRICT,3,FY2024_Q4
ALATION INC.,3,FY2024_Q4
A HOME FOR MOM  DAD INC,3,FY2024_Q4
CBV PARTNERS LLC,3,FY2024_Q4
BROCADE COMMUNICATIONS SYSTEMS LLC,3,FY2024_Q4
"ICW GROUP HOLDINGS, INC.",3,FY2024_Q4
"IDMWORKS, INC.",3,FY2024_Q4
PATHPARTNER TECHNOLOGY INC,3,FY2024_Q4
"PETCO ANIMAL SUPPLIES STORES, INC.",3,FY2024_Q4
QWEST CORPORATION,3,FY2024_Q4
BERGMANN ASSOCIATES,3,FY2024_Q4
"BAYCARE MEDICAL GROUP, INC.",3,FY2024_Q4
TOTAL CARE SERVICES GROUP INC,3,FY2024_Q4
GREEN SEASONS,3,FY2024_Q4
UCSF MEDICAL CENTER,3,FY2024_Q4
CAMBRIDGE MOBILE TELEMATICS,3,FY2024_Q4
CHOICE HOTELS INTERNATIONAL,3,FY2024_Q4
BUTCHERBOX,3,FY2024_Q4
MH SUB I LLC,3,FY2024_Q4
"CYNDX TECHNOLOGIES, INC.",3,FY2024_Q4
COLLECTIVEHEALTH INC,3,FY2024_Q4
EVOQUA WATER TECHNOLOGIES,3,FY2024_Q4
LABCORP EARLY DEVELOPMENT LABORATORIES INC.,3,FY2024_Q4
ACADEMIE LAFAYETTE,3,FY2024_Q4
EASTER CARE HOME,3,FY2024_Q4
"TWO HANDS AMERICA, INC.",3,FY2024_Q4
"MODEL N, INC.",3,FY2024_Q4
TOYOTA CONNECTED NORTH AMERICA INC,3,FY2024_Q4
CENTURA HEALTH CORPORATION,3,FY2024_Q4
THE DOW CHEMICAL COMPANY,3,FY2024_Q4
UNIVERSITY OF SOUTHERN INDIANA,3,FY2024_Q4
CLASSROOM SUPPORT SERVICES LLC,3,FY2024_Q4
BBDOTQ USA INC,3,FY2024_Q4
AMAEYAA TECHNOLOGIES INC,3,FY2024_Q4
PIAST MEATS AND PROVISIONS INC,3,FY2024_Q4
"P3 TECHNOLOGIES, INC.",3,FY2024_Q4
NEELAM CONSTRUCTION CORP.,3,FY2024_Q4
A  N LAWN SERVICE INC,3,FY2024_Q4
US HAIR  BEAUTY INC,3,FY2024_Q4
"FALLON COMMUNITY HEALTH PLAN, INC.",3,FY2024_Q4
"PA CONSULTING GROUP, INC.",3,FY2024_Q4
"NETWORK OBJECTS, INC.",3,FY2024_Q4
"OTSUKA AMERICA PHARMACEUTICAL, INC.",3,FY2024_Q4
"LUCCHESE, INC.",3,FY2024_Q4
"ASPIRE SYSTEMS, INC.",3,FY2024_Q4
CBI LLC,3,FY2024_Q4
INTEGER TELECOM SERVICES INC.,3,FY2024_Q4
NEVRO CORPORATION,3,FY2024_Q4
AUTOMANN,3,FY2024_Q4
ANYSCALE INC,3,FY2024_Q4
"TIETEX INTERNATIONAL, LTD.",3,FY2024_Q4
"KOMODO HEALTH, INC.",3,FY2024_Q4
METAHORIZON INC,3,FY2024_Q4
"PRINCESS CRUISE LINES LTD., DBA PRINCESS CRUISES",3,FY2024_Q4
STATE AUTO PROPERTY  CASUALTY INSURANCE COMPANY,3,FY2024_Q4
"BIOMERIEUX, INC.",3,FY2024_Q4
"SOUTHERN GLAZERS WINE AND SPIRITS, LLC",3,FY2024_Q4
DATASPARX LLC,3,FY2024_Q4
"SUMMITWORKS TECHNOLOGIES, INC.",3,FY2024_Q4
CSI SOLUTIONS LLC,3,FY2024_Q4
CRUX INFORMATICS INC,3,FY2024_Q4
SOUTHWEST NURSERY  SUPPLY,3,FY2024_Q4
AAC TRANSPORT LLC,3,FY2024_Q4
"ONELOOK, INC.",3,FY2024_Q4
BLUE CROSS BLUE SHIELD OF MASSACHUSETTS,3,FY2024_Q4
BRAINER CONSULTANCY INC,3,FY2024_Q4
"IMDB.COM, INC",3,FY2024_Q4
"POSHMARK, INC.",3,FY2024_Q4
"STRATEGIC RESOURCES INTERNATIONAL, INC",3,FY2024_Q4
VERITAS PRIME LLC,3,FY2024_Q4
HARMANBECKER AUTOMOTIVE SYSTEMS,3,FY2024_Q4
VAREX IMAGING CORPORATION,3,FY2024_Q4
CONCORD HOSPITAL LACONIA,3,FY2024_Q4
A SPLENDID LIVING RCFE,3,FY2024_Q4
C  S GENIUS GROUP INC,3,FY2024_Q4
2M SOLUTIONS LLC,3,FY2024_Q4
"THALES DIS CPL USA, INC",3,FY2024_Q4
"TREMOR VIDEO, INC",3,FY2024_Q4
"SARAS AMERICA, INC.",3,FY2024_Q4
"BELLA INIZIO FARM, LLC",3,FY2024_Q4
NOVELIS INC.,3,FY2024_Q4
COMMSCOPE TECHNOLOGIES LLC,3,FY2024_Q4
"US PHARMATECH, INC.",3,FY2024_Q4
BRIGHT HAVEN HOSPICE CARE CORPORATION,3,FY2024_Q4
JOYSON SAFETY SYSTEMS ACQUISITION LLC,3,FY2024_Q4
DAA DRAEXLMAIER AUTOMOTIVE OF AMERICA LLC,3,FY2024_Q4
"ABIOMED, INC.",3,FY2024_Q4
PATEL CONSULTANTS CORPORATION,3,FY2024_Q4
"EBIN NEW YORK, INC.",3,FY2024_Q4
ESTES EXPRESS LINES,3,FY2024_Q4
GLOBAL TILING INC.,3,FY2024_Q4
"TWITTER, INC.",3,FY2024_Q4
EXABEAM INC.,3,FY2024_Q4
"DOUBLE IMAGE COMPANIES, INC.",3,FY2024_Q4
"GOODLEAP, LLC",3,FY2024_Q4
SHAPE SECURITY INC.,3,FY2024_Q4
PRG SOLUTIONS LLC,3,FY2024_Q4
CLARIOS,3,FY2024_Q4
"ENTECH ENGINEERING, PC",3,FY2024_Q4
OLD DOMINION UNIVERSITY,3,FY2024_Q4
TOTAL PRODUCE USA HOLDINGS,3,FY2024_Q4
VUEGEN TECHNOLOGIES INC,3,FY2024_Q4
"SENA INFO TECHNOLOGIES,INC",3,FY2024_Q4
"CODE ACUITY, INC.",3,FY2024_Q4
VITOSHA INC,3,FY2024_Q4
"MESA ASSOCIATES, INC.",3,FY2024_Q4
SGS NORTH AMERICA INC.,3,FY2024_Q4
SOUTHEASTERN LOUISIANA UNIVERSITY,3,FY2024_Q4
"CLEARWATER ANALYTICS, LLC",3,FY2024_Q4
"EDGILE, INC.",3,FY2024_Q4
NORTH AMERICAN UNIVERSITY,3,FY2024_Q4
TECHNIKONS SOLUTIONS INC,3,FY2024_Q4
THE LUBRIZOL CORPORATION,3,FY2024_Q4
"DHANU GLOBAL ENTERPRISES, INC.",3,FY2024_Q4
"CRENLO CAB PRODUCTS, LLC",3,FY2024_Q4
"CHR. HANSEN, INC.",3,FY2024_Q4
"GREEN IMPRESSIONS, LLC",3,FY2024_Q4
"NORTHSTAR MEDICAL RADIOISOTOPES, LLC",3,FY2024_Q4
NEXUS PHARMACEUTICALS INC.,3,FY2024_Q4
CABLE TOOL DRILLING,3,FY2024_Q4
ADVANCED TECHNOLOGY CONSULTING SERVICE INC.,3,FY2024_Q4
COUPA SOFTWARE INCORPORATED,3,FY2024_Q4
TRINITY CONSULTANTS,3,FY2024_Q4
"KULICKE AND SOFFA INDUSTRIES, INC.",3,FY2024_Q4
TROY UNIVERSITY,3,FY2024_Q4
"TSYSTEMS NORTH AMERICA, INC.",3,FY2024_Q4
XACTLY CORPORATION,3,FY2024_Q4
CONSOR ENGINEERS,3,FY2024_Q4
"TURNTIDE TECHNOLOGIES, INC.",3,FY2024_Q4
US VIP GROUP,3,FY2024_Q4
WHITESIDES LAND RANCH LLC,3,FY2024_Q4
JLB FARMS  JACOB R BERG GEN PTR,3,FY2024_Q4
UNIQUE DESIGNS INC.,3,FY2024_Q4
"AKQA, INC.",3,FY2024_Q4
"INITECH GLOBAL, LLC",3,FY2024_Q4
"INDEPTH ENGINEERING SOLUTIONS, LLC",3,FY2024_Q4
"FDH INFRASTRUCTURE SERVICES, LLC",3,FY2024_Q4
FORDOZ PHARMA CORP.,3,FY2024_Q4
KEAN UNIVERSITY,3,FY2024_Q4
"WELLSTAR MEDICAL GROUP, LLC",3,FY2024_Q4
"BME  SONS, INC.",3,FY2024_Q4
EXELA PHARMA SCIENCES LLC,3,FY2024_Q4
"DIVERSIFIED SERVICES NETWORK, INC.",3,FY2024_Q4
BILL TEICHROEB,3,FY2024_Q4
EMONICS LLC,3,FY2024_Q4
"GENESIS HEALTH CLUBS MANAGEMENT, INC.",3,FY2024_Q4
"CONNOR GROUP, INC.",3,FY2024_Q4
I SQUARED CAPITAL,3,FY2024_Q4
"QUORA, INC.",3,FY2024_Q4
"NEXTCOM CONSTRUCTION, INC.",3,FY2024_Q4
HIGHMARK HEALTH,3,FY2024_Q4
TECHMATRIX INC,3,FY2024_Q4
"SUNRUN, INC.",3,FY2024_Q4
ST. BARNABAS HOSPITAL,3,FY2024_Q4
BMO HARRIS BANK N. A.,3,FY2024_Q4
AVERY DENNISON CORPORATION,3,FY2024_Q4
ACNOVATE CORPORATION,3,FY2024_Q4
NVA TRANSPORTATION INC.,3,FY2024_Q4
"AIRBUS AMERICAS, INC.",3,FY2024_Q4
MOSS ADAMS LLP,3,FY2024_Q4
ATT MOBILITY SERVICES LLC,3,FY2024_Q4
PEOPLE MEDIA INC,3,FY2024_Q4
"ATLAS WIRELESS AND TELECOMMUNICATIONS, INC.",3,FY2024_Q4
"BAKER TILLY US, LLP",3,FY2024_Q4
BUSINESS INTEGRA INC.,3,FY2024_Q4
JANUS MANAGEMENT HOLDINGS CORPORATION,3,FY2024_Q4
"ITDR, INC.",3,FY2024_Q4
EGROVE SYSTEMS CORPORATION,3,FY2024_Q4
KEANE SYSTEMS LLC,3,FY2024_Q4
"HIGHMARK, INC.",3,FY2024_Q4
"YANKA INDUSTRIES, INC.",3,FY2024_Q4
"ADMARKETPLACE, INC",3,FY2024_Q4
"GHAFARI ASSOCIATES, L.L.C.",3,FY2024_Q4
"HAVER  BOECKER USA, INC.",3,FY2024_Q4
"SAFRAN ELECTRICAL AND POWER USA, LLC",3,FY2024_Q4
IMMUNITYBIO INC,3,FY2024_Q4
HOFSCHNEIDER ENGINEERING CORPORATION,3,FY2024_Q4
"MAR IMPRESSIONS, LLC",3,FY2024_Q4
"RX SAVINGS, LLC",3,FY2024_Q4
RCG GLOBAL SERVICES,3,FY2024_Q4
KEEFE GROUP LLC,3,FY2024_Q4
"AMYRIS, INC",3,FY2024_Q4
"ST. DOMINIC HOSPITAL MEDICINE, LLC",3,FY2024_Q4
EZ COLLISION LLC,3,FY2024_Q4
"CYTOKINETICS, INC",3,FY2024_Q4
NYX INC.,3,FY2024_Q4
INSULET CORPORATION,3,FY2024_Q4
OPTOMI LLC,3,FY2024_Q4
INTELLECT BUSINESS SOLUTIONS,3,FY2024_Q4
"CORPORATE EMPLOYMENT RESOURCES, INC.",3,FY2024_Q4
SEATTLE PACIFIC UNIVERSITY,3,FY2024_Q4
HARRISONBURG CITY PUBLIC SCHOOLS,3,FY2024_Q4
FAMILY HEALTHCARE NETWORK,3,FY2024_Q4
THE JOHNS HOPKINS UNIVERSITY,3,FY2024_Q4
"OHIOHEALTH PHYSICIAN GROUP, INC.",3,FY2024_Q4
THE MEADOWS AT COUNTRY PLACE LLC,3,FY2024_Q4
WING AVIATION LLC,3,FY2024_Q4
PROXIMA INC.,3,FY2024_Q4
"ARCOMURRAY NATIONAL CONSTRUCTION COMPANY, INC.",3,FY2024_Q4
SAXON GLOBAL INC,3,FY2024_Q4
THRIVE OPERATIONS LLC,3,FY2024_Q4
EMC CONSULTING GROUP INC.,3,FY2024_Q4
"SENTINELONE, INC.",3,FY2024_Q4
KASEYA US LLC,3,FY2024_Q4
AMERITECH GLOBAL INC,3,FY2024_Q4
CONCEPTS INFORMATION TECHNOLOGY INC,3,FY2024_Q4
ANDRITZ INC.,3,FY2024_Q4
INVOLGIXS INC,3,FY2024_Q4
"ACMH, INC.",3,FY2024_Q4
"SPARK28, INC",3,FY2024_Q4
"POSEIDA THERAPEUTICS, INC.",3,FY2024_Q4
ROCKINGHAM COUNTY SCHOOLS,3,FY2024_Q4
THE EVEREST MOMO LLC,3,FY2024_Q4
"ROCKWELL ARCHITECTURE, PLANNING AND DESIGN, P.C.",3,FY2024_Q4
"GHAZAL, RODGERS, AND WATANABE DENTAL CORP.",3,FY2024_Q4
"IMPRINT PAYMENTS, INC.",3,FY2024_Q4
CENTIVA CAPITAL LP,3,FY2024_Q4
PHYSICIANS MUTUAL,3,FY2024_Q4
NEUMERIC TECHNOLOGIES CORP,3,FY2024_Q4
"ULTA, INC.",3,FY2024_Q4
"DIGITAS, INC.",3,FY2024_Q4
MOUNT SINAI HOSPITAL,3,FY2024_Q4
TRC ENVIRONMENTAL CORPORATION,3,FY2024_Q4
SAFRAN CABIN INC.,3,FY2024_Q4
MAKING SENSE TECHNOLOGIES LLC,3,FY2024_Q4
"DYNATRACE, LLC",3,FY2024_Q4
"KMM TECHNOLOGIES, INC.",3,FY2024_Q4
"TECHPRO SOLUTIONS, INC.",3,FY2024_Q4
"CAREDX, INC.",3,FY2024_Q4
"CENTRALSQUARE TECHNOLOGIES, LLC",3,FY2024_Q4
FINICITY CORPORATION,3,FY2024_Q4
"GEI CONSULTANTS, INC.",3,FY2024_Q4
"LOUIFORTLEE, LLC.",3,FY2024_Q4
"MAKIKOS DAYCARE, LLC",3,FY2024_Q4
REVOLUT TECHNOLOGIES INC.,3,FY2024_Q4
"NUCLEUSTEQ, INC.",3,FY2024_Q4
"ADI WORLDLINK, LLC",3,FY2024_Q4
REINKE MANUFACTURING CO. INC.,3,FY2024_Q4
XL GLOBAL SERVICES,3,FY2024_Q4
"NABORS CORPORATE SERVICES, INC.",3,FY2024_Q4
SHIRE HUMAN GENETIC THERAPIES SHGT INC,3,FY2024_Q4
ACCORDION PARTNERS,3,FY2024_Q4
THINK FORCE 360 LLC,3,FY2024_Q4
BIMCON INC,3,FY2024_Q4
"TEK INTERNATIONAL, INC.",3,FY2024_Q4
DTEN INC.,3,FY2024_Q4
CLIFFORD CHANCE US LLP,3,FY2024_Q4
S3A ENTERPRISES LLC,3,FY2024_Q4
ARYAKA NETWORKS INC.,3,FY2024_Q4
QUANTUM VISION LLC,3,FY2024_Q4
"FETCH REWARDS, INC.",3,FY2024_Q4
ASPENTECH CORPORATION,3,FY2024_Q4
WILLIS TOWERS WATSON US LLC,3,FY2024_Q4
EAT THAI CAFE LLC,3,FY2024_Q4
"GEORGIA LANDSCAPE CONTRACTING, INC.",3,FY2024_Q4
JOSE HERRERA LANDSCAPING INC.,3,FY2024_Q4
ESTRELLAS FARM CO.,3,FY2024_Q4
DATASIRE LLC,3,FY2024_Q4
BUCKNELL UNIVERSITY,3,FY2024_Q4
ART STONE GRANITE  MARBLE INC,3,FY2024_Q4
BAIDU USA LLC,3,FY2024_Q4
"SOTHEBYS, INC.",3,FY2024_Q4
MILLENNIUM ADVISORS LLC,3,FY2024_Q4
CEREBRAL TECHNOLOGIES INC.,3,FY2024_Q4
AMVOTECH SOLUTIONS INC,3,FY2024_Q4
"AMERIHOME MORTGAGE COMPANY, LLC",3,FY2024_Q4
"BEST WESTERN INTERNATIONAL, INC.",3,FY2024_Q4
"GORDON FOOD SERVICE, INC.",3,FY2024_Q4
REDFIN CORPORATION,3,FY2024_Q4
CLINICA SIERRA VISTA,3,FY2024_Q4
ALMARGA RESIDENTIAL CARE INC,3,FY2024_Q4
GROUPM WORLDWIDE LLC,3,FY2024_Q4
"MAINSPRING ENERGY, INC",3,FY2024_Q4
"KEYSTONE STRATEGY, LLC",3,FY2024_Q4
REAL ESTATE EQUITY EXCHANGE INC,3,FY2024_Q4
GENOME INTERNATIONAL CORPORATION,3,FY2024_Q4
JPC MERGER SUB LLC,3,FY2024_Q4
GEEKPLUS AMERICA INC,3,FY2024_Q4
"EXELIXIS, INC.",3,FY2024_Q4
GRAND SK CORP,3,FY2024_Q4
INFODAT INTERNATIONAL INC.,3,FY2024_Q4
COGNISOFT TECHNOLOGIES LLC,3,FY2024_Q4
GENENTECH USA INC.,3,FY2024_Q4
INGENICO INC.,3,FY2024_Q4
SUNRAY INFOSYS INCORPORATION,3,FY2024_Q4
"HANWHA ADVANCED MATERIALS AMERICA, LLC",3,FY2024_Q4
MARK FOOD ENTERPRISES,3,FY2024_Q4
LANVERA LTD,3,FY2024_Q4
RESMED DIGITAL HEALTH INC.,3,FY2024_Q4
"SYSCON,LLCSYSCOALABAMA,LLC",3,FY2024_Q4
KSAP TECHNOLOGIES,3,FY2024_Q4
TENASKA,3,FY2024_Q4
SWARTHMORE COLLEGE,3,FY2024_Q4
PORT ARTHUR ISD,3,FY2024_Q4
"PCL CONSTRUCTION SERVICE, INC.",3,FY2024_Q4
SULTAN TRANS INC,3,FY2024_Q4
"EQUITY METHODS, LLC",3,FY2024_Q4
ANDERSEN CORPORATION,3,FY2024_Q4
"ELAVON, INC.",3,FY2024_Q4
ARDOR IT SOLUTIONS INC,3,FY2024_Q4
CMH SERVICES INC.,3,FY2024_Q4
"SAGE THERAPEUTICS, INC.",3,FY2024_Q4
RENESAS DESIGN NORTH AMERICA INC,3,FY2024_Q4
TAKEDA MANUFACTURING USA INC.,3,FY2024_Q4
ALPHA PREPARATORY ACADEMY LLC.,3,FY2024_Q4
HYNES CHARTER SCHOOL CORPORATION,3,FY2024_Q4
"MELISSA QUALITY HOMES, INC.",3,FY2024_Q4
"LAW OFFICES OF CLARISSA M. KALIL, PLLC",3,FY2024_Q4
W RESTAURANT SUPPLIES CORP,3,FY2024_Q4
GIORGIO ARMANI,3,FY2024_Q4
"TEKSYSTEMS, INC",3,FY2024_Q4
"BEIGENE USA, INC",3,FY2024_Q4
AST GLOBAL INC,3,FY2024_Q4
ATMECS GLOBAL INC,3,FY2024_Q4
"MILHOUSE ENGINEERING AND CONSTRUCTION, INC.",3,FY2024_Q4
NOVEL LABORATORIES INC.,3,FY2024_Q4
UNIVERSITY OF TEXAS AT DALLAS,3,FY2024_Q4
WP COMPANY LLC DBA THE WASHINGTON POST,3,FY2024_Q4
"HAWKERS DELRAY BEACH, LLC",3,FY2024_Q4
"ST. LOUIS PLANTING, INC.",3,FY2024_Q4
ARIAS CONSTRUCTION LLC,3,FY2024_Q4
"SYMPHONYAI RETAIL, INC.",3,FY2024_Q4
CALPINE CORPORATION,3,FY2024_Q4
"DIRECT SUPPLY, INC.",3,FY2024_Q4
"AIG PC GLOBAL SERVICES, INC.",3,FY2024_Q4
SAMURAI INFOTECH LLC,3,FY2024_Q4
ALLY FINANCIAL INC.,3,FY2024_Q4
NOAH MEDICAL,3,FY2024_Q4
RANDALL HOME,3,FY2024_Q4
ROYAL DENTAL CARE SC,3,FY2024_Q4
CHALET RESTAURANT OF NEWPORT INC,3,FY2024_Q4
"FORMLABS, INC",3,FY2024_Q4
"TEC GROUP, INC.",3,FY2024_Q4
ZIRLEN TECHNOLOGIES INC,3,FY2024_Q4
"YUM CONNECT, LLC",3,FY2024_Q4
VERVEBA TELECOM LLC,3,FY2024_Q4
"WEIGHTS  BIASES, INC.",3,FY2024_Q4
"VITESCO TECHNOLOGIES USA, LLC",3,FY2024_Q4
"HATCH ASSOCIATES CONSULTANTS, INC",3,FY2024_Q4
VINSON  ELKINS LLP,3,FY2024_Q4
EISNER ADVISORY GROUP LLC,3,FY2024_Q4
AA INFOSYSTEMS INC,3,FY2024_Q4
"LIBERTY MUTUAL TECHNOLOGY GROUP, INC.",3,FY2024_Q4
"ERP ANALYSTS, INC",3,FY2024_Q4
NIHA TECHNOLOGIES INC,3,FY2024_Q4
"DSW, INC.",3,FY2024_Q4
"MISS PHAY CAFE, INC.",3,FY2024_Q4
AAA LANDSCAPE,3,FY2024_Q4
PROCUREMENT ADVISORS LLC,3,FY2024_Q4
SOUTHWEST AIRLINES CO.,3,FY2024_Q4
"STECK SYSTEMS, INC.",3,FY2024_Q4
WONDERBOTZ LLP,3,FY2024_Q4
CERTIFIED KERNEL TECH LLC,3,FY2024_Q4
"MOLOCO, INC.",3,FY2024_Q4
BIGD TECHNOLOGIES LLC,3,FY2024_Q4
4SERV SOLUTIONS INC,3,FY2024_Q4
"BIGBATTERY, INC.",3,FY2024_Q4
AUROLIFE PHARMA LLC,3,FY2024_Q4
PARAM HEALTHCARE  IT SERVICES,3,FY2024_Q4
HOLY CROSS MEDICAL CENTER,3,FY2024_Q4
GLEN OAKS CLUB INC,3,FY2024_Q4
THAI PARADISE,3,FY2024_Q4
ACJ RESTAURANT LLC,3,FY2024_Q4
PHO BAC HOA VIET,3,FY2024_Q4
FII USA INC,3,FY2024_Q4
CASEYS RETAIL COMPANY,3,FY2024_Q4
"GROCERY DELIVERY ESERVICES USA,INC,DBA HELLOFRESH",3,FY2024_Q4
PROGRESS RAIL LOCOMOTIVE INC.,3,FY2024_Q4
CLD GROUP LLC,3,FY2024_Q4
"EPIC GAMES, INC.",3,FY2024_Q4
HAP CAPITAL ADVISORS LLC,3,FY2024_Q4
AGCO CORPORATION,3,FY2024_Q4
"ALIPAY US, INC.",3,FY2024_Q4
MINTEX TECH INC.,3,FY2024_Q4
TEKNATIO INC,3,FY2024_Q4
RJTECHGLOBAL INC,3,FY2024_Q4
MERGEN IT LLC,3,FY2024_Q4
SANTANDER US CAPITAL MARKETS LLC,3,FY2024_Q4
"LUMEN TECHNOLOGIES SERVICE GROUP, LLC",3,FY2024_Q4
VIRTUOUS TEK INC,3,FY2024_Q4
"OMNIVISION TECHNOLOGIES, INC.",3,FY2024_Q4
NEMAK USA INC.,3,FY2024_Q4
"FORMFACTOR, INC",3,FY2024_Q4
TRUSTEES OF THE SMITH COLLEGE,3,FY2024_Q4
THE PALM THAI CUISINE DBA PALM THAI CUISINE,3,FY2024_Q4
THE CHILDRENS HOSPITAL OF PHILADELPHIA,3,FY2024_Q4
VISION SERVICE PLAN,3,FY2024_Q4
SARTORIUS STEDIM NORTH AMERICA,3,FY2024_Q4
"SOCURE, INC.",3,FY2024_Q4
BVM TECHNOLOGY ASSOCIATES INC,3,FY2024_Q4
EMINENT SOFTWARE SERVICES,3,FY2024_Q4
TRIPADVISOR LLC,3,FY2024_Q4
"TAP 22 GRILL  BAR, LLC",3,FY2024_Q4
IMANAGE LLC,3,FY2024_Q4
OAKLAND UNIFIED SCHOOL DISTRICT,3,FY2024_Q4
"ATLANTIC TRADING  MARKETING, INC.",3,FY2024_Q4
"INNOVIT USA, INC.",3,FY2024_Q4
TECHNO BYTES INC,3,FY2024_Q4
"CHARLES RIVER LABORATORIES, INC.",3,FY2024_Q4
"AMPLIFAI SOLUTIONS, INC.",3,FY2024_Q4
"OMNIDATA INSIGHTS, INC.",3,FY2024_Q4
HUDSON DATA LLC,3,FY2024_Q4
"ASEC, INC.",3,FY2024_Q4
"ALLISON TRANSMISSION, INC.",3,FY2024_Q4
HYUNDAI TRANSYS GEORGIA POWERTRAIN,3,FY2024_Q4
"JAMILE MORAES PELLICER, P.A.",3,FY2024_Q4
"ROCK BOTTOM LAWN  LANDSCAPING, INC.",3,FY2024_Q4
QLIKTECH INC.,3,FY2024_Q4
"FRESENIUS USA MANUFACTURING, INC., A FRESENIUS ME",3,FY2024_Q4
UNIVERSITY OF IDAHO,3,FY2024_Q4
PORTLAND STATE UNIVERSITY,3,FY2024_Q4
ILJIN USA CORPORATION,3,FY2024_Q4
RIO TINTO SERVICES INC.,3,FY2024_Q4
MAINEHEALTH,3,FY2024_Q4
CYBAGE SOFTWARE INC,3,FY2024_Q4
"SOLOMON AMERICA, INC.",3,FY2024_Q4
CHEP USA,3,FY2024_Q4
THE UNIVERSITY OF WISCONSIN AT WHITEWATER,3,FY2024_Q4
"CALIFORNIA STATE UNIVERSITY, CHICO",3,FY2024_Q4
CLIENT SOFTWARE SERVICES LLC.,3,FY2024_Q4
AMERICAN IT MINDS INC.,3,FY2024_Q4
GLENCORE LTD,3,FY2024_Q4
"ZHEN BROTHERS, LLC",3,FY2024_Q4
BBVA SECURITIES INC,3,FY2024_Q4
"QUANTITATIVE BROKERS, LLC",3,FY2024_Q4
KODDI INC.,3,FY2024_Q4
"LOGROCKET, INC.",3,FY2024_Q4
"ITVISION, INC",3,FY2024_Q4
BLACK SESAME TECHNOLOGIES INC,3,FY2024_Q4
WEST CONTRA COSTA UNIFIED SCHOOL DISTRICT,3,FY2024_Q4
"MEDSTAR MEDICAL GROUPSOUTHERN MARYLAND, LLC",3,FY2024_Q4
"OH MAMA KITCHEN, INC.",3,FY2024_Q4
CLOUDEND PLATFORM INC,3,FY2024_Q4
MULTICARE HEALTH SYSTEM,3,FY2024_Q4
SUSHI ON FIRE,3,FY2024_Q4
THAI PAPAYA CUISINE INC,3,FY2024_Q4
"TOPTEC HEATING, COOLING, PLUMBING,  ELECTRICAL. I",3,FY2024_Q4
"EXACTECH, INC.",3,FY2024_Q4
ADVANTECH CORPORATION,3,FY2024_Q4
"MOODYS SHARED SERVICES, INC.",3,FY2024_Q4
ISTREAM SOLUTIONS INC,3,FY2024_Q4
"BDIPLUS, INC.",3,FY2024_Q4
"MINNESOTA STATE UNIVERSITY, MANKATO",3,FY2024_Q4
BEAU THAI SHAW LLC,3,FY2024_Q4
ACCO BRANDS USA LLC,3,FY2024_Q4
THE REINALTTHOMAS CORPORATION DBA DISCOUNT TIRE,3,FY2024_Q4
"IDA SOLUTIONS, INC",3,FY2024_Q4
HELLA ELECTRONICS CORPORATION,3,FY2024_Q4
VIEW OPERATING CORPORATION,3,FY2024_Q4
"LANDRY DESIGN GROUP, INC.",3,FY2024_Q4
KANSAS STATE UNIVERSITY,3,FY2024_Q4
SPARTANBURG REGIONAL HEALTH SERVICES DISTRICT,3,FY2024_Q4
"DIAMOND DENTAL, PLLC",3,FY2024_Q4
OKC USA HOLDING INC.,3,FY2024_Q4
DECKERS OUTDOOR CORPORATION,3,FY2024_Q4
PAYLOCITY CORPORATION,3,FY2024_Q4
PAYETTE ASSOCIATES INC.,3,FY2024_Q4
SUBSEA 7 US L.L.C.,3,FY2024_Q4
UNIVERSITY OF MASSACHUSETTS LOWELL,3,FY2024_Q4
UNIVERSITY OF SOUTHERN MISSISSIPPI,3,FY2024_Q4
"MASOUD KHORSANDSAHBAIE, MDPA, INC",3,FY2024_Q4
GLSON DBA FIRESTONE HOME,3,FY2024_Q4
DFW ORGANIC GROWING,3,FY2024_Q4
"SOUTH TRUCK SERVICE, INC.",3,FY2024_Q4
"LB UNIVERSAL, INC.",3,FY2024_Q4
CEDAR FAMILY FARMS,3,FY2024_Q4
UHY ADVISORS INC.,3,FY2024_Q4
C SQUAREDSYSTEMS LLC,3,FY2024_Q4
TMEIC CORPORATION AMERICAS,3,FY2024_Q4
HRA ADVISORS,3,FY2024_Q4
BSI GROUP AMERICA INC,3,FY2024_Q4
LIGHTBEAM HEALTH SOLUTIONS INC. AND SUBSIDIARY,3,FY2024_Q4
CELERSOFT LLC,3,FY2024_Q4
"BITGO, INC.",3,FY2024_Q4
CHAPMAN UNIVERSITY,3,FY2024_Q4
WARP DRIVE INC. DBA FALCONX,3,FY2024_Q4
"BIOMET MANUFACTURING, LLC",3,FY2024_Q4
THE PRODUCTIVITY TEAM,3,FY2024_Q4
EMPORIA STATE UNIVERSITY,3,FY2024_Q4
UNIVERSITY OF HOUSTON,3,FY2024_Q4
JETBLUE AIRWAYS,3,FY2024_Q4
ENGINEERING SQUARE LLC,3,FY2024_Q4
POWERMIND SOLUTONS INC,3,FY2024_Q4
"LUCILE PACKARD CHILDRENS HOSPITAL, STANFORD",3,FY2024_Q4
GINGSUMRONG VENTURE INC DAB THEP THAI RESTAURANT,3,FY2024_Q4
"CALIX, INC.",3,FY2024_Q4
BLOOM INSURANCE,3,FY2024_Q4
"COVETRUS, INC.",3,FY2024_Q4
"ASCENDUM SOLUTIONS, LLC",3,FY2024_Q4
"ALLIED INFORMATICS, INC",3,FY2024_Q4
"ALLEGRO MICROSYSTEMS, LLC",3,FY2024_Q4
BINEE BLUE INC,3,FY2024_Q4
"APOGEE MEDICAL GROUP, NEW YORK, PC",3,FY2024_Q4
SMILE LLC,3,FY2024_Q4
"BUNGE OILS, INC.",3,FY2024_Q4
BREVAN HOWARD US INVESTMENT MANAGEMENT LP,3,FY2024_Q4
HIXSON INCORPORATED,3,FY2024_Q4
GLOBALTEKFORCECOM,3,FY2024_Q4
AXLE INFORMATICS,3,FY2024_Q4
"BELK, INC",3,FY2024_Q4
PROWESS IT SOLUTIONS LLC,3,FY2024_Q4
ALSTOM TRANSPORT USA INC.,3,FY2024_Q4
CLEARY GOTTLIEB STEEN  HAMILTON LLP,3,FY2024_Q4
CROWELL  MORING LLP,3,FY2024_Q4
BELMONT UNIVERSITY,3,FY2024_Q4
FLORIDA AGRICULTURAL AND MECHANICAL UNIVERSITY,3,FY2024_Q4
FLORIDA HOSPITAL OCALA INC DBA ADVENTHEALTH OCALA,3,FY2024_Q4
CONNIES ICF DD H INC,3,FY2024_Q4
"ABLE FOOD  SERVICE, INC",3,FY2024_Q4
"OHANA FAMILY, INC.",3,FY2024_Q4
"PAPILION, INC.",3,FY2024_Q4
CUT  GROW LAWN SERVICE LLC,3,FY2024_Q4
BOSTAN EXPRESS INC.,3,FY2024_Q4
HP INFOSYSTEM LLC,3,FY2024_Q4
ACUITY BRANDS LIGHTING,3,FY2024_Q4
"CIS GLOBAL, LLC",3,FY2024_Q4
"CENTURY SHIP SERVICE, INC.",3,FY2024_Q4
"ACTIVE CYBER, LLC",3,FY2024_Q4
RUSSELL INVESTMENTS GROUP LLC,3,FY2024_Q4
KORE WIRELESS INC,3,FY2024_Q4
"GOVERNMENT SYSTEMS TECHNOLOGIES, INC.",3,FY2024_Q4
"AMERICAN EDUCATION AND TRANSLATION SERVICES, LLC.",3,FY2024_Q4
FICOSA NORTH AMERICA CORPORATION,3,FY2024_Q4
"SCIENTIFIC DRILLING INTERNATIONAL, INC.",3,FY2024_Q4
GREENBERG TRAURIG LLP,3,FY2024_Q4
DOMO CAFE,3,FY2024_Q4
"FIFTH ENTERPRISES, INC.",3,FY2024_Q4
LAW OFFICES OF MARK CHOI,3,FY2024_Q4
HD CUSTOM PAINTERS LLC,3,FY2024_Q4
INDIANA INSTITUTE OF TECHNOLOGY,3,FY2024_Q4
"SOUTHEASTERN PHYSICIAN SERVICES, P.C.",3,FY2024_Q4
"INTUITION CAREER, LLC",3,FY2024_Q4
GRI TEXAS TOWERS,3,FY2024_Q4
LANDIS  GYR TECHNOLOGY INC.,3,FY2024_Q4
ESTUATE INC,3,FY2024_Q4
NTHLINE SOLUTIONS LLC,3,FY2024_Q4
EVERSIDE HEALTH,3,FY2024_Q4
"AMNEAL PHARMACEUTICALS OF NY, LLC",3,FY2024_Q4
COLQUITT REGIONAL MEDICAL CENTER,3,FY2024_Q4
ITA CORPBANCA NEW YORK BRANCH,3,FY2024_Q4
MSN PHARMACEUTICALS,3,FY2024_Q4
"HIRETEAMMATE, INC.",3,FY2024_Q4
"IT AUTOMATION, LLC",3,FY2024_Q4
"OATES ASSOCIATES, INC.",3,FY2024_Q4
EXPRESS UPHOLSTERY SUPPLY CORP,3,FY2024_Q4
"OREILLY TECHNOLOGY SERVICES, INC.",3,FY2024_Q4
ANNAPURNA INC,3,FY2024_Q4
AMVC EMPLOYEE SERVICES LLC,3,FY2024_Q4
"LITEPOINT CORPORATION, A TERADYNE COMPANY",3,FY2024_Q4
ALWAYS  EVER CARE DBA A NEW DAY ADULT LIVING,3,FY2024_Q4
"SONICSOFT, INC.",3,FY2024_Q4
SANS SOLUTIONS ENTERPRISE INC,3,FY2024_Q4
"KOCH CAPABILITIES, LLC",3,FY2024_Q4
"SOUND PHYSICIANS OF FLORIDA, LLC",3,FY2024_Q4
LG CONSTRUCTION GROUP LLC,3,FY2024_Q4
"SUZANO PULP AND PAPER AMERICA, INC.",3,FY2024_Q4
"LNRS DATA SERVICES, INC.",3,FY2024_Q4
VISTRA CORPORATE SERVICES COMPANY,3,FY2024_Q4
"RAYVEN IT SOLUTIONS LLC.,",3,FY2024_Q4
"QUANTUM INTEGRATORS GROUP, LLC",3,FY2024_Q4
MERCK SHARP  DOHME LLC,3,FY2024_Q4
WEST RIVER HEALTH SERVICES,3,FY2024_Q4
"VISTEX, INC",3,FY2024_Q4
"SVTRONICS, INC.",3,FY2024_Q4
UNIVERSITY OF SOUTH FLORIDA,3,FY2024_Q4
TECNICS CONSULTING INC.,3,FY2024_Q4
TECHGROUP AMERICA INC,3,FY2024_Q4
PROTECH SOLUTIONS INC,3,FY2024_Q4
PRN IT CORP,3,FY2024_Q4
"TECHNO TASKS, INC.",3,FY2024_Q4
WILLIAM BEAUMONT HOSPITAL,3,FY2024_Q4
OVERHEAD DOOR CORPORATION,3,FY2024_Q4
ROLA BUSINESS GROUP INC,3,FY2024_Q4
MILLICOM INTERNATIONAL SERVICES LLC,3,FY2024_Q4
MIRACLES TEK LLC,3,FY2024_Q4
SYNERGY SOFTWARE SOLUTIONS INC,3,FY2024_Q4
TAPROOT SOLUTIONS INC,3,FY2024_Q4
ST. JOHNS UNIVERSITY,3,FY2024_Q4
"ROTOLO CONSULTANTS, INC.",3,FY2024_Q4
SCHRDINGER INC.,3,FY2024_Q4
"RYDER INTEGRATED LOGISTICS, INC",3,FY2024_Q4
"XOS FLEET, INC.",3,FY2024_Q4
PAIN DAVIGNON II INC,3,FY2024_Q4
PARAGON LANSDCAPE CONSTRUCTION INC.,3,FY2024_Q4
"PAYSPOT, LLC DBA EPAY NORTH AMERICA",3,FY2024_Q4
PETADIGIT LLC,3,FY2024_Q4
"ZF NORTH AMERICA, INC.",3,FY2024_Q4
PC LOGISTICS GROUP INC.,3,FY2024_Q4
"SAMS BEAUTY, INC",3,FY2024_Q4
SENTACA INC,3,FY2024_Q4
"SERVICELINK MANAGEMENT COMPANY, LLC",3,FY2024_Q4
COLUMBIA COLLEGE,3,FY2024_Q4
DECCAN INTERNATIONAL,3,FY2024_Q4
DALLAS LOGISTICS INC,3,FY2024_Q4
INTELIBLUE LLC,3,FY2024_Q4
"DART CONTAINER OF MI, LLC",3,FY2024_Q4
"1LIFE HEALTHCARE, INC. TRADE NAME ONE MEDICAL",3,FY2024_Q4
CORPORATE SOLUTIONS GENERAL INC,3,FY2024_Q4
ADHRIT INC,3,FY2024_Q4
"FIVE BELOW, INC.",3,FY2024_Q4
ISO NEW ENGLAND,3,FY2024_Q4
HUNTER TAUBMAN NY LLP,3,FY2024_Q4
"CANYON PROPERTIES III,LLC DBA COUNTRY MANOR HEALTH",3,FY2024_Q4
BAOBAOS CRAWFISH  SEAFOOD LLC,3,FY2024_Q4
"ALEXS LAWN CARE, LLC",3,FY2024_Q4
"ALL IN ONE POOL CONSTRUCTION, LLC",3,FY2024_Q4
"APPALACHIAN REGIONAL HEALTHCARE, INC",3,FY2024_Q4
BONITA RESIDENTIAL CARE 2,3,FY2024_Q4
"BAYOU TORTUE APIARIES, LLC",3,FY2024_Q4
ASCEND REHAB SERVICES,3,FY2024_Q4
BPP RAMEN GROUP CORP,3,FY2024_Q4
DANY COSMETOLOGY INC DBA FRIENDLY NAILS,3,FY2024_Q4
"DEKO INTERNATIONAL CO., LTD",3,FY2024_Q4
INDOTRONIX INTERNATIONAL CORPORATION,3,FY2024_Q4
GALAXY I TECHNOLOGIES INC,3,FY2024_Q4
SOPHLOGIC GLOBAL LLC,3,FY2024_Q4
COD CORES INC,3,FY2024_Q4
GUARANTEED RATE INC,3,FY2024_Q4
ATRUZ SOLUTIONS LLC,3,FY2024_Q4
IKCON TECHNOLOGIES INC,3,FY2024_Q4
"HITACHI ASTEMO AMERICAS, INC",3,FY2024_Q4
KBI BIOPHARMA,3,FY2024_Q4
TIA LETYS RESTAURANT INC,3,FY2024_Q4
DIXIE FARMS,3,FY2024_Q4
"BUFFALO ELECTRIC WHOLESALE, INC.",3,FY2024_Q4
JJ MARKETING INC,3,FY2024_Q4
"FRANKLIN ADVISERS, INC.",3,FY2024_Q4
"EXTREME NETWORKS, INC.",3,FY2024_Q4
BLUE CROSS  BLUE SHIELD OF MISSISSIPPI,3,FY2024_Q4
ELEKS INC.,3,FY2024_Q4
"CERTIFY GLOBAL, INC.",3,FY2024_Q4
BNBUILDERS,3,FY2024_Q4
IFM INVESTORS US LLC,3,FY2024_Q4
IOASIZ INC,3,FY2024_Q4
"GALLUP, INC.",3,FY2024_Q4
EMETEORS TECHNOLOGY INC,3,FY2024_Q4
ENERGY AND ENVIRONMENTAL ECONOMICS,3,FY2024_Q4
EAST TENNESSEE STATE UNIVERSITY,3,FY2024_Q4
CELORIS TECH LLC,3,FY2024_Q4
ILLINOIS STATE UNIVERSITY,3,FY2024_Q4
HALIFAX COUNTY PUBLIC SCHOOLS,3,FY2024_Q4
"JCF CAPITAL, LLC",3,FY2024_Q4
"JAX DAIRY FARM, INC",3,FY2024_Q4
JM POOL PLASTERING INC,3,FY2024_Q4
HG BAKING CO. LLC,3,FY2024_Q4
FAURECIA AUTOMOTIVE SEATING,3,FY2024_Q4
KARYOPHARM THERAPEUTICS,3,FY2024_Q4
MORTGAGE GUARANTY INSURANCE CORPORATION,3,FY2024_Q4
LIST MANAGEMENT SERVICES INC,3,FY2024_Q4
"OBJECT TECHNOLOGY SOLUTIONS, INC",3,FY2024_Q4
"LEIDOS ENGINEERING, LLC",3,FY2024_Q4
MOUNT HOLYOKE COLLEGE,3,FY2024_Q4
GRANITE SCHOOL DISTRICT,3,FY2024_Q4
KOZY KORNER INC,3,FY2024_Q4
"FEDEGARI TECHNOLOGIES, INC.",3,FY2024_Q4
"LEWIS LANDSCAPING  NURSERY, INC.",3,FY2024_Q4
"MARKETING ASSOCIATES, LLC",3,FY2024_Q4
JSM CONSULTING,3,FY2024_Q4
SPRUCE TECHNOLOGY INC,3,FY2024_Q4
SWINGTECH CONSULTING INC,3,FY2024_Q4
"L  K DENTAL, PA",3,FY2024_Q4
SENTARA MEDICAL GROUP,3,FY2024_Q4
DRJ USA CORPORATION DBA DELHI6,3,FY2024_Q4
"LA COSECHA XX, LLC DBA LA PARRILLA MEXICAN REST",3,FY2024_Q4
SEMA INTERNATIONAL INC,3,FY2024_Q4
SIERRA DIGITAL INC,3,FY2024_Q4
MAQ LLC,3,FY2024_Q4
SALIGRAM SYSTEMS INC,3,FY2024_Q4
"PAYCOR, INC",3,FY2024_Q4
"SKYDIO, INC.",3,FY2024_Q4
THE STEPPING STONES GROUP LLC,3,FY2024_Q4
"NORTHEAST MEDICAL GROUP, INC.",3,FY2024_Q4
"PEACHTREE INPATIENT CONSULTING, LLC",3,FY2024_Q4
MANDARIN HOUSE INC,3,FY2024_Q4
THAI TIME DOWNTOWN RESTAURANT INC,3,FY2024_Q4
VECTOR SOFTWARE US CORP,3,FY2024_Q4
"RENEE SYSTEMS, INC.",3,FY2024_Q4
SID GLOBAL SOLUTIONS,3,FY2024_Q4
"REALTIME ROBOTICS, INC.",3,FY2024_Q4
TRADING POST COFFEE SHOP LLC,3,FY2024_Q4
"THIELEN TURF IRRIGATION, INC.",3,FY2024_Q4
THE GOIANAO GROUP LLC,3,FY2024_Q4
"TRENDLY, INC DBA REBAG",3,FY2024_Q4
"SMART SOURCE TECHNOLOGIES, INC.",3,FY2024_Q4
TECHGENE SOLUTIONS LLC,3,FY2024_Q4
NEOITEK SYSTEMS INC,3,FY2024_Q4
WOK N GRILL RESTAURANT,3,FY2024_Q4
NORTH HARBOR PROJECT INC DBA THE FAT MERMAID,3,FY2024_Q4
PLEXUS CORP.,3,FY2024_Q4
NEWRON TECH INC,3,FY2024_Q4
TEKIZMA INC.,3,FY2024_Q4
"NEW HORIZON FOOD, INC.",3,FY2024_Q4
WEST PARTNERSHIP II,3,FY2024_Q4
THE PREDICTIVE INDEX,3,FY2024_Q4
VIRTU FINANCIAL OPERATING LLC,3,FY2024_Q4
"TZERO GROUP, INC.",3,FY2024_Q4
RIVERCA PROYECT CLEAN LLC,3,FY2024_Q4
PROFESSIONAL TOUCH GARDENS AND LANDSCAPES IN,3,FY2024_Q4
RIVERBED TECHNOLOGY,3,FY2024_Q4
UNICON SCIENCES INC,3,FY2024_Q4
UNIQUE NAIL SUPPLY LLC,3,FY2024_Q4
JDX GLOBAL INC,3,FY2024_Q4
"VERTRAUS, INC.",3,FY2024_Q4
VST CONSULTING INC.,3,FY2024_Q4
UINTAH BASIN MEDICAL CENTER,3,FY2024_Q4
WHI HOTEL LLC,3,FY2024_Q4
"MSIT SYSTEMS,INC",3,FY2024_Q4
TACANDONG CARE HOMES LLC,3,FY2024_Q4
ROSE HAVEN LLC,3,FY2024_Q4
PINE BROOK PIZZA HUT LLC,3,FY2024_Q4
JOHN VOLPI  COMPANY,3,FY2024_Q4
"VELAGA ASSOCIATES, INC.",3,FY2024_Q4
SCOTT SULLIVAN FARMS,3,FY2024_Q4
SIDING PRO INC,3,FY2024_Q4
BUILD HEALTH INTERNATIONAL,2,FY2024_Q4
BROOKFIELD CAPITAL PARTNERS LLC,2,FY2024_Q4
AILES TECHNOLOGIES LLC,2,FY2024_Q4
"OMS NATIONAL INSURANCE COMPANY, RRG",2,FY2024_Q4
BPMLINKS LLC,2,FY2024_Q4
EDP RENEWABLES NORTH AMERICA LLC,2,FY2024_Q4
"YAPP USA  AUTOMOTIVE SYSTEMS, INC.",2,FY2024_Q4
BARNESJEWISH HOSPITAL,2,FY2024_Q4
"AIM POON SAP, LLC DBA CHADA THAI",2,FY2024_Q4
CALLIDUS SOFTWARE INC.,2,FY2024_Q4
"WARTSILA NORTH AMERICA, INC.",2,FY2024_Q4
IPSOS MMA,2,FY2024_Q4
EQUITABLE PORTFOLIO CORPORATION,2,FY2024_Q4
A  A MANAGEMENT PARTNERS LLC,2,FY2024_Q4
GINGER IO INC.,2,FY2024_Q4
"APPFOLIO, INC.",2,FY2024_Q4
INGENIOUS HEADS LLC,2,FY2024_Q4
ALLVYSS LLC,2,FY2024_Q4
"INCONTACT, INC",2,FY2024_Q4
YENLO USA LLC,2,FY2024_Q4
RAVEN NORTHBROOK LLC,2,FY2024_Q4
FUBOTV MEDIA INC,2,FY2024_Q4
DATA SYSTEMS INTEGRATION GROUP INC,2,FY2024_Q4
VIDHWAN INC. DBA ESOLUTIONS,2,FY2024_Q4
SCALE AI,2,FY2024_Q4
"NIKE TN, INC.",2,FY2024_Q4
EVERQUOTE,2,FY2024_Q4
FAMILIA DENTAL SPFW LLC,2,FY2024_Q4
CLINICAL CARE ASSOCIATES OF UNIV OF PENN HLTH SYST,2,FY2024_Q4
BAI TONG THAI CORPORATION,2,FY2024_Q4
ZINIER INC,2,FY2024_Q4
AMERISOURCEBERGEN CORPORATION,2,FY2024_Q4
TEK ONE SYSTEMS INC,2,FY2024_Q4
SADA SYSTEMS,2,FY2024_Q4
"INBOUNDPARTNERS, LLC",2,FY2024_Q4
FAIRWAY INDEPENDENT MORTGAGE CORPORATION,2,FY2024_Q4
"SONATUS, INC.",2,FY2024_Q4
"FAIRE WHOLESALE, INC.",2,FY2024_Q4
AMERICAN ELECTRIC POWER,2,FY2024_Q4
"DNV ENERGY USA, INC",2,FY2024_Q4
"APPLIED OPTOELECTRONICS, INC.",2,FY2024_Q4
"CHALLENGE MFG HOLDINGS, INC",2,FY2024_Q4
APACHE CORPORATION,2,FY2024_Q4
TANGIPAHOA PARISH SCHOOL SYSTEM,2,FY2024_Q4
AE HOME INC,2,FY2024_Q4
MOSIB HOSPITALITY LLC,2,FY2024_Q4
SEN NAILS,2,FY2024_Q4
ERIC NYSTUEN,2,FY2024_Q4
SWIFT PORK COMPANY,2,FY2024_Q4
DIMIOUR LLC,2,FY2024_Q4
"GREYSTAR MANAGEMENT SERVICES, LP",2,FY2024_Q4
DIGITAL BUILDING COMPONENTS,2,FY2024_Q4
"CRESTRON ELECTRONICS, INC.",2,FY2024_Q4
"K  G GEKON, INC",2,FY2024_Q4
"REXEL USA, INC.",2,FY2024_Q4
TPS THAYER,2,FY2024_Q4
GOMIAPP LLC,2,FY2024_Q4
LORVEN IT SOLUTIONS INC,2,FY2024_Q4
JADE GLOBAL INC.,2,FY2024_Q4
CORNING INCORPORATED,2,FY2024_Q4
"COATUE MANAGEMENT, L.L.C.",2,FY2024_Q4
COMPREHENSIVE RESOURCES INC,2,FY2024_Q4
"CMES, INC.",2,FY2024_Q4
"MOSS  ASSOCIATES, LLC",2,FY2024_Q4
"RANDOLPH  SON BUILDERS, INC.",2,FY2024_Q4
MPI AMERICA INC,2,FY2024_Q4
"MVE  PARTNERS, INC.",2,FY2024_Q4
TREE HOUSE ACADEMY CHILDCARE,2,FY2024_Q4
QY GOLDEN CHINA INC.,2,FY2024_Q4
GREEN PAPAYA CAFE INC,2,FY2024_Q4
MAJOR UNIVERSAL LODGING LLC,2,FY2024_Q4
"THE REGENCY ROOFING COMPANIES, INC. DBA REGENCY ROOFINGSHAKEMASTERS",2,FY2024_Q4
FINASTRA TECHNOLOGY INC,2,FY2024_Q4
"FUNGIBLE, INC.",2,FY2024_Q4
EXCELLERENT TECHNOLOGY SOLUTIONS INC.,2,FY2024_Q4
ANJUS LLC,2,FY2024_Q4
APEX ANALYTIX LLC,2,FY2024_Q4
AMOUNT,2,FY2024_Q4
"FRANKLIN INFOTECH, INC",2,FY2024_Q4
"FANDANGO MEDIA, LLC",2,FY2024_Q4
"SR PROFESSIONALS, LLC",2,FY2024_Q4
"BASE22, LLC",2,FY2024_Q4
"ARISTON TEK, INC",2,FY2024_Q4
DE LAGE LANDEN FINANCIAL SERVICES INC.,2,FY2024_Q4
"LOGIC SOLUTIONS, INC",2,FY2024_Q4
"ENTEGRIS, INC.",2,FY2024_Q4
SIMPSON THACHER  BARTLETT LLP,2,FY2024_Q4
ELEONORS PLACE INC.,2,FY2024_Q4
XC TYPHOON ASIAN FUSION BISTRO LLC,2,FY2024_Q4
"RJ INTERNATIONAL SPECIALTY, INC.",2,FY2024_Q4
GREENOAKS CAPITAL PARTNERS LLC,2,FY2024_Q4
ASAHI KASEI PLASTICS NA,2,FY2024_Q4
LUNA HOSPITALITY MANAGEMENT LLC,2,FY2024_Q4
THE HANOVER RESEARCH COUNCIL,2,FY2024_Q4
BBI LAW GROUP P.C.,2,FY2024_Q4
TASDEMIR MARBLE  GRANITE LLC,2,FY2024_Q4
"ROUTE APP, INC.",2,FY2024_Q4
RUBINO  COMPANY,2,FY2024_Q4
UBS ASSET MANAGEMENT AMERICAS INC.,2,FY2024_Q4
MOURI TECH LLC,2,FY2024_Q4
SBP CONSULTING INC,2,FY2024_Q4
"DEEPSCRIBE, INC.",2,FY2024_Q4
DEPOSCO INC.,2,FY2024_Q4
NBA PROPERTIES INC.,2,FY2024_Q4
"LYTX, INC.",2,FY2024_Q4
AVIRA DIGITAL LLC,2,FY2024_Q4
SRITEK INC,2,FY2024_Q4
ELEMENTAL TECHNOLOGIES LLC,2,FY2024_Q4
INFOCOGNIZE INC,2,FY2024_Q4
ELECTRONIC ARTS TIBURON,2,FY2024_Q4
ASCEND LEARNING,2,FY2024_Q4
COOPERVISION,2,FY2024_Q4
"CANOPY ONE SOLUTIONS, INC.",2,FY2024_Q4
INFO LABS INC,2,FY2024_Q4
"NIHON KOHDEN AMERICA, INC",2,FY2024_Q4
"HANDLE FINANCIAL, INC.",2,FY2024_Q4
CLIFF IT SOLUTIONS INC,2,FY2024_Q4
RED OAK TECH INC,2,FY2024_Q4
"DIALPAD, INC.",2,FY2024_Q4
EITACIES INC,2,FY2024_Q4
LANCESOFT INC.,2,FY2024_Q4
SIEMENS HEALTHCARE DIAGNOSTICS INC.,2,FY2024_Q4
AVAGO TECHNOLOGIES,2,FY2024_Q4
"MICHELIN NORTH AMERICA, INC.",2,FY2024_Q4
"ENERFLEX ENERGY SYSTEMS, INC.",2,FY2024_Q4
"SRK CONSULTING U.S., INC.",2,FY2024_Q4
THE QUEENS MEDICAL CENTER,2,FY2024_Q4
SOUTHEAST HEALTH,2,FY2024_Q4
"BLACHOWSKE TRUCK LINE, INC.",2,FY2024_Q4
"KONICA MINOLTA BUSINESS SOLUTIONS U.S.A., INC",2,FY2024_Q4
DAZZLING HOMES CORP,2,FY2024_Q4
SIGNATURE IT WORLD INC,2,FY2024_Q4
"SNAP ONE, LLC",2,FY2024_Q4
"WALKER  DUNLOP, LLC",2,FY2024_Q4
SERENITY INFOTECH INC.,2,FY2024_Q4
"ACUITY BRANDS TECHNOLOGY SERVICES, INC.",2,FY2024_Q4
ARISGLOBAL LLC,2,FY2024_Q4
"CIVIL CONSTRUCTION, LLC",2,FY2024_Q4
"SHOEMAKER CONSULTING ENGINEERS, INC",2,FY2024_Q4
INNOVATION LABS INC.,2,FY2024_Q4
UNIVERSITY OF HAWAII,2,FY2024_Q4
"BYD MOTORS, LLC",2,FY2024_Q4
"JSP GROUP, LLC",2,FY2024_Q4
SGFR INC. DBA HOLA SEOUL,2,FY2024_Q4
VINELAND INVESTMENTS INC,2,FY2024_Q4
UNITED STRAPPING TOOLS INC.,2,FY2024_Q4
"RUBI TOOLS USA,  INC",2,FY2024_Q4
"ASH STEVENS, LLC DBA PIRAMAL PHARMA SOLUTIONS",2,FY2024_Q4
"HENNIGES AUTOMOTIVE NORTH AMERICA, INC.",2,FY2024_Q4
BINEX LINE CORP.,2,FY2024_Q4
STERLING JEWELERS INC.,2,FY2024_Q4
"SOURCE MANTRA, INC.",2,FY2024_Q4
VTECH LLC,2,FY2024_Q4
BERKSHIRE GREY INC,2,FY2024_Q4
RESULTANT,2,FY2024_Q4
BTE TECHNOLOGIES LLC,2,FY2024_Q4
STV CONSTRUCTION INC.,2,FY2024_Q4
"ENGINEERING  MATERIALS TECHNOLOGIES, INC.",2,FY2024_Q4
"BLUETRITON BRANDS, INC.",2,FY2024_Q4
"CALTROL, INC",2,FY2024_Q4
TRUMPF PHOTONICS INC.,2,FY2024_Q4
RRCK INC,2,FY2024_Q4
STAMFORD BROTHER LLC,2,FY2024_Q4
"GASTRONOMY OF VIETNAM, INC.",2,FY2024_Q4
"PANDA EXPRESS, INC.",2,FY2024_Q4
"EXCEPTIONAL HOSPITALITY, INC.",2,FY2024_Q4
"REEL NEET LAWN SERVICE, INC.",2,FY2024_Q4
"STROPKEY NURSERIES, INC.",2,FY2024_Q4
OUTSET MEDICAL,2,FY2024_Q4
AIR SEA TRANSPORT CHICAGO INC.,2,FY2024_Q4
"PEMEX PROCUREMENT INTERNATIONAL, INC.",2,FY2024_Q4
LEGAL AND GENERAL INVESTMENT MANAGEMENT AMERICA,2,FY2024_Q4
"SIMPLEHUMAN, LLC",2,FY2024_Q4
VTEKH INC,2,FY2024_Q4
MULTIEDGE INC,2,FY2024_Q4
PROVISO CACHE HOLDINGS CORP DBA KERR CONSULTING,2,FY2024_Q4
KERING EYEWEAR USA INC.,2,FY2024_Q4
"SCHWANS SHARED SERVICES, LLC",2,FY2024_Q4
AC INFINITY CONSTRUCTION LLC,2,FY2024_Q4
THAI SIGNATURE LLC,2,FY2024_Q4
BANGKOK 54 CO,2,FY2024_Q4
SOLSIE LLC,2,FY2024_Q4
KUCHENBECKER EXCAVATING,2,FY2024_Q4
FIRST MILE GROUP,2,FY2024_Q4
"FLINTCO, LLC",2,FY2024_Q4
"DATA INTENSITY, LLC",2,FY2024_Q4
"TYSON FOODS, INC.",2,FY2024_Q4
EHOMIE NEW YORK INC.,2,FY2024_Q4
NUMERIX LLC,2,FY2024_Q4
"PEAR THERAPEUTICS, INC.",2,FY2024_Q4
"O3B NETWORKS USA, LLC",2,FY2024_Q4
KORBER PHARMA INC,2,FY2024_Q4
BIG FISH GAMES,2,FY2024_Q4
"AXWAY, INC.",2,FY2024_Q4
"AUTOX TECHNOLOGIES, INC.",2,FY2024_Q4
"BAANYAN SOFTWARE SERVICES, INC",2,FY2024_Q4
"CIENET TECHNOLOGIES, INC",2,FY2024_Q4
ENOVA INTERNATIONAL,2,FY2024_Q4
DOBLE ENGINEERING COMPANY,2,FY2024_Q4
"MAXIM INTEGRATED PRODUCTS, INC.",2,FY2024_Q4
"ERIE, COUNTY OF",2,FY2024_Q4
MERCY HEALTH SERVICESIOWA CORP.,2,FY2024_Q4
EL JALISCO INC DBA EL JALISCO MEXICAN RESTAURANT,2,FY2024_Q4
DAVIDS HAPPY NAILS  SPA LLC,2,FY2024_Q4
COFORGE INC.,2,FY2024_Q4
BIONEW USA CENTRAL CORP.,2,FY2024_Q4
AUTONOMIC LLC,2,FY2024_Q4
"CONTINENTAL FORWARDING SERVICE, INC",2,FY2024_Q4
"INTELLIGRATED SOFTWARE, LLC",2,FY2024_Q4
"OBJECT EDGE, INC",2,FY2024_Q4
"CEVA FREIGHT, LLC",2,FY2024_Q4
TELLIGEN INFOTECH INC. DBA TRINE INFO,2,FY2024_Q4
"ELECTRIC POWER SYSTEMS INTERNATIONAL, INC.",2,FY2024_Q4
GRAVER TECHNOLOGIES LLC,2,FY2024_Q4
ONE ACADEMY INC,2,FY2024_Q4
BOOMI LP,2,FY2024_Q4
"QUINCY PHYSICIANS AND SURGEONS CLINIC, S.C.",2,FY2024_Q4
ENSURE INC,2,FY2024_Q4
IZABEL CLEANING SERVICES CORPORATION,2,FY2024_Q4
BONJOUR LLC,2,FY2024_Q4
SYNDICATE MORTGAGES LLC,2,FY2024_Q4
ARCONIC,2,FY2024_Q4
"NTT AMERICA, INC.",2,FY2024_Q4
"D. E. SHAW  CO., L.P.",2,FY2024_Q4
NOMURA HOLDING AMERICA INC.,2,FY2024_Q4
TP ICAP AMERICAS HOLDINGS INC,2,FY2024_Q4
VARIYAS GLOBAL SOLUTIONS INC,2,FY2024_Q4
SUSE LLC,2,FY2024_Q4
GOVIN TECHNOLOGIES LLC,2,FY2024_Q4
SICL AMERICA INC,2,FY2024_Q4
AILAW INC,2,FY2024_Q4
CORE TECH INTERNATIONAL CORPORATION,2,FY2024_Q4
SAPPHIRE SYSTEMS INC,2,FY2024_Q4
EXTERNETWORKS INC,2,FY2024_Q4
ACI WORLDWIDE CORP.,2,FY2024_Q4
"NEWFOLD DIGITAL, INC.",2,FY2024_Q4
"SERVICEMAX, INC.",2,FY2024_Q4
JOBY AERO,2,FY2024_Q4
SL AMERICA CORPORATION,2,FY2024_Q4
FLORENCE UNIFIED SCHOOL DISTRICT #1,2,FY2024_Q4
"TENNIS CLUB OF HASTINGS, LLC",2,FY2024_Q4
RIVERSIDE MEDICAL GROUP,2,FY2024_Q4
ADVENTIST HEALTH SYSTEM DBA ADVENTHEALTH WINTER,2,FY2024_Q4
"RDI, INC",2,FY2024_Q4
SEUNGSAN PACK AMERICA CORPORATION,2,FY2024_Q4
"NABORS DRILLING TECHNOLOGIES USA, INC.",2,FY2024_Q4
QUALITY MATRIX INC,2,FY2024_Q4
"J.C. WORLD BELL WHOLESALE CO., INC.",2,FY2024_Q4
XCEL ENERGY SERVICES INC.,2,FY2024_Q4
MEDICAL MUTUAL,2,FY2024_Q4
"DELEK US ENERGY, INC.",2,FY2024_Q4
QUEST DIAGNOSTICS INCORPORATED,2,FY2024_Q4
"SAMBA TV, INC.",2,FY2024_Q4
"PROCORP SYSTEMS, INC.",2,FY2024_Q4
"NATIONAL GOVERNMENT SERVICES, INC.",2,FY2024_Q4
BANDAI NAMCO ENTERTAINMENT AMERICA INC.,2,FY2024_Q4
"SHARECARE, INC.",2,FY2024_Q4
MUKEGROUP INC,2,FY2024_Q4
"NAMELY, INC.",2,FY2024_Q4
EPROMPTUS INC.,2,FY2024_Q4
ROTHMAN NATIONAL MANAGEMENT SERVICES ORGANIZATION,2,FY2024_Q4
PAII INC,2,FY2024_Q4
"JAM CITY, INC.",2,FY2024_Q4
SIFIVE INC.,2,FY2024_Q4
"ISUZU TECHNICAL CENTER OF AMERICA, INC.",2,FY2024_Q4
PUFFERSWEIVEN LP,2,FY2024_Q4
MULLER AND MULLER LTD,2,FY2024_Q4
PLEASANT VALLEY HOSPITAL,2,FY2024_Q4
TRINITY HEALTH OF NEW ENGLAND PROVIDER NETWORK ORG,2,FY2024_Q4
SHAWNEE MISSION HEALTH CARE DBA ADVENTHEALTH SHA,2,FY2024_Q4
RIOS STEAKHOUSE LLC,2,FY2024_Q4
"ATM LINK, INC.",2,FY2024_Q4
EMERGENCY PACKOUT COMPANY,2,FY2024_Q4
"NAVITAS SEMICONDUCTOR, INC.",2,FY2024_Q4
LAKEWOOD FAMILY DENTAL INC,2,FY2024_Q4
SPL CONSULTING INC,2,FY2024_Q4
"REVENUE SOLUTIONS, INC",2,FY2024_Q4
SIEMENS CORPORATION,2,FY2024_Q4
"JAZZ SOLUTIONS, INC.",2,FY2024_Q4
SEPHORA USA INC,2,FY2024_Q4
"PINNACLE TECHNICAL RESOURCES, INC.",2,FY2024_Q4
MPULSE MOBILE INC.,2,FY2024_Q4
THE UNIVERSITY OF TEXAS PERMIAN BASIN,2,FY2024_Q4
KYOTO OMEN USA INC,2,FY2024_Q4
VON ARDENNE NORTH AMERICA INC,2,FY2024_Q4
"IMPEX GLS ATLANTA, INC.",2,FY2024_Q4
COLLABRIUM SYSTEMS LLC,2,FY2024_Q4
AJACE INC,2,FY2024_Q4
COMPUGAIN LLC,2,FY2024_Q4
HEARSAY SOCIAL,2,FY2024_Q4
"WAWA, INC.",2,FY2024_Q4
MERCER US INC.,2,FY2024_Q4
"CLARK CONSTRUCTION GROUP, CALP",2,FY2024_Q4
"H.W. LOCHNER, INC",2,FY2024_Q4
GIGATERA COMMUNICATIONS,2,FY2024_Q4
AMPERE COMPUTING LLC,2,FY2024_Q4
"BRASKEM AMERICA, INC.",2,FY2024_Q4
"BOSCH SECURITY SYSTEMS, LLC",2,FY2024_Q4
ADAMS STATE UNIVERSITY,2,FY2024_Q4
NORTHWESTERN UNIVERSITY,2,FY2024_Q4
APPLE TREE DENTAL,2,FY2024_Q4
"IDAHO LANDCARE COMPANY, INC",2,FY2024_Q4
"GISI PHEASANT FARMS, LLC",2,FY2024_Q4
ARTHUR LAWRENCE US LLC,2,FY2024_Q4
GJW LLC,2,FY2024_Q4
"POULOS  BENNETT, LLC",2,FY2024_Q4
IX LAYER INC.,2,FY2024_Q4
D3 LLC,2,FY2024_Q4
"FIRST HELP FINANCIAL, LLC.",2,FY2024_Q4
QBE INSURANCE CORPORATION,2,FY2024_Q4
"ROYAL CARIBBEAN CRUISES, LTD.",2,FY2024_Q4
"UNQORK, INC.",2,FY2024_Q4
"AUNALYTICS, INC.",2,FY2024_Q4
CONMED CORPORATION,2,FY2024_Q4
INGENWORKS LLC,2,FY2024_Q4
CINER ENTERPRISES INC.,2,FY2024_Q4
TROON GOLF LLC AT BALLENISLES COUNTRY CLUB INC,2,FY2024_Q4
"GILLAM LAWNCARE  LANDSCAPING, LLC",2,FY2024_Q4
T.L.A. HEATING AND AC INC.,2,FY2024_Q4
"CC NORTH AMERICA, INC.",2,FY2024_Q4
HORIZON GLOBAL AMERICAS INC.,2,FY2024_Q4
ELEMENT MATERIALS TECHNOLOGY,2,FY2024_Q4
DAPHNE CONSTRUCTION LLC,2,FY2024_Q4
JML PARTNERS LLC,2,FY2024_Q4
MEGHAZ INC.,2,FY2024_Q4
FREE RANGE GAMES,2,FY2024_Q4
EPIC SYSTEMS CORPORATION,2,FY2024_Q4
MICRO FOCUS LLC,2,FY2024_Q4
MAVERICK TUBE CORPORATION,2,FY2024_Q4
PROLIFIC TECHNOLOGIES INC,2,FY2024_Q4
BANK OF UTAH,2,FY2024_Q4
TRUSTEES OF AMHERST COLLEGE,2,FY2024_Q4
"IONE, INC.",2,FY2024_Q4
"SKIENCE, LLC",2,FY2024_Q4
INSTRUMENTAL SERVICES INC. DBA INRHYTHM,2,FY2024_Q4
I28 TECHNOLOGIES CORPORATION,2,FY2024_Q4
"EXTRA SPACE MANAGEMENT, INC",2,FY2024_Q4
EPCOT TECHNOLOGIES INC,2,FY2024_Q4
HC BECK LTD,2,FY2024_Q4
"DIGIOIA GRAY  ASSOCIATES, LLC",2,FY2024_Q4
"ELECTROLUX HOME PRODUCTS, INC.",2,FY2024_Q4
SOUTH DAKOTA SCHOOL OF MINES AND TECHNOLOGY,2,FY2024_Q4
RESTORATION HARDWARE INC.,2,FY2024_Q4
LAKE FOREST COLLEGE,2,FY2024_Q4
"SUMALEE, LLC DBA SUMALEE THAI CUISINE",2,FY2024_Q4
EAGLE DAY CARE INC.,2,FY2024_Q4
PIRELLI TIRE LLC,2,FY2024_Q4
PHOENIX TREE PUBLISHING INC,2,FY2024_Q4
"INGENIO, LLC",2,FY2024_Q4
MIRIMUS INC,2,FY2024_Q4
"JURNY, INC.",2,FY2024_Q4
JTC TRUSTEES USA LTD,2,FY2024_Q4
FIREFLY PROS INC.,2,FY2024_Q4
"TRISTAR ART, INC.",2,FY2024_Q4
THE EPOCH TIMES ASSOCIATION INC.,2,FY2024_Q4
GUZMAN ENERGY,2,FY2024_Q4
"ORCHID UNDERWRITERS AGENCY, LLC",2,FY2024_Q4
REGIONS BANK,2,FY2024_Q4
SEVEN TABLETS INC,2,FY2024_Q4
OFF MARKET DATA INC. DBA URBINT,2,FY2024_Q4
BALBOA BAY PARTNERS LLC,2,FY2024_Q4
"KLC CONSULTING, INC.",2,FY2024_Q4
FREEDOM FINANCIAL NETWORK FUNDING LLC,2,FY2024_Q4
WELD ON ADHESIVES,2,FY2024_Q4
"INSEEGO WIRELESS, INC.",2,FY2024_Q4
"3DMICROMAC AMERICA, LLC.",2,FY2024_Q4
VICTORIAS RANCH LLC,2,FY2024_Q4
UNIVERSITY OF TEXAS MEDICAL BRANCHGALVESTON,2,FY2024_Q4
RICHARDS MANOR,2,FY2024_Q4
CASA RUBIO RESTAURANT INC.,2,FY2024_Q4
VOLNIK HOME HEALTHCARE INC,2,FY2024_Q4
HANSEN FARMS,2,FY2024_Q4
MIDSTATE HYDRO VAC LLC,2,FY2024_Q4
PHOENIX PACKAGING OPERATIONS LLC,2,FY2024_Q4
PATRIOT TRANSPORT INC.,2,FY2024_Q4
"THRASIO, LLC",2,FY2024_Q4
UNICREDIT BANK NEW YORK BRANCH,2,FY2024_Q4
"THE STELLAR HEALTH GROUP, INC.",2,FY2024_Q4
"OCLC, INC.",2,FY2024_Q4
MARATHON PETROLEUM COMPANY LP,2,FY2024_Q4
"HS SOLUTIONS, INC.",2,FY2024_Q4
IT FACE INC,2,FY2024_Q4
MERITORE TECHNOLOGIES,2,FY2024_Q4
"VIEW THE SPACE, INC.",2,FY2024_Q4
SANJIV GUPTA CPA,2,FY2024_Q4
"DIVERSEY, INC.",2,FY2024_Q4
MARK LOGIC CORPORATION,2,FY2024_Q4
"XFUSION TECHNOLOGIES, INC",2,FY2024_Q4
ILLINOIS TOOL WORKS,2,FY2024_Q4
UNICON PHARMA INC.,2,FY2024_Q4
FAMILY  FRIENDS ENTERPRISE INC.,2,FY2024_Q4
"TITAN BOP RUBBER PRODUCTS, INC.",2,FY2024_Q4
POLINGER COMPANY,2,FY2024_Q4
ASPIRENT CONSULTING,2,FY2024_Q4
BRANDYWINE GLOBAL INVESTMENT MANAGEMENT,2,FY2024_Q4
"PLAYSTUDIOS US, LLC",2,FY2024_Q4
"MUFG UNION BANK, N.A.",2,FY2024_Q4
MOBILEPROGRAMMING LLC,2,FY2024_Q4
KNAPHEIDE MANUFACTURING,2,FY2024_Q4
WOLVERINE ADVANCED MATERIALS,2,FY2024_Q4
JUNG SIK DANG CORP,2,FY2024_Q4
CINNABON OF OC INC,2,FY2024_Q4
APEX WINDOW WERKS INC.,2,FY2024_Q4
JOHN A. GOMERSAL D.B.A J.A.G. LAWN MAINTENANCE  LANDSCAPING,2,FY2024_Q4
"NAMU  J, INC.",2,FY2024_Q4
ENTRUPY INC.,2,FY2024_Q4
BOJIN TECH INC.,2,FY2024_Q4
BLUEOWL. LLC,2,FY2024_Q4
"BEACHBODY, LLC",2,FY2024_Q4
BERKLEY TECHNOLOGY SERVICES LLC.,2,FY2024_Q4
ABERCROMBIE  FITCH MANAGEMENT CO.,2,FY2024_Q4
PIONEER PROJECT SERVICES LLC,2,FY2024_Q4
UTAH STATE UNIVERSITY,2,FY2024_Q4
NARASOL HOMES LLC,2,FY2024_Q4
MERRY HEART PERSONNEL CORP,2,FY2024_Q4
BGP GROUP LLC,2,FY2024_Q4
"PERMSIN, LLC DBA BANGKOK PALACE",2,FY2024_Q4
"CENERGY INTERNATIONAL SERVICES, LLC",2,FY2024_Q4
"ISARN THAI LYNNWOOD, LLC",2,FY2024_Q4
REAL AUTO SALES LLC,2,FY2024_Q4
"NESPRESSO USA, INC.",2,FY2024_Q4
SWINERTON BUILDERS,2,FY2024_Q4
JERRY SUNG CPA  ASSOCIATES,2,FY2024_Q4
"NANTHEALTH, INC.",2,FY2024_Q4
DICE IT SOLUTIONS LLC DBA TECHPROJECTS,2,FY2024_Q4
NORTONLIFELOCK INC.,2,FY2024_Q4
JIREH SOLUTIONS LLC,2,FY2024_Q4
PLAID INC,2,FY2024_Q4
PERIGON INFOTECH INC,2,FY2024_Q4
AIRLINE TARIFF PUBLISHING COMPANY ATPCO,2,FY2024_Q4
NATIONAL COMPUTER SYSTEMS,2,FY2024_Q4
NETSYNC MANAGED,2,FY2024_Q4
"TRIANGLE ENGINEERING, LLC",2,FY2024_Q4
PSIQUANTUM CORP.,2,FY2024_Q4
"SPARTAN ROAR, LLC",2,FY2024_Q4
NWE TECHNOLOGY INC,2,FY2024_Q4
"EMMANUEL HOME HEALTH SERVICES, INC",2,FY2024_Q4
"JIMS MANAGEMENT COMPANY, INC.",2,FY2024_Q4
NEW LEAF HOSPITALITY,2,FY2024_Q4
"NORTH END MOTORS, INC",2,FY2024_Q4
"PAO BRASIL BAKERY, INC.",2,FY2024_Q4
SOUTH AMERICAN PARTS CORP.,2,FY2024_Q4
"WINKLER POOL MANAGEMENT, INC.",2,FY2024_Q4
MIZUHO AMERICAS SERVICES,2,FY2024_Q4
ILINK SYSTEMS INC DBA ILINK DIGITAL,2,FY2024_Q4
TECHMORGONITE SOFTWARE SOLUTIONS LLC,2,FY2024_Q4
"CSS INTERNATIONAL, INC.",2,FY2024_Q4
"EPIUSE AMERICA, INC.",2,FY2024_Q4
"SOFTWARE GUIDANCE AND ASSISTANCE, INC.",2,FY2024_Q4
SLEEP NUMBER CORPORATION,2,FY2024_Q4
LUMENTUM OPERATIONS LLC,2,FY2024_Q4
"EMANUELSONPODAS, INC.",2,FY2024_Q4
ECHELLE RESOURCES INC,2,FY2024_Q4
MIAMI UNIFIED SCHOOL DISTRICT #40,2,FY2024_Q4
SCPK INC.,2,FY2024_Q4
"MEDITERRANO, INC",2,FY2024_Q4
"PARIS MOUNTAIN HOSPITALITY, LLC",2,FY2024_Q4
"EBENEZER YARD MATERIALS, LLC",2,FY2024_Q4
DOKA USA LTD.,2,FY2024_Q4
"INZI CONTROLS ALABAMA, INC",2,FY2024_Q4
ACCENTUATE IT SOLUTIONS LLC,2,FY2024_Q4
PERSHING LLC,2,FY2024_Q4
"SYSINTELLI, INC",2,FY2024_Q4
SUMMIT HUMAN CAPITAL,2,FY2024_Q4
"PHILIPS ULTRASOUND, INC.",2,FY2024_Q4
"PHILLIPS  TEMRO INDUSTRIES, INC.",2,FY2024_Q4
MEIER PARTNERS ARCHITECTS LLP,2,FY2024_Q4
EQUISOFT INC.,2,FY2024_Q4
RMK MERRILL STEVENS LLC,2,FY2024_Q4
"IT CONVERGENCE, INC.",2,FY2024_Q4
"STARWOOD CAPITAL OPERATIONS, LLC",2,FY2024_Q4
TRANSPERFECT TRANSLATIONS INTERNATIONAL INC.,2,FY2024_Q4
"VWR MANAGEMENT SERVICES, LLC",2,FY2024_Q4
ITENTIAL,2,FY2024_Q4
"KNOWBE4, INC.",2,FY2024_Q4
"MONTEFIORE HEALTH SYSTEM, INC.",2,FY2024_Q4
"CODA PROJECT, INC.",2,FY2024_Q4
BRIGHT POWER INC.,2,FY2024_Q4
SURFLINE WAVETRAK INC,2,FY2024_Q4
"CYTOMX THERAPEUTICS, INC.",2,FY2024_Q4
DULCE INDEPENDENT SCHOOLS,2,FY2024_Q4
EXPLORE EXCEL CHARTER SCHOOL,2,FY2024_Q4
SUNRISE MAINTENANCE  LANDSCAPING LLC,2,FY2024_Q4
NOVATION INDUSTRIES,2,FY2024_Q4
IT STRATEGIC ALLIANCES INC.,2,FY2024_Q4
EASTLAND FOOD CORPORATION,2,FY2024_Q4
CSIDENTITY CORP.,2,FY2024_Q4
PAX8 INC.,2,FY2024_Q4
CALAMP WIRELESS NETWORKS CORPORATION,2,FY2024_Q4
CONGENSYS CORP,2,FY2024_Q4
"WIND RIVER SYSTEMS, INC.",2,FY2024_Q4
BERKLEY INSURANCE COMPANY,2,FY2024_Q4
"RIGELSKY, INC.",2,FY2024_Q4
TURNITIN LLC,2,FY2024_Q4
SIMPSON STRONGTIE,2,FY2024_Q4
"A123 SYSTEMS, LLC",2,FY2024_Q4
"MAIER  MAIER, PLLC",2,FY2024_Q4
"LASLO LANDSCAPING, INC.",2,FY2024_Q4
APEX GLASS REPLACEMENT,2,FY2024_Q4
OMRON ELECTRONICS LLC,2,FY2024_Q4
"EARGO, INC.",2,FY2024_Q4
"MOBILITYWARE, INC.",2,FY2024_Q4
PANDYA KAPADIA BHATT  ASSOCIATES CPAS LLC,2,FY2024_Q4
EDUCATIONAL TESTING SERVICE,2,FY2024_Q4
BRIDGETOWN CONSULTING GROUP INC,2,FY2024_Q4
ICREDITWORKS,2,FY2024_Q4
"BLOOMINGDALES.COM, LLC",2,FY2024_Q4
"ATLAS AIR, INC.",2,FY2024_Q4
"INTERNATIONAL SYSTEMS TECHNOLOGIES .,INC",2,FY2024_Q4
CSXTECH INC.,2,FY2024_Q4
"ELSEVIER, INC.",2,FY2024_Q4
"ACCUITY, INC.",2,FY2024_Q4
SNAPLOGIC,2,FY2024_Q4
DERMBIONT INC,2,FY2024_Q4
"LUCID GROUP USA, INC.",2,FY2024_Q4
DLR GROUP,2,FY2024_Q4
"DIMENSIONAL CONTROL SYSTEMS, INC.",2,FY2024_Q4
JOHN CARROLL UNIVERSITY,2,FY2024_Q4
TRUSTEES OF GRINNELL COLLEGE,2,FY2024_Q4
"LAS CRUCES PHYSICIAN PRACTICES, LLC",2,FY2024_Q4
EJ S FAMILY HOME,2,FY2024_Q4
"HERITAGE EXTERIORS  DESIGN, LLC",2,FY2024_Q4
FIRST CHOICE CONSTRUCTION,2,FY2024_Q4
EMPIRE SHELL INC,2,FY2024_Q4
FLORIDA ATLANTIC UNIVERSITY,2,FY2024_Q4
MARSHALL WACE NORTH AMERICA L.P.,2,FY2024_Q4
"ICE DATA SERVICES, INC.",2,FY2024_Q4
"NIC SOLUTIONS, LLC",2,FY2024_Q4
EIGHTFOLD AI INC.,2,FY2024_Q4
"FLEETPRIDE, INC.",2,FY2024_Q4
"METHOD DESIGN ARCHITECTURE  URBANISM, PLLC",2,FY2024_Q4
LECOLE FRANCAISE DU MAINE,2,FY2024_Q4
APERION CARE WILMINGTON,2,FY2024_Q4
DIAMONDS AND DIAMONDS INC.,2,FY2024_Q4
INTEL AMERICAS INC.,2,FY2024_Q4
QUEBLO CONSTRUCT,2,FY2024_Q4
LA PLACITA MARKET CORP,2,FY2024_Q4
"AMAZON STUDIOS, LLC",2,FY2024_Q4
CITGO PETROLEUM,2,FY2024_Q4
GREEN MEADOW SCHOOL,2,FY2024_Q4
ACJ RESTAURANTS LLC,2,FY2024_Q4
"A  S PRODUCE, INC.",2,FY2024_Q4
GRAHAM CONSTRUCTION  MANAGEMENT INC.,2,FY2024_Q4
KITE PHARMA INC.,2,FY2024_Q4
"FULGER,LLC",2,FY2024_Q4
"GUGGENHEIM SECURITIES, LLC",2,FY2024_Q4
"GRANTHAM, MAYO, VAN OTTERLOO  CO. LLC",2,FY2024_Q4
"CAPSTONE INVESTMENT ADVISORS, LLC",2,FY2024_Q4
KLAUS LARSEN LLC,2,FY2024_Q4
"KAIROS TECHNOLOGIES, INC",2,FY2024_Q4
WESTWOOD PROFESSIONAL SERVICES,2,FY2024_Q4
"MEDICAL DEVICE BUSINESS SERVICES, INC.",2,FY2024_Q4
"JOHN SOULES FOODS ACQUISITION, LLC",2,FY2024_Q4
"BACKBLAZE, INC.",2,FY2024_Q4
"COMPASS HEALTH, INC.",2,FY2024_Q4
"IQ, LLC DBA NEW YORK GYRO",2,FY2024_Q4
AL NUR INC,2,FY2024_Q4
HUNTWOOD INDUSTRIES,2,FY2024_Q4
GLOBALFACES DIRECT CORP,2,FY2024_Q4
"OMRON ROBOTICS AND SAFETY TECHNOLOGIES, INC.",2,FY2024_Q4
HENKEL US OPERATIONS CORPORATION,2,FY2024_Q4
PETNET SOLUTIONS,2,FY2024_Q4
"PASONA N A, INC.",2,FY2024_Q4
ONEPLUS USA CORP.,2,FY2024_Q4
"PLANFUL, INC.",2,FY2024_Q4
"APP DYNAMIC SYSTEMS, LLC",2,FY2024_Q4
SAPIENS AMERICAS CORPORATION,2,FY2024_Q4
SRIVEN SYSTEMS INC,2,FY2024_Q4
"LANGAN ENGINEERING AND ENVIRONMENTAL SERVICES, INC.",2,FY2024_Q4
REQHIRE INC,2,FY2024_Q4
"INTRALINKS, INC.",2,FY2024_Q4
SAG AFTRA HEALTH PLAN SAGPRODUCERS PENSION PLAN,2,FY2024_Q4
"SOCOTRA, INC.",2,FY2024_Q4
"PRODAPT NORTH AMERICA, INC.",2,FY2024_Q4
"MTM CONSTRUCTION, INC.",2,FY2024_Q4
"INP NORTH AMERICA, INC.",2,FY2024_Q4
"DORMAN ASSOCIATES, INCORPORATED",2,FY2024_Q4
"NESTLE NUTRITION RD CENTERS,INC.",2,FY2024_Q4
"ENVOGUE INTERNATIONAL, LLC",2,FY2024_Q4
PRICETRACE LLC,2,FY2024_Q4
"COMFORTABLE CARE DENTAL HEALTH PROFESSIONALS, P.A.",2,FY2024_Q4
OCEAN AVENUE VETERINARY HOSPITAL INC.,2,FY2024_Q4
GIANNA BRAVERMAN WIENER,2,FY2024_Q4
RJ PORK LLC,2,FY2024_Q4
RAY AMERICA INC,2,FY2024_Q4
"BROTZMANS NURSERY, INC",2,FY2024_Q4
VNC LLC,2,FY2024_Q4
CORELOGIC,2,FY2024_Q4
"ESIFME, INC.",2,FY2024_Q4
VAJRAASYS LIMITED,2,FY2024_Q4
KONTOOR SERVICES LLC,2,FY2024_Q4
UNIVERSITY OF OREGON,2,FY2024_Q4
SIRIMONGKOL ROSDEE LLC,2,FY2024_Q4
THE STATION RESTAURANT LLC,2,FY2024_Q4
MAZARS USA LLP,2,FY2024_Q4
RECONNECT PSYCHOLOGICAL SERVICES APC,2,FY2024_Q4
UNIVERSITY OF MASSACHUSETTS PRESIDENTS OFFICE,2,FY2024_Q4
MEASURED INC,2,FY2024_Q4
"LCG, INC.",2,FY2024_Q4
HEXACORP LLC,2,FY2024_Q4
EPLUS TECHNOLOGY INC.,2,FY2024_Q4
HOUZZ INC.,2,FY2024_Q4
STRIKING DISTANCE STUDIOS,2,FY2024_Q4
I3 INFOTEK INC,2,FY2024_Q4
SUNY FREDONIA,2,FY2024_Q4
PT BANK RAKYAT INDONESIA NEW YORK AGENCY,2,FY2024_Q4
URBANICA MANAGEMENT LLC,2,FY2024_Q4
NEW MEXICO STATE UNIVERSITY,2,FY2024_Q4
VALMONT INDUSTRIES INC,2,FY2024_Q4
ALBACRUZ INVESTMENTS LLC,2,FY2024_Q4
CITILABS INC.,2,FY2024_Q4
"TECHIIA HOLDING, INC",2,FY2024_Q4
ABBOTT DIAGNOSTICS SCARBOROUGH INC.,2,FY2024_Q4
WOODSIDE ENERGY USA SERVICES INC,2,FY2024_Q4
COSETTE PHARMACEUTICALS,2,FY2024_Q4
"KUMO ASIAN BISTRO, INC.",2,FY2024_Q4
WEILAND FARMS,2,FY2024_Q4
CAPITAL DISTRICT PHYSICIANS HEALTH PLAN,2,FY2024_Q4
"GRESHAM, SMITH  PARTNERS",2,FY2024_Q4
LEMBERG GROUP INC,2,FY2024_Q4
PRODWARE SOLUTIONS LLC,2,FY2024_Q4
SAGGI SOLUTIONS INC,2,FY2024_Q4
NEWMARKET SERVICES CORPORATION,2,FY2024_Q4
DATASTAX INC,2,FY2024_Q4
REC ROOM INC.,2,FY2024_Q4
MYLAN INC.,2,FY2024_Q4
JIN TECH AMERICA LLC,2,FY2024_Q4
FUTRAN SOLUTIONS INC.,2,FY2024_Q4
POCAS INTERNATIONAL CORP,2,FY2024_Q4
"NIIT USA, INC.",2,FY2024_Q4
FOCUSSOFTTECH INC,2,FY2024_Q4
TECKPROS LLC,2,FY2024_Q4
KIEWIT INFRASTRUCTURE CO.,2,FY2024_Q4
HIRATA CORPORATION OF AMERICA,2,FY2024_Q4
PLATINUM HOTSHOT LLC,2,FY2024_Q4
DECHERT LLP,2,FY2024_Q4
PRO CITY FACILITIES SERVICES INC,2,FY2024_Q4
FINAL TOUCH APPAREL INC,2,FY2024_Q4
DELTA ELECTRONICS AMERICAS LTD.,2,FY2024_Q4
LEE  GEN GLOBAL CORPORATION,2,FY2024_Q4
"ACCELL GLOBAL RISK SOLUTIONS, INC",2,FY2024_Q4
MACIAS GINI  OCONNELL LLP,2,FY2024_Q4
SCOTIA CAPITAL USA INC,2,FY2024_Q4
"HYLANT GROUP, INC",2,FY2024_Q4
MAYO CLINIC,2,FY2024_Q4
IOTICS CORPORATION LLC,2,FY2024_Q4
"NUVALENCE, LLC",2,FY2024_Q4
FIRST CITIZENS BANK AND TRUST CO.,2,FY2024_Q4
"EQUINOX HOLDINGS, INC.",2,FY2024_Q4
"SG GAMING, INC.",2,FY2024_Q4
"REALPAGE, INC.",2,FY2024_Q4
CANNON DESIGN,2,FY2024_Q4
"TELECOM TECHNOLOGY SERVICES, INC.",2,FY2024_Q4
AUDI OF AMERICA LLC,2,FY2024_Q4
"WONDER PORCELAIN GROUP, LLC",2,FY2024_Q4
SANTEC U.S.A. CORPORATION,2,FY2024_Q4
NAVASAL INC,2,FY2024_Q4
"CES GLOBAL, LLC",2,FY2024_Q4
POULOMI TECHNOLOGIES INC,2,FY2024_Q4
"FORGEROCK, INC.",2,FY2024_Q4
QVERGE LLC,2,FY2024_Q4
ROAMING NETWORKS INC,2,FY2024_Q4
ATS LEARNING CENTER INC,2,FY2024_Q4
"LAKELAND HOSPITALS AT NILES AND ST. JOSEPH, INC.",2,FY2024_Q4
GAZARIA INC,2,FY2024_Q4
YOKOGAWA CORPORATION OF AMERICA,2,FY2024_Q4
BROOKS AUTOMATION US LLC,2,FY2024_Q4
TAKARA BIO USA,2,FY2024_Q4
"DAIICHI SANKYO, INC.",2,FY2024_Q4
WEX INC.,2,FY2024_Q4
"DIGICERT, INC.",2,FY2024_Q4
"AKORN OPERATING COMPANY, LLC",2,FY2024_Q4
"CMIC, INC.",2,FY2024_Q4
BOLLI COMPANIES,2,FY2024_Q4
BOSTON COLLEGE,2,FY2024_Q4
"DANCE NY, INC.",2,FY2024_Q4
ERICKSON LANDSCAPING AND CONSTRUCTION,2,FY2024_Q4
"CLINTON VAPE, LLC",2,FY2024_Q4
"VOYA INVESTMENT MANAGEMENT, LLC",2,FY2024_Q4
MIZUHO SECURITIES USA LLC,2,FY2024_Q4
DATA SCIENCE DOJO LLC,2,FY2024_Q4
TRUE ANTHEM,2,FY2024_Q4
SIGMA RESOURCES LLC,2,FY2024_Q4
ARREVA LLC,2,FY2024_Q4
COTMAC ELECTRONICS INC,2,FY2024_Q4
EPC POWER CORP.,2,FY2024_Q4
ZENITH LIFESCIENCE LLC,2,FY2024_Q4
DANUBE RIVER HOLDINGS LLC DBA RIVERPOINTE,2,FY2024_Q4
BHUJN LLC,2,FY2024_Q4
UNITED FINANCIAL CONSULTING INC,2,FY2024_Q4
SELKIRK PHARMA,2,FY2024_Q4
"HIGHLY MARELLI USA, INC.",2,FY2024_Q4
"ORBVEST US, INC",2,FY2024_Q4
F  S CONTRACTORS LLC,2,FY2024_Q4
"HIMS, INC.",2,FY2024_Q4
"SPRINGML, INC.",2,FY2024_Q4
"YU SHAN CO., U.S.A., LTD.",2,FY2024_Q4
"HSN, INC.",2,FY2024_Q4
CBTS TECHNOLOGY SOLUTIONS LLC,2,FY2024_Q4
"JOHNSON  JOHNSON VISION CARE, INC.",2,FY2024_Q4
"SOLUTIONS1, INC.",2,FY2024_Q4
"UCB, INC",2,FY2024_Q4
UNIVERSITY OF NORTHERN IOWA,2,FY2024_Q4
THERESA LOVING CARE HOME LLC,2,FY2024_Q4
"SUBWAY OF ALASKA, INC.",2,FY2024_Q4
VALCAROFRAN LLC,2,FY2024_Q4
BABATEK INC DBA IMPETUS,2,FY2024_Q4
EXPERIAN SERVICES CORPORATION,2,FY2024_Q4
MAPFRE USA CORP.,2,FY2024_Q4
PSOLV LLC,2,FY2024_Q4
LEROY STREET STUDIO ARCHITECTURE P.C.,2,FY2024_Q4
RADIAL,2,FY2024_Q4
SOO  TAE SERVICES INC,2,FY2024_Q4
ARITEWAY OF ALL COUNTIES LLC,2,FY2024_Q4
SCOR REINSURANCE COMPANY,2,FY2024_Q4
IVYTECH SOLUTIONS INC.,2,FY2024_Q4
LULULEMON USA INC.,2,FY2024_Q4
"UNITED CONSULTING GROUP, LTD.",2,FY2024_Q4
AGRINOMIX LLC,2,FY2024_Q4
ALTRU HEALTH SYSTEM,2,FY2024_Q4
"KOREA GARDEN, LLC",2,FY2024_Q4
AF  G LLC DBA JMS  ASSOCIATES,2,FY2024_Q4
"EATEAM, INC.",2,FY2024_Q4
TOSHIBA AMERICA BUSINESS SOLUTIONS,2,FY2024_Q4
"PROCESS AUTOMATION SOLUTIONS, INC.",2,FY2024_Q4
"AMERICAN TIRE DISTRIBUTORS, INC.",2,FY2024_Q4
"MITCHELL INTERNATIONAL, INC.",2,FY2024_Q4
CLOROX SERVICES COMPANY,2,FY2024_Q4
EDWARDS VACUUM,2,FY2024_Q4
SKF USA INC.,2,FY2024_Q4
"IMS GEAR GEORGIA, LLC",2,FY2024_Q4
PROMISE AND FULFILLMENT COMMUNITY CHURCH,2,FY2024_Q4
A PLUS ELDERLY CARE,2,FY2024_Q4
SHREE SWAMINARYAN LLC,2,FY2024_Q4
MON PRIDE EXPRESS INC,2,FY2024_Q4
"PERSIVIA, INC.",2,FY2024_Q4
"SOPRODI USA, INC.",2,FY2024_Q4
54D ONLINE LLC,2,FY2024_Q4
"OUTBOX SYSTEMS, INC. DBA SIMPLUS",2,FY2024_Q4
"OSISOFT, LLC",2,FY2024_Q4
KK ASSOCIATES LLC,2,FY2024_Q4
LORVEN BPM TECHNOLOGIES LLC,2,FY2024_Q4
PANDUIT CORPORATION,2,FY2024_Q4
NEXTERA ENERGY RESOURCES LLC,2,FY2024_Q4
"LENDIO, INC",2,FY2024_Q4
OTSUKA PHARMACEUTICAL DEVELOPMENT  COMMERICALIZAT,2,FY2024_Q4
"WORLEY GROUP, INC.",2,FY2024_Q4
US ARMY DEFENSE LANGUAGE INSTITUTE FOREIGN LA,2,FY2024_Q4
VITACCI MOTORCYCLES LLC,2,FY2024_Q4
INFINITE INTELLIGENCE INC,2,FY2024_Q4
SOUTHWEST MEDICAL CENTER,2,FY2024_Q4
INTERNATIONAL WELL BUILDING INSTITUTE PBC,2,FY2024_Q4
ERVA LLC,2,FY2024_Q4
"SUNLIGHT ENTERPRISES, INC.",2,FY2024_Q4
"ALVARADO LANDSCAPING, INC.",2,FY2024_Q4
ROB CRONIN INC. DBA CR LANDSCAPE DEVELOPMENT,2,FY2024_Q4
"SAVAGE GROUP LOGISTICS, INC",2,FY2024_Q4
"SEAL CONSULTING, INC.",2,FY2024_Q4
CH CONSTRUCTION GROUP,2,FY2024_Q4
SWIFT RESPONSE LLC,2,FY2024_Q4
DONGSHAN ENTERPRISES LLC,2,FY2024_Q4
GENZYME CORPORATION,2,FY2024_Q4
"ZAP SURGICAL SYSTEMS, INC.",2,FY2024_Q4
PACIFIC WHOLESALE SHUTTERS AND BLINDS,2,FY2024_Q4
AGFIRST FCB,2,FY2024_Q4
INFOVITY INC.,2,FY2024_Q4
GE ENERGY POWER CONVERSION USA INC.,2,FY2024_Q4
ADVENT INTERMODAL SOLUTIONS LLC,2,FY2024_Q4
"BAFFLE, INC.",2,FY2024_Q4
"GENESYS CLOUD SERVICES, INC.",2,FY2024_Q4
42 NORTH DENTAL,2,FY2024_Q4
ENDO GOURMET INC,2,FY2024_Q4
KABOB PALACE LTD.,2,FY2024_Q4
"ASHLING PARTNERS, LLC",2,FY2024_Q4
DEERWALK INC.,2,FY2024_Q4
"XIFIN, INC.",2,FY2024_Q4
LORVEN GROUP INC,2,FY2024_Q4
JAMES MADISON UNIVERSITY,2,FY2024_Q4
ELON UNIVERSITY,2,FY2024_Q4
WITH YOU LLC,2,FY2024_Q4
TRIAD ASSOCIATES INC,2,FY2024_Q4
SH TRADING INC.,2,FY2024_Q4
"LIPPERT COMPONENTS, INC.",2,FY2024_Q4
ASAR AMERICA INC,2,FY2024_Q4
FIDELIS CYBERSECURITY,2,FY2024_Q4
"QUADAX, INC.",2,FY2024_Q4
MMA MEDICAL SUPPLY INC,2,FY2024_Q4
ATLANTICUS SERVICES CORPORATION,2,FY2024_Q4
"AES US SERVICES, LLC",2,FY2024_Q4
SLESHA INC,2,FY2024_Q4
RSTAR TECHNOLOGIES LLC,2,FY2024_Q4
I REALTY GLOBAL INC,2,FY2024_Q4
"GUY CARPENTER AND COMPANY, LLC",2,FY2024_Q4
"QUALCOMM, INC.",2,FY2024_Q4
"S 1 HOSPITALITY MANAGEMENT, LLC.",2,FY2024_Q4
ANT YAPI FLORIDA LLC,2,FY2024_Q4
"INTERNATIONAL TRADING  IMPORT, INC. DBA NUTSMORE",2,FY2024_Q4
ESSITY NORTH AMERICA INC.,2,FY2024_Q4
"KAJEET, INC.",2,FY2024_Q4
"IT AMERICA, INC.",2,FY2024_Q4
INTENSIFY TECHNOLOGIES INC,2,FY2024_Q4
IP WESTMINSTER LLC,2,FY2024_Q4
SMART STAFF LLC,2,FY2024_Q4
TURBO TRANS INC,2,FY2024_Q4
MARSH USA INC.,2,FY2024_Q4
METAL FORMING TECHNOLOGY INC,2,FY2024_Q4
TOMVER LLC,2,FY2024_Q4
UNIVERSAL PEACE FEDERATION,2,FY2024_Q4
BEST LOGISTIC SOLUTIONS LLC,2,FY2024_Q4
KINAXIS CORP,2,FY2024_Q4
BLUME GLOBAL,2,FY2024_Q4
"BLUE SPACE TECHNOLOGIES, INC",2,FY2024_Q4
DATA SYS IT INC,2,FY2024_Q4
BOBCO METALS,2,FY2024_Q4
ECOM SOLUTIONS INC.,2,FY2024_Q4
SCOPE IT CONSULTING,2,FY2024_Q4
CUNNINGHAM ENGINEERING,2,FY2024_Q4
CALIFORNIA POLYTECHNIC STATE UNIVERSITY,2,FY2024_Q4
AUBURN UNIVERSITY AT MONTGOMERY,2,FY2024_Q4
BALD HEAD ISLAND CLUB,2,FY2024_Q4
PROSIMO INC.,2,FY2024_Q4
PLANET LABS PBC,2,FY2024_Q4
PACIFIC LIFE INSURANCE COMPANY,2,FY2024_Q4
BOOZ ALLEN HAMILTON,2,FY2024_Q4
"CARFAX, INC.",2,FY2024_Q4
"INFOWORKS.IO, INC",2,FY2024_Q4
IGT GLOBAL SOLUTIONS CORPORATION,2,FY2024_Q4
EASTERNCCTV USA LLC,2,FY2024_Q4
"IBI GROUP, A CALIFORNIA PARTNERSHIP",2,FY2024_Q4
"HITACHI AMERICA, LTD.",2,FY2024_Q4
"AVIATION MANAGEMENT  REPAIRS, INC",2,FY2024_Q4
TEKION CORP.,2,FY2024_Q4
"CROWN CORK  SEAL USA, INC",2,FY2024_Q4
"ENGINEERING  TESTING SERVICES, INC.",2,FY2024_Q4
TECSPIRIT CORP.,2,FY2024_Q4
METASOFTTECH SOLUTIONS,2,FY2024_Q4
HUNGERRUSH,2,FY2024_Q4
RLI INSURANCE COMPANY,2,FY2024_Q4
INTEGRICHAIN,2,FY2024_Q4
DATA CONCEPTS LLC,2,FY2024_Q4
DECA TECHNOLOGIES INC,2,FY2024_Q4
PENSKE MEDIA CORPORATION,2,FY2024_Q4
VOLVO CAR TECHNOLOGY USA LLC,2,FY2024_Q4
DST HEALTH SOLUTIONS LLC,2,FY2024_Q4
"RAMBOLL AMERICAS ENGINEERING SOLUTIONS, INC.",2,FY2024_Q4
THAI AMATA INC,2,FY2024_Q4
IWELL TRADE INC,2,FY2024_Q4
ECOPAINTERS LLC,2,FY2024_Q4
"GENMAB U.S., INC",2,FY2024_Q4
IHS GLOBAL INC,2,FY2024_Q4
ALLAGI TECHNOLOGIES INC,2,FY2024_Q4
"STERICYCLE, INC.",2,FY2024_Q4
UNICODE SYSTEMS INC,2,FY2024_Q4
THE URBAN INSTITUTE,2,FY2024_Q4
"KPRO,LLC",2,FY2024_Q4
TEKRELIANCE LLC,2,FY2024_Q4
JXS LLC DBA NUMBER ONE TASTE,2,FY2024_Q4
THE DOJO LLC DBA HEALTH BRANDS USA,2,FY2024_Q4
WESTERN ASSET MANAGEMENT,2,FY2024_Q4
CEPTUA IT INC,2,FY2024_Q4
"CENTURYLINK COMMUNICATIONS, LLC",2,FY2024_Q4
"ZF TRANSMISSIONS GRAY COURT, LLC",2,FY2024_Q4
"COMPASS MANAGEMENT HOLDINGS, LLC.",2,FY2024_Q4
TEKACCEL INC,2,FY2024_Q4
ML MANAGEMENT CORP,2,FY2024_Q4
NEW FASHION PORK LLP,2,FY2024_Q4
DENALI THERAPEUTICS INC,2,FY2024_Q4
EMPLOYERS MUTUAL CASUALTY COMPANY,2,FY2024_Q4
2046 BHAG LLC,2,FY2024_Q4
SIDLEY AUSTIN LLP,2,FY2024_Q4
T  T FREIGHT CORP,2,FY2024_Q4
BJ STARLIGHT INTERNATIONAL INC.,2,FY2024_Q4
"BRIGGS  STRATTON, LLC",2,FY2024_Q4
GREAT FAME MANAGEMENT USA INC.,2,FY2024_Q4
PARUHANG CORPORATION,2,FY2024_Q4
"SUNG NAM PAK, C.P.A., P.C.",2,FY2024_Q4
TIKEHAU CAPITAL NORTH AMERICA LLC,2,FY2024_Q4
TOYOTA RESEARCH INSTITUTE INC,2,FY2024_Q4
"RACKSPACE US, INC.",2,FY2024_Q4
RAD CUBE LLC,2,FY2024_Q4
"ACUMEN SOLUTIONS, INC.",2,FY2024_Q4
SAVVY DATA SOLUTIONS INC,2,FY2024_Q4
GDN INFOTECH,2,FY2024_Q4
DIGGIN LANDSCAPING INC,2,FY2024_Q4
"AION FINANCIAL TECHNOLOGIES, INC",2,FY2024_Q4
BILMAN ASSET MANAGEMENT LLC,2,FY2024_Q4
ALT PLATFORM INC.,2,FY2024_Q4
DP GLOBAL SOLUTIONS LLC,2,FY2024_Q4
"ASSE INTERNATIONAL, INC.",2,FY2024_Q4
"BOSTON DATA PRO, LLC",2,FY2024_Q4
"LIVEPERSON, INC",2,FY2024_Q4
1WORLDSYNC,2,FY2024_Q4
"SITETRACKER, INC.",2,FY2024_Q4
"AEROSPIKE, INC",2,FY2024_Q4
ENVISION INFOSOLUTIONS INC,2,FY2024_Q4
VIED TECHNOLOGIES INC.,2,FY2024_Q4
SCHINDLER ELEVATOR CORPORATION,2,FY2024_Q4
NIDEC MOBILITY AMERICA CORPORATION,2,FY2024_Q4
SUNY CANTON,2,FY2024_Q4
THE MARY IMOGENE BASSETT HOSPITAL DBA BASSETT HE,2,FY2024_Q4
FAIRGREEN ASSISTED LIVING INC.,2,FY2024_Q4
LK CPAS LLC,2,FY2024_Q4
"DIAMONDS AND DIAMONDS, INC.",2,FY2024_Q4
"HILLTOP SWINE, INC.",2,FY2024_Q4
ROY IDEAL LANDSCAPING LLC,2,FY2024_Q4
DESCRIPT,2,FY2024_Q4
BTG PACTUAL US CAPITAL LLC,2,FY2024_Q4
ILJIN AMERICA CORPORATION,2,FY2024_Q4
"KARMA AUTOMOTIVE, LLC",2,FY2024_Q4
"CHOBANI, LLC",2,FY2024_Q4
PERMOBIL INC.,2,FY2024_Q4
"ORGANON, LLC",2,FY2024_Q4
"GRAND LIFE, INC.",2,FY2024_Q4
"INSURANCE AUTO AUCTIONS, INC",2,FY2024_Q4
MOLECULA CORP,2,FY2024_Q4
"ACCION LABS US, INC.",2,FY2024_Q4
"OMNICELL, INC.",2,FY2024_Q4
SODECIA AUTOMOTIVE KANSAS CITY LLC,2,FY2024_Q4
CAE TECHNOLOGY SERVICES INC,2,FY2024_Q4
"VALLEY HEALTH TEAM, INC.",2,FY2024_Q4
SCHOOL DISTRICT OF KANSAS CITY 33,2,FY2024_Q4
"CARE DENTAL OF WELLINGTON, P.A.",2,FY2024_Q4
GE GRID SOLUTIONS LLC,2,FY2024_Q4
"VKA EXPRESS, INC.",2,FY2024_Q4
"XP INVESTMENTS US, LLC",2,FY2024_Q4
PRESS GLASS INC.,2,FY2024_Q4
GLENN A. RICK ENGINEERING AND DEVELOPMENT COMPANY,2,FY2024_Q4
KURA ICHIGOSAN INC,2,FY2024_Q4
"BTERRELL GROUP, LLP",2,FY2024_Q4
VERTEX ANALYTICS INC,2,FY2024_Q4
CASTLIGHT HEALTH,2,FY2024_Q4
"MODIVCARE SOLUTIONS, LLC",2,FY2024_Q4
MOOG INC.,2,FY2024_Q4
CAMBIA HEALTH SOLUTIONS,2,FY2024_Q4
HELP HALF PLUS INC,2,FY2024_Q4
CERTARA USA INC.,2,FY2024_Q4
HUF NORTH AMERICA AUTOMOTIVE PARTS MFG CORP,2,FY2024_Q4
PRIMETALS TECHNOLOGIES USA LLC,2,FY2024_Q4
UNIVERSITY OF TENNESSEE CHATTANOOGA,2,FY2024_Q4
TEXAS HEALTH AND HUMAN SERVICES COMMISSION,2,FY2024_Q4
"COGENT HEALTHCARE OF NORTH CAROLINA, P.C.",2,FY2024_Q4
OZAK TRADING INC,2,FY2024_Q4
KITCHEN  BATH DESIGN GROUP,2,FY2024_Q4
COHNREZNICK LLP,2,FY2024_Q4
CAMPBELL SOUP COMPANY,2,FY2024_Q4
IMPLY DATA INC.,2,FY2024_Q4
LITMUS 7 SYSTEMS CONSULTING INC.,2,FY2024_Q4
IRHYTHM TECHNOLOGIES,2,FY2024_Q4
STATE UNIVERSITY OF NEW YORK AT STONY BROOK,2,FY2024_Q4
"WEST PENN ALLEGHENY HEALTH SYSTEM, INC.",2,FY2024_Q4
JIREH GENERAL CONTRACTOR LLC,2,FY2024_Q4
MRP AUTO INC.,2,FY2024_Q4
WELLA OPERATIONS US LLC,2,FY2024_Q4
NATWEST MARKETS SECURITIES INC.,2,FY2024_Q4
"NATIONAL UNION FIRE INSURANCE CO OF PITTSBURGH, PA",2,FY2024_Q4
VICOR CORPORATION,2,FY2024_Q4
VALDOSTA STATE UNIVERSITY,2,FY2024_Q4
"GUTIERREZ ASSISTED LIVING, LLC",2,FY2024_Q4
"GILLIO INVEST, INC",2,FY2024_Q4
TODAYS HR,2,FY2024_Q4
STOCKX LLC,2,FY2024_Q4
"GKN DRIVELINE NORTH AMERICA, INC.",2,FY2024_Q4
MLJ CONTRACTING,2,FY2024_Q4
ULTIMO SOFTWARE SOLUTIONS INC.,2,FY2024_Q4
ITA GROUP,2,FY2024_Q4
"JERRY SERVICES, INC.",2,FY2024_Q4
"KNERON, INC.",2,FY2024_Q4
SUTTER HEALTH SYSTEM OFFICE,2,FY2024_Q4
PTI,2,FY2024_Q4
UNIVERSITY OF MAINE,2,FY2024_Q4
"STEPHIS ARTISAN, LLC",2,FY2024_Q4
L JADE LLC DBA HU DAT NOODLE HOUSE,2,FY2024_Q4
"DAKOTA TERRITORY LODGING, INC. AMERICINN MEDORA",2,FY2024_Q4
"RMAC, INC.",2,FY2024_Q4
APPLE HEALTHCARE INC,2,FY2024_Q4
"EXPRESS INTERNATIONAL FREIGHT, LLC",2,FY2024_Q4
FERROVIAL HOLDING US CORP,2,FY2024_Q4
"ONE RIVER ASSET MANAGEMENT, LLC",2,FY2024_Q4
DFOCUS AMERICA INC.,2,FY2024_Q4
MALLA SYSTEMS INC DBA EFULGENT,2,FY2024_Q4
NALLAS CORPORATION,2,FY2024_Q4
NIKE RETAIL SERVICES INC,2,FY2024_Q4
PTI QUALITY CONTAINMENT SOLUTIONS,2,FY2024_Q4
WM. WRIGLEY JR. COMPANY,2,FY2024_Q4
FLORIDA PROTECH PAINTING LLC,2,FY2024_Q4
"ADVANTEST AMERICA, INC.",2,FY2024_Q4
"ACTIMIZE, INC.",2,FY2024_Q4
DAX SOFTWARE SOLUTIONS INC.,2,FY2024_Q4
GLOBULETECH LLC,2,FY2024_Q4
"RNR IT SOLUTIONS, INC",2,FY2024_Q4
"PRECISION DRILLING COMPANY, LP",2,FY2024_Q4
GLADLY,2,FY2024_Q4
OSF MULTISPECIALTY GROUP,2,FY2024_Q4
ICON HEALTH SERVICES LLC,2,FY2024_Q4
ROMESCO RESTAURANT,2,FY2024_Q4
"SAMRAN, LLC DBA THAI TIME",2,FY2024_Q4
SERRANO CONTRACTING INC.,2,FY2024_Q4
"BMC SOFTWARE, INC.",2,FY2024_Q4
PRABHAV SERVICES INC,2,FY2024_Q4
NJOY LLC,2,FY2024_Q4
ZINUS USA INC.,2,FY2024_Q4
NICENT INTERNATIONAL TRADING LLC,2,FY2024_Q4
TECHNOLOGY SQUARE INC,2,FY2024_Q4
"TERADATA US, INC.",2,FY2024_Q4
SIG SAUER INC.,2,FY2024_Q4
SCIENTIFIC GAMES CORPORATION,2,FY2024_Q4
"STELLAR SERVICES, INC",2,FY2024_Q4
"HARLEYDAVIDSON MOTOR COMPANY GROUP, LLC",2,FY2024_Q4
SATYAM VENTURE ENGINEERING SERVICES,2,FY2024_Q4
HANSOH BIO LLC,2,FY2024_Q4
MILLSTONE GARDENS LLC,2,FY2024_Q4
GREAT PLAINS ALFALFA INC,2,FY2024_Q4
CCL CONTRACTS CONSULTANCY,2,FY2024_Q4
BARRY CALLEBAUT USA LLC,2,FY2024_Q4
MARSH  MCLENNAN SHARED SERVICES LLC,2,FY2024_Q4
DELOITTE LLP,2,FY2024_Q4
BAY STATE PIE COMPANY INC. DBA DOMINOS PIZZA,2,FY2024_Q4
COOPERATIVE RABOBANK U.A.,2,FY2024_Q4
SRISHTITEK INC,2,FY2024_Q4
"IRIS INFOTECH, INC.",2,FY2024_Q4
CERVELLO,2,FY2024_Q4
CLARIS INTERNATIONAL INC.,2,FY2024_Q4
EDGE TECHNOLOGY CONSULTANTS INC,2,FY2024_Q4
SUVIP SOLUTIONS INC,2,FY2024_Q4
CHILDRENS NATIONAL MEDICAL CENTER,2,FY2024_Q4
"CLUMIO, INC.",2,FY2024_Q4
CMFG LIFE INSURANCE COMPANY,2,FY2024_Q4
"ROBERT ETTINGER, P.E., P.C.",2,FY2024_Q4
"PIERBURG US, LLC",2,FY2024_Q4
"KO AND YUN, LLP",2,FY2024_Q4
CONNECTION,2,FY2024_Q4
"DBRS, INC.",2,FY2024_Q4
"CLOSURE SYSTEMS INTERNATIONAL, INC",2,FY2024_Q4
SUPPORTS COORDINATION GROUP,2,FY2024_Q4
CLINICS OF NORTH TEXAS,2,FY2024_Q4
FRANZEN FAMILY ADULT HOME CARE,2,FY2024_Q4
DTK LABORATORIES INC.,2,FY2024_Q4
BANCO ITAU INTERNATIONAL,2,FY2024_Q4
"ENGAGESMART, INC.",2,FY2024_Q4
"HELLMANN WORLDWIDE LOGISTICS, INC.",2,FY2024_Q4
ARQUITECTONICA INTERNATIONAL CORPORATION,2,FY2024_Q4
AQUILA ENGINEERING,2,FY2024_Q4
"SCRIBD, INC.",2,FY2024_Q4
"INITIATIVE MEDIA, LLC",2,FY2024_Q4
UNUM GROUP,2,FY2024_Q4
MADDOG TECHNOLOGY,2,FY2024_Q4
SWJ TECHNOLOGY LLC,2,FY2024_Q4
KASHIV BIOSCIENCES LLC.,2,FY2024_Q4
"LLYL,INC",2,FY2024_Q4
AMPCUS INC,2,FY2024_Q4
DELICATESSEN SERVICES COMPANY LLC,2,FY2024_Q4
UNITED HEALTH CENTERS OF THE SAN JOAQUIN VALLEY,2,FY2024_Q4
ASQ LLC DBA NEW YORK GYRO,2,FY2024_Q4
UNIFY SOLUTIONS INC,2,FY2024_Q4
"ASCENSION HEALTH  IS, INC.",2,FY2024_Q4
WSP USA BUILDINGS INC,2,FY2024_Q4
UNIVERSITY OF ILLINOIS AT CHICAGO,2,FY2024_Q4
"CJ FOODVILLE USA, INC.",2,FY2024_Q4
VALTECH SOLUTIONS INC.,2,FY2024_Q4
"VISI INFOTECH SOLUTIONS, INC.",2,FY2024_Q4
UNICA GROUP INC.,2,FY2024_Q4
CAMBRIDGE HEALTH ALLIANCE,2,FY2024_Q4
VANDERHAM DAIRY #2,2,FY2024_Q4
ALL SEASON CARE,2,FY2024_Q4
W2 LOGISTIC INC,2,FY2024_Q4
"CHOROK LLC, DBA DONUT EXPRESS",2,FY2024_Q4
MAVERICK PAYMENTS INC,2,FY2024_Q4
"COMPULINK MANAGEMENT CENTER, INC. DBA LASERFICHE",2,FY2024_Q4
"ELLIOT TECHNOLOGIES, INC.",2,FY2024_Q4
UNITED GLOBAL PROFESSIONAL SERVICES INC DBA UGPS I,2,FY2024_Q4
RESOLUTION LIFE US,2,FY2024_Q4
"CONDORES ARCHITECTURAL DESIGN, LLC",2,FY2024_Q4
GREELEY AND HANSEN LLC,2,FY2024_Q4
"ARCHSOL, LLC",2,FY2024_Q4
"BERKSHIRE MEDICAL CENTER, INC.",2,FY2024_Q4
"EVEREST KITCHEN, LLC",2,FY2024_Q4
CRANE CHEMPHARMAENERGY,2,FY2024_Q4
"FNS, INC.",2,FY2024_Q4
"INFODRIVE SYSTEMS, INC.",2,FY2024_Q4
"YUM RESTAURANT SERVICES GROUP, LLC",2,FY2024_Q4
EVODC LLC,2,FY2024_Q4
ADVENT SOFTWARE,2,FY2024_Q4
"ACRONIS,INC",2,FY2024_Q4
EASTERN MAINE MEDICAL CENTER,2,FY2024_Q4
DOMIANO POOLS INC DBA POOLFECTION,2,FY2024_Q4
FIVE BY TWO CORPORATION,2,FY2024_Q4
"EVA CARE GROUP, LLC",2,FY2024_Q4
BIOINFO SYSTEMS LLC,2,FY2024_Q4
CALIFORNIA STATE UNIVERSITY DOMINGUEZ HILLS,2,FY2024_Q4
MERIDIAN HEALTH SERVICES CORPORATION,2,FY2024_Q4
NIDAS CARE HOME LLC,2,FY2024_Q4
"DANISCO USA, INC.",2,FY2024_Q4
JK MOVING SERVICES,2,FY2024_Q4
"CORCENTRIC, LLC",2,FY2024_Q4
ELLINGTON PIZZA AND FAMILY RESTAURANT INC.,2,FY2024_Q4
MAERSK AS TA SEALAND AMERICAS,2,FY2024_Q4
"IVORY SYSTEMS, INC.",2,FY2024_Q4
"IBOTTA, INC.",2,FY2024_Q4
HENGLONG USA CORPROATION,2,FY2024_Q4
"NMSI, INC.",2,FY2024_Q4
"ALTIUS TECHNOLOGIES, INC",2,FY2024_Q4
"EXPEDITORS INTERNATIONAL OF WASHINGTON, INC.",2,FY2024_Q4
"HITEK PROFESSIONALS, INC.",2,FY2024_Q4
PERFECT POINT CORPORATION,2,FY2024_Q4
"NEUROCRINE BIOSCIENCES, INC.",2,FY2024_Q4
"NAVISITE, LLC",2,FY2024_Q4
MAJESTIC IT SERVICES INC.,2,FY2024_Q4
"LENDEM SOLUTIONS, LLC",2,FY2024_Q4
"TAMR, INC",2,FY2024_Q4
VERSACOM LP,2,FY2024_Q4
NIYAMAT VENTURES INC DBA SPEED FUEL,2,FY2024_Q4
ROMANSKI INC.,2,FY2024_Q4
HORNCASTLE MANAGEMENT ENTERPRISES LLC,2,FY2024_Q4
"FEI.COM, INC. DBA FEI SYSTEMS",2,FY2024_Q4
FY INTERNATIONAL LLC,2,FY2024_Q4
"ENTMATRIX, INC.",2,FY2024_Q4
CGI FEDERAL INC.,2,FY2024_Q4
"TGW SYSTEMS, INC.",2,FY2024_Q4
KONE INC.,2,FY2024_Q4
"FENIX IDRIVE, LLC",2,FY2024_Q4
COMMONWEALTH FUSION HR LLC,2,FY2024_Q4
"WOLFE RESEARCH, LLC",2,FY2024_Q4
CUTRALE CITRUS JUICES USA INC,2,FY2024_Q4
CENTRE COLLEGE OF KENTUCKY,2,FY2024_Q4
ESCAPOLOGY HOLDINGS LLC,2,FY2024_Q4
ISABELLA MANOR LLC,2,FY2024_Q4
MB OF MIAMI LLC,2,FY2024_Q4
GOOGLE PUBLIC SECTOR LLC,2,FY2024_Q4
MJ EDU INC,2,FY2024_Q4
"MATTEL HQ, INC.",2,FY2024_Q4
BALTIMORE AIRCOIL COMPANY,2,FY2024_Q4
PRUDENT TECHNOLOGIES AND CONSULTING INC.,2,FY2024_Q4
"STROZ FRIEDBERG, LLC",2,FY2024_Q4
"NEXIENT, LLC",2,FY2024_Q4
LOGAN DATA INC,2,FY2024_Q4
MORLOGIC INC.,2,FY2024_Q4
"FORMOSA PLASTICS CORPORATION, TEXAS",2,FY2024_Q4
AQUENT LLC,2,FY2024_Q4
PA COLLINS PE CONSULTING ENGINEERS PLLC,2,FY2024_Q4
"DZO HOSPITALITY, LLC.",2,FY2024_Q4
"KWANGSAN, LLC",2,FY2024_Q4
WOORI CPAS LLP,2,FY2024_Q4
POSCO INTERNATIONAL AMERICA CORP,2,FY2024_Q4
"GOODWATER CAPITAL, LLC",2,FY2024_Q4
SKY SOLUTIONS LLC,2,FY2024_Q4
"RISKSPAN, INC.",2,FY2024_Q4
"VARONIS SYSTEMS, INC.",2,FY2024_Q4
KERRIDGE COMMERCIAL SYSTEMS CORPORATION,2,FY2024_Q4
"REAL TIME INNOVATIONS, INC.",2,FY2024_Q4
"JOON, LLC DBA AJIN USA",2,FY2024_Q4
AMERICAN CREDIT ACCEPTANCE,2,FY2024_Q4
"MAHLE BEHR CHARLESTON, INC.",2,FY2024_Q4
PQM INC,2,FY2024_Q4
"SOLVAY SPECIALTY POLYMERS USA, LLC",2,FY2024_Q4
STATE UNIVERSITY OF NEW YORKCOLLEGE AT PLATTSBURGH,2,FY2024_Q4
INHOME PERSONAL SERVICES,2,FY2024_Q4
GORKHA BHACHCHEK LLC,2,FY2024_Q4
PURE SPICE CHINESE RESTAURANT LLC,2,FY2024_Q4
PAPA RESTAURANT LLC,2,FY2024_Q4
REGAL NAILS SALON  SPA,2,FY2024_Q4
"SOBEN INTERNATIONAL, INC.",2,FY2024_Q4
"RIGHT COAST BUILDERS, LLC",2,FY2024_Q4
JACOBS PROJECT MANAGEMENT COMPANY,2,FY2024_Q4
"WESCO DISTRIBUTION, INC.",2,FY2024_Q4
SALIENT GLOBAL TECHNOLOGIES CORP,2,FY2024_Q4
"RS, LLC",2,FY2024_Q4
3M COMPANY,2,FY2024_Q4
ACCURATE GROUP INC.,2,FY2024_Q4
DIAMOND ELECTRIC MFG. CORPORATION,2,FY2024_Q4
"BOS AUTOMOTIVE PRODUCTS, INC.",2,FY2024_Q4
TRINITY COLLEGE,2,FY2024_Q4
"SAN JUAN REGIONAL MEDICAL CENTER, INC.",2,FY2024_Q4
DFW INTEGRATIVE CENTER,2,FY2024_Q4
FLO PARIS,2,FY2024_Q4
CHANS INC.,2,FY2024_Q4
WATERVILLE LANDSCAPING,2,FY2024_Q4
ATAMAN FOOD LLC,2,FY2024_Q4
"BAILLIE LUMBER CO., L.P.",2,FY2024_Q4
SYNCARI INC,2,FY2024_Q4
"GLOBAL MAIL, INC  DBA DHL ECOMMERCE",2,FY2024_Q4
PACIFICA GROUP INC.,2,FY2024_Q4
MEGAN SOFT VA INC,2,FY2024_Q4
IB SYSTEMS INC,2,FY2024_Q4
MERRILL LYNCH,2,FY2024_Q4
"INVAGEN PHARMACEUTICALS, INC.",2,FY2024_Q4
OPRONA INC. ROSEN USA INC.,2,FY2024_Q4
"COLONIAL STAFFING GROUP, INC.",2,FY2024_Q4
"WATTS WATER TECHNOLOGIES, INC.",2,FY2024_Q4
"CACHEAUX, CAVAZOS  NEWTON, L.L.P.",2,FY2024_Q4
THE UNIVERSITY OF MISSISSIPPI,2,FY2024_Q4
METROPOLITAN STATE UNIVERSITY OF DENVER,2,FY2024_Q4
DDB WORLDWIDE COMMUNICATIONS GROUP LLC,2,FY2024_Q4
HRT ACADEMIA DE TENIS LLC,2,FY2024_Q4
THE UNIVERSITY OF TEXAS AT TYLER,2,FY2024_Q4
MAINEGENERAL MEDICAL CENTER,2,FY2024_Q4
SAMARITAN MEDICAL CENTER,2,FY2024_Q4
MY ABC ENTERPRISES LLC,2,FY2024_Q4
LAHAINA CAFE LLC,2,FY2024_Q4
"LB FORCELLATI  SONS, INC.",2,FY2024_Q4
"LUCY ENTERPRISE, INC",2,FY2024_Q4
PREMERA BLUE CROSS,2,FY2024_Q4
"MOORE CAPITAL MANAGEMENT, LLC",2,FY2024_Q4
ACCELALPHA INC,2,FY2024_Q4
"INAFICTION USA, INC.",2,FY2024_Q4
"THIRTY MADISON, INC.",2,FY2024_Q4
"DAIRY FARMERS OF AMERICA, INC.",2,FY2024_Q4
"USR SYSTEMS, LLC",2,FY2024_Q4
FREQUENCE INC.,2,FY2024_Q4
O.C. TANNER COMPANY,2,FY2024_Q4
VUESOL TECHNOLOGIES INC,2,FY2024_Q4
WINSUPPLY INC.,2,FY2024_Q4
ATLANTA PUBLIC SCHOOLS,2,FY2024_Q4
"UNITED RENTALS, INC.",2,FY2024_Q4
"ALLIANCE PHARMA, INC.",2,FY2024_Q4
QIAGEN LLC,2,FY2024_Q4
"CRAVATH, SWAINE  MOORE LLP",2,FY2024_Q4
"COLLOV, INC.",2,FY2024_Q4
COLONIAL SPORTS GROUP LLC,2,FY2024_Q4
"REGAL NAILS SALON  SPA, LLC",2,FY2024_Q4
"REINERT HAY COMPANY, LLC",2,FY2024_Q4
DIGITAL PROSTHODONTICS LLC,2,FY2024_Q4
GENWORTH MORTGAGE INSURANCE CORPORATION,2,FY2024_Q4
INTERNATIONAL FLAVORS  FRAGRANCES,2,FY2024_Q4
"SEWON AMERICA, INC.",2,FY2024_Q4
SIMULA TECHNOLOGY CORPORATION,2,FY2024_Q4
"TECHNOLOGY SERVICES GROUP, INC.",2,FY2024_Q4
3CORE SYSTEMS INC,2,FY2024_Q4
THOUGHTWAVE SOFTWARE AND SOLUTIONS INC,2,FY2024_Q4
SHORELINE LABS INC.,2,FY2024_Q4
ENCORE,2,FY2024_Q4
AGP EGLASS CO,2,FY2024_Q4
STAYMAN ESTATES SENIOR IN HOME SERVICES LLC,2,FY2024_Q4
"FUN IN IRVINE EDUCATION, INC.",2,FY2024_Q4
TRUMPF INC.,2,FY2024_Q4
NEWACME LLC,2,FY2024_Q4
"ARLO TECHNOLOGIES, INC.",2,FY2024_Q4
IBI GROUP PROFESSIONAL SERVICES USA INC.,2,FY2024_Q4
PARTY CITY CORPORATION,2,FY2024_Q4
"PAYJOY, INC",2,FY2024_Q4
NEUTRONIT INC,2,FY2024_Q4
"TEVA PHARMACEUTICALS USA, INC.",2,FY2024_Q4
RISCURE INC.,2,FY2024_Q4
SIERRA BUSINESS SOLUTION LLC,2,FY2024_Q4
"CLARITY SOLUTIONS GROUP, LLC",2,FY2024_Q4
VEEVA SYSTEMS INC.,2,FY2024_Q4
"PEERNOVA, INC.",2,FY2024_Q4
OPEN SYSTEMS INC.,2,FY2024_Q4
"ONCORE CONSULTING, LLC",2,FY2024_Q4
"MAY MOBILITY, INC",2,FY2024_Q4
"ESTES, MCCLURE  ASSOCIATES, INC.",2,FY2024_Q4
"SCHNEIDER ELECTRIC BUILDINGS AMERICAS, INC.",2,FY2024_Q4
"MATERNE NORTH AMERICA, CORP.",2,FY2024_Q4
OPEX CORPORATION,2,FY2024_Q4
WHITE RIVER HEALTH SYSTEM,2,FY2024_Q4
ST FRANCIS MEMORIAL HOSPTIAL,2,FY2024_Q4
"PALM BEACH COUNTRY CLUB, INC",2,FY2024_Q4
SPEEDER SOLUTIONS LLC,2,FY2024_Q4
BGI AMERICAS,2,FY2024_Q4
ICERTIS INC.,2,FY2024_Q4
"FOURSQUARE LABS, INC",2,FY2024_Q4
E3 GLOBAL INC,2,FY2024_Q4
OAKTON TECHNOLOGIES LLC,2,FY2024_Q4
"USM BUSINESS SYSTEMS, INC",2,FY2024_Q4
NORTH AMERICAN FUEL CORPORATION,2,FY2024_Q4
PILLSBURY WINTHROP SHAW PITTMAN LLP,2,FY2024_Q4
LATIN AMERICAN MONTESSORI BILINGUAL PCS,2,FY2024_Q4
"MI IN FASHION, INC.",2,FY2024_Q4
JOY IMPORT  WHOLESALE INC,2,FY2024_Q4
WASHINGTON DENTAL CORPORATION,2,FY2024_Q4
HUAXIN INC,2,FY2024_Q4
MEDINA WIRELESS INC DBA BOOST MOBILE,2,FY2024_Q4
BIRDSALL GRAIN  SEED LLC,2,FY2024_Q4
SPRING VALLEY FARMS LLP,2,FY2024_Q4
SUPERMERCADO E CARNES LATINO INC,2,FY2024_Q4
"CREDIT AGRICOLE AMERICA SERVICES, INC.",2,FY2024_Q4
SUNLAND LOGISTICS SOLUTIONS,2,FY2024_Q4
MINDSHARE USA LLC,2,FY2024_Q4
"ALTRIA CLIENT SERVICES, LLC",2,FY2024_Q4
"SYNEOS HEALTH, LLC",2,FY2024_Q4
UNIFI AVIATION LLC,2,FY2024_Q4
AUTO FIT INC,2,FY2024_Q4
"EDGE CLOUD TECHNOLOGIES , INC.",2,FY2024_Q4
"PROFICIENT BUSINESS SYSTEMS, INC.",2,FY2024_Q4
"CIBERLYNX, INC",2,FY2024_Q4
SEJONG ALABAMA LLC,2,FY2024_Q4
NISSAN NORTH AMERICA INC.,2,FY2024_Q4
SHOTTIS POINT,2,FY2024_Q4
METRIC THREADED PRODUCTS INC,2,FY2024_Q4
TUBI,2,FY2024_Q4
GRUMA CORPORATION,2,FY2024_Q4
VTS AMERICA INC,2,FY2024_Q4
CEDARSSINAI MEDICAL CENTER,2,FY2024_Q4
WYNDHAM HOTEL GROUP LLC,2,FY2024_Q4
"QUANTUM CONSTRUCTION, LLC.",2,FY2024_Q4
FTI CONSULTING TECHNOLOGY LLC,2,FY2024_Q4
NOBLESSE COLLECTION INC.,2,FY2024_Q4
AGELESS BODY BY NEW SCIENCE,2,FY2024_Q4
SIXTH STREET OPPORTUNITIES PARTNERS L.P.,2,FY2024_Q4
BLACKROCK INDEX SERVICES LLC,2,FY2024_Q4
TORRID ADMINISTRATION INC.,2,FY2024_Q4
VISTA TECH LLC,2,FY2024_Q4
CANADIAN SOLAR SSES US INC.,2,FY2024_Q4
OLR AMERICA INC,2,FY2024_Q4
"SOFTWARE AG USA, INC.",2,FY2024_Q4
RELIANCE GLOBAL SERVICES,2,FY2024_Q4
TYPICAL SET LLC,2,FY2024_Q4
UPLAND SOFTWARE INC.,2,FY2024_Q4
"ANANDPAG, INC.",2,FY2024_Q4
"APPLIED INTUITION, INC.",2,FY2024_Q4
MIDAMERICAN ENERGY COMPANY,2,FY2024_Q4
"ADESIS, INC.",2,FY2024_Q4
"TRIS PHARMA, INC",2,FY2024_Q4
THE PURPLE INC,2,FY2024_Q4
"RAMOS, INC DBA RIO BRAVO",2,FY2024_Q4
STEP BY STEP LEARNING CENTER,2,FY2024_Q4
"GREENLANDA TREE AND LANDSCAPING SERVICES, LLC",2,FY2024_Q4
UNITED CANVAS  SLING INC,2,FY2024_Q4
"BRAZE, INC.",2,FY2024_Q4
MOELIS  COMPANY GROUP LP,2,FY2024_Q4
DAVIDSON KEMPNER CAPITAL MANAGEMENT LP,2,FY2024_Q4
ALPHA NET CONSULTING LLC.,2,FY2024_Q4
FLORIDA POWER AND LIGHT COMPANY,2,FY2024_Q4
FIRST TECHNOLOGY FEDERAL CREDIT UNION,2,FY2024_Q4
"CARLSON, BRIGANCE  DOERING",2,FY2024_Q4
OMYA INC.,2,FY2024_Q4
"WOOD GROUP USA, INC.",2,FY2024_Q4
"ZIFF DAVIS, LLC",2,FY2024_Q4
BARRINGTON DAIRY LLC,2,FY2024_Q4
VANIA JEWELRY LLC,2,FY2024_Q4
CHOCZERO INC.,2,FY2024_Q4
NETFLIX GLOBAL LLC,2,FY2024_Q4
"NXSTAGE MEDICAL, INC., A FRESENIUS MEDICAL CARE N.",2,FY2024_Q4
DSX ACCESS SYSTEMS INC,2,FY2024_Q4
AMELIA US LLC,2,FY2024_Q4
AMERICAN NATIONAL INSURANCE COMPANY,2,FY2024_Q4
"AON CONSULTING, INC.",2,FY2024_Q4
MUBEA NA SHARED SERVICES,2,FY2024_Q4
NORTHERN STATE UNIVERSITY,2,FY2024_Q4
BEST INTERNATIONAL LLC DBA KING TRUCKTRAILER SALES,2,FY2024_Q4
HUGHES LANDSCAPE INC. DBA ROSIES GARDENS,2,FY2024_Q4
HNI CORPORATION,2,FY2024_Q4
APTLY TECHNOLOGY CORPORATION,2,FY2024_Q4
KLASS TIME LTD,2,FY2024_Q4
ALLIANZ GLOBAL RISKS US INSURANCE COMPANY,2,FY2024_Q4
"HOT TOPIC, INC.",2,FY2024_Q4
"CSSI, INC.",2,FY2024_Q4
DATASITE LLC,2,FY2024_Q4
ANAGH TECHNOLOGIES,2,FY2024_Q4
CASA SYSTEMS INC.,2,FY2024_Q4
"VANDA PHARMACEUTICALS, INC",2,FY2024_Q4
CORNELL UNIVERSITY,2,FY2024_Q4
COMMUNITY HEALTH ASSOCIATION OF SPOKANE,2,FY2024_Q4
WALKER HOSPITALITY. INC.,2,FY2024_Q4
CAYOPERICO LLC,2,FY2024_Q4
UMG RECORDINGS INC.,2,FY2024_Q4
TOMO NETWORKS INC.,2,FY2024_Q4
"NOMURA AMERICA SERVICES, LLC",2,FY2024_Q4
GCC,2,FY2024_Q4
"UPM RAFLATAC, INC.",2,FY2024_Q4
BAXTER HEALTHCARE CORPORATION,2,FY2024_Q4
GUIDEHOUSE DIGITAL LLC,2,FY2024_Q4
"PRIMECARE COMMUNITY HEALTH, INC.",2,FY2024_Q4
BRONXCARE HEALTH SYSTEM,2,FY2024_Q4
ACADEMIC MEDICINE SERVICES INC. DBA UBMD IM,2,FY2024_Q4
EASTERN VIRGINIA MEDICAL SCHOOL,2,FY2024_Q4
HAPPY MONEY INC,2,FY2024_Q4
ALSTOM TRANSPORTATION INC.,2,FY2024_Q4
JACOB EMRANI A PROFESSIONAL CORPORATION,2,FY2024_Q4
TITAN TECHNOLOGIES INC,2,FY2024_Q4
"PEARSON EDUCATION, INC.",2,FY2024_Q4
"TIVITY HEALTH SERVICES, LLC",2,FY2024_Q4
"INCEPTIO TECHNOLOGY, INC.",2,FY2024_Q4
"CARDINAL ANALYTX, INC., DBA PREALIZE",2,FY2024_Q4
UNITIL SERVICE CORP.,2,FY2024_Q4
"YOSHI, INC.",2,FY2024_Q4
MARSH USA LLC,2,FY2024_Q4
THE FOUNTAIN GROUP LLC,2,FY2024_Q4
"VANASSE HANGEN BRUSTLIN, INC.",2,FY2024_Q4
"GOFORWARD, INC.",2,FY2024_Q4
"OCULUS LIGHT STUDIO, LLC",2,FY2024_Q4
WRIGHT CENTER FOR GRADUATE MEDICAL EDUCATION,2,FY2024_Q4
"4T TOTAL LAWN, INC.",2,FY2024_Q4
SALCEDO LANDSCAPE,2,FY2024_Q4
SOFTCHOICE,2,FY2024_Q4
HOPHAN INC,2,FY2024_Q4
GORGIAS INC,2,FY2024_Q4
FS.COM INC,2,FY2024_Q4
CIYUAN REAL ESTATE INC.,2,FY2024_Q4
FIRST COMMAND FINANCIAL SERVICES,2,FY2024_Q4
"CODEMETRO, INC.",2,FY2024_Q4
"HENRY SCHEIN ONE, LLC",2,FY2024_Q4
"IBS SOFTWARE AMERICAS, INC.",2,FY2024_Q4
"KASA LIVING, INC.",2,FY2024_Q4
"AMYS HOUSE, INC.",2,FY2024_Q4
"TWO SIGMA SOLUTIONS, LLC",2,FY2024_Q4
MVP CONSULTING PLUS,2,FY2024_Q4
CHS INC.,2,FY2024_Q4
CELONIS INC.,2,FY2024_Q4
DELUXE,2,FY2024_Q4
MUBEA TAILOR ROLLED BLANKS LLC,2,FY2024_Q4
"RED CUBE PRODUCTION, INC.",2,FY2024_Q4
GALLUP MCKINLEY COUNTY SCHOOLS,2,FY2024_Q4
ECTOR COUNTY INDEPENDENT SCHOOL DISTRICT,2,FY2024_Q4
JIANGNAN CULTURE,2,FY2024_Q4
FERELLE LLC,2,FY2024_Q4
NAVJOTS,2,FY2024_Q4
NUTRITION HOUSE RESTAURANT,2,FY2024_Q4
BOBIN INC.,2,FY2024_Q4
KRISTIN SONDERMAN,2,FY2024_Q4
ABBA BEAUTY INC,2,FY2024_Q4
GFI SECURITIES LLC,2,FY2024_Q4
"SIGMA STAR IMPORT, INC.",2,FY2024_Q4
PRESTIGE AUTO WORKS INC.,2,FY2024_Q4
CONCRETE  MASONRY SOLUTIONS INC,2,FY2024_Q4
BRC TOYS LLC,2,FY2024_Q4
CINTRA SOFTWARE  SERVICES,2,FY2024_Q4
SAVVAS LEARNING FKA PEARSON K12 LEARNING LLC,2,FY2024_Q4
KET SYSTEMS LLC,2,FY2024_Q4
"PATREON, INC",2,FY2024_Q4
MAGNA SERVICES OF AMERICA,2,FY2024_Q4
SITEONE LANDSCAPE SUPPLY LLC,2,FY2024_Q4
OASYS TECHNOLOGIES INC,2,FY2024_Q4
"CARDLYTICS, INC.",2,FY2024_Q4
"MACYS CORPORATE SERVICES, LLC",2,FY2024_Q4
"FORMOSA PLASTICS CORPORATION, LOUISIANA",2,FY2024_Q4
MONARCH CONSTRUCTION INC,2,FY2024_Q4
WAHOO FITNESS,2,FY2024_Q4
NSG TECHNOLOGY INC.,2,FY2024_Q4
"ECS TEXAS, LLP",2,FY2024_Q4
UNIVERSITY OF NORTH DAKOTA,2,FY2024_Q4
"PHYSICIAN AFFILIATE GROUP OF NEW YORK, P.C.",2,FY2024_Q4
JAR HOME CORP,2,FY2024_Q4
YUKI YAMA,2,FY2024_Q4
"SOUTHERN SODGRASS AND LANDSCAPE SUPPLY, LLC.",2,FY2024_Q4
"Y J LEE, MD CORP",2,FY2024_Q4
"NEXT CREATIVE USA, INC.",2,FY2024_Q4
TT RANCH,2,FY2024_Q4
TEMPORAL TECHNOLOGIES INC.,2,FY2024_Q4
WESTLAKE CORPORATION,2,FY2024_Q4
GP PACKAGING AND CELLULOSE SERVICES LLC,2,FY2024_Q4
"ENQUERO, INC",2,FY2024_Q4
COMMERZBANK AG  NY BRANCH,2,FY2024_Q4
TANPRO TECHNOLOGIES LLC,2,FY2024_Q4
"APPTEGY, INC.",2,FY2024_Q4
KELLOGG SALES COMPANY,2,FY2024_Q4
VENCEDOR SOFTWARE GROUP INC,2,FY2024_Q4
ZENLAYER INC,2,FY2024_Q4
J.D. POWER,2,FY2024_Q4
SAVVY SOFTWARE SOLUTIONS INC.,2,FY2024_Q4
SKINNY LABS INC. DBA SPIN,2,FY2024_Q4
"TRINITY PARTNERS, LLC",2,FY2024_Q4
"VIDEOAMP, INC",2,FY2024_Q4
"PHILLIPSMEDISIZE, LLC",2,FY2024_Q4
ACTNANO INC.,2,FY2024_Q4
"CLIMATEC, LLC",2,FY2024_Q4
ALCAMI CAROLINAS CORPORATION,2,FY2024_Q4
"ENDODONTIC ASSOCIATES OF MICHIGAN, PLLC",2,FY2024_Q4
GREATER REGIONAL MEDICAL CENTER,2,FY2024_Q4
TODAYS DENTAL ST. CLOUD SERVICE CORPORATION,2,FY2024_Q4
IBN CONSTRUCTION CORP,2,FY2024_Q4
YOUNG SUN ENTERPRISES INC DBA BEST SUPPLY,2,FY2024_Q4
ENERGY STATION 49 ST LLC,2,FY2024_Q4
"DRY CREEK FARMS, LLC",2,FY2024_Q4
MUNTERS CORPORATION,2,FY2024_Q4
"SCA, INC.",2,FY2024_Q4
PRECISION 2000,2,FY2024_Q4
HARLAND CLARKE CORP.,2,FY2024_Q4
"SMURFIT KAPPA PACKAGING, LLC",2,FY2024_Q4
UCAN,2,FY2024_Q4
ASCENSUS,2,FY2024_Q4
RUDRA TECHNOLOGIES INC,2,FY2024_Q4
"SOMALOGIC OPERATING CO., INC.",2,FY2024_Q4
SCHONFELD STRATEGIC ADVISORS,2,FY2024_Q4
WISE GEN INC,2,FY2024_Q4
AUTHRIGHT INC.,2,FY2024_Q4
"NUTRISYSTEM, INC.",2,FY2024_Q4
"ADVANCED CONNECTIVITY, LLC",2,FY2024_Q4
"JASON PHARMACEUTICALS, INC.",2,FY2024_Q4
CUSTARD INTERFACE INC,2,FY2024_Q4
"MOBIS NORTH AMERICA, LLC",2,FY2024_Q4
USSOFT LLC,2,FY2024_Q4
"DAVIS VISION, INC.",2,FY2024_Q4
KING  SPALDING LLP,2,FY2024_Q4
MISSOURI BAPTIST SULLIVAN,2,FY2024_Q4
SIOUX CENTER HEALTH,2,FY2024_Q4
D4U USA CONSULTING  LLC,2,FY2024_Q4
BANK OF MONTREAL,2,FY2024_Q4
"BIOMARIN PHARMACEUTICAL, INC.",2,FY2024_Q4
CINTAL INC,2,FY2024_Q4
"MALWAREBYTES, INC.",2,FY2024_Q4
"POPULUS FINANCIAL GROUP, INC.",2,FY2024_Q4
SPRINTRAY INC,2,FY2024_Q4
MARY KAY INC.,2,FY2024_Q4
"SAIVEN TECHNOLOGIES, INC",2,FY2024_Q4
"ROOFSTOCK, INC",2,FY2024_Q4
SAPIENT GOVERNMENT SERVICES INC.,2,FY2024_Q4
"OTTERTUNE, INC.",2,FY2024_Q4
9LOGIC TECHNOLOGIES INC,2,FY2024_Q4
ADAGE TECHNOLOGIES,2,FY2024_Q4
TARUN TECHNOLOGIES INC,2,FY2024_Q4
CSRA STATE AND LOCAL SOLUTIONS LLC,2,FY2024_Q4
"INSITRO, INC.",2,FY2024_Q4
ACTIVE DESIGN GROUP ENGINEERING CO,2,FY2024_Q4
"ARGOS USA, LLC",2,FY2024_Q4
ELEMENTAL SCIENTIFIC INC,2,FY2024_Q4
COOPER STANDARD AUTOMOTIVE INC.,2,FY2024_Q4
PERKINS EASTMAN,2,FY2024_Q4
UNIVERSITY OF CALIFORNIA AT SANTA BARBARA,2,FY2024_Q4
COMMUNITY LAW GROUP PLLC,2,FY2024_Q4
STATE UNIVERSITY OF NEW YORK AT ONEONTA,2,FY2024_Q4
OCEANIA INN,2,FY2024_Q4
"KATHMANDU RESTAURANT, INC",2,FY2024_Q4
AFFORDABLE GRANITE CONCEPTS INC,2,FY2024_Q4
MARCO STORE LLC,2,FY2024_Q4
IPSOS INSIGHT,2,FY2024_Q4
"VISBY MEDICAL, INC.",2,FY2024_Q4
SPREADTRUM COMMUNICATIONS USA,2,FY2024_Q4
"INTEGRAL AD SCIENCE, INC.",2,FY2024_Q4
UPMC PRESBYTERIAN SHADYSIDE,2,FY2024_Q4
RISING SUN TECHNOLOGIES LLC,2,FY2024_Q4
"SUPERIOR VISION BENEFIT MANAGEMENT, INC.",2,FY2024_Q4
"PERFECT SENSE, INC.",2,FY2024_Q4
VIRTUE SERVE LLC,2,FY2024_Q4
TWELVE,2,FY2024_Q4
"SMITH MICRO SOFTWARE, INC",2,FY2024_Q4
TOYOTA MATERIAL HANDLING,2,FY2024_Q4
"PREH, INC.",2,FY2024_Q4
UNIVERSITY OF NORTH CAROLINA AT GREENSBORO,2,FY2024_Q4
BRIAR CLIFF UNIVERSITY,2,FY2024_Q4
"PINPOINT CLEANING SERVICE, INC.",2,FY2024_Q4
ISOD LAWN AND GARDEN CARE INC,2,FY2024_Q4
TITAN CHAIR LLC,2,FY2024_Q4
TI GROUP AUTOMOTIVE SYSTEMS,2,FY2024_Q4
"TRICOPP, INC DBA CLOUDPATHS, INC",2,FY2024_Q4
DIGERATI SYSTEMS INC,2,FY2024_Q4
"AVIO CONSULTING, LLC",2,FY2024_Q4
"PI INNOVO, LLC",2,FY2024_Q4
PANGEA TRANSFER COMPANY,2,FY2024_Q4
"ARRCUS, INC",2,FY2024_Q4
TEKSPIKE LLC,2,FY2024_Q4
AVENTURE SYSTEMS LLC,2,FY2024_Q4
A TIEMPO CARGO INC,2,FY2024_Q4
MAXPRO INC,2,FY2024_Q4
"PLF STRUCTURAL ENGINEERS, INC.",2,FY2024_Q4
"LABELLA ASSOCIATES, D.P.C.",2,FY2024_Q4
GARRETT TRANSPORTATION I INC.,2,FY2024_Q4
"MASSA MULTIMEDIA ARCHITECTURE, PC",2,FY2024_Q4
MEDICAL UNIVERSITY OF S.C. AND AFFILIATES,2,FY2024_Q4
2TASTE BK INC,2,FY2024_Q4
"LUNIKS FORK AND KNIFE, LLC",2,FY2024_Q4
ANGEL BEAUTY SUPPLY,2,FY2024_Q4
DIPPIN DONUTS LLC,2,FY2024_Q4
CONGRUEX GROUP LLC,2,FY2024_Q4
ING FINANCIAL SERVICES LLC,2,FY2024_Q4
STONE POINT CAPITAL LLC,2,FY2024_Q4
"TECHNICOLOR CONNECTED HOME USA, LLC",2,FY2024_Q4
HILL PATH CAPITAL LP,2,FY2024_Q4
"PANERA, LLC",2,FY2024_Q4
ITEANS AMERICA LLC,2,FY2024_Q4
"THE FINANCIAL RISK GROUP, INC.",2,FY2024_Q4
"INSIGHT GLOBAL, LLC",2,FY2024_Q4
"ICF RESOURCES, LLC.",2,FY2024_Q4
"BASLEE ENGINEERING SOLUTIONS BES, INC.",2,FY2024_Q4
HANSON WALTER  ASSOCIATES INC,2,FY2024_Q4
COLDWATER VENEER INC.,2,FY2024_Q4
GATES CORPORATION,2,FY2024_Q4
"SYSTEM INTEGRITY ENGINEERING, INC",2,FY2024_Q4
"SYNTRON BIORESEARCH, INC.",2,FY2024_Q4
EMORY UNIVERSITY,2,FY2024_Q4
STEVENS INSTITUTE OF TECHNOLOGY,2,FY2024_Q4
SANTA CRUZ VALLEY UNIFIED SCHOOL DISTRICT NO. 35,2,FY2024_Q4
"LASCARIS GROUP, INC.",2,FY2024_Q4
OUNCE JEWELRY INC DBA OUNCE COLLECTION INC.,2,FY2024_Q4
SKY DENTAL LAB SOLUTION INC,2,FY2024_Q4
FIRST CENTURY FUNDING CORP.,2,FY2024_Q4
GN HEARING CARE CORPORATION,2,FY2024_Q4
DAE HA AMERICA CORP.,2,FY2024_Q4
TAX HOUSE LLP,2,FY2024_Q4
"DEXTERITY, INC.",2,FY2024_Q4
"FRESENIUS KABI USA, LLC",2,FY2024_Q4
WPS ONLINE LLC,2,FY2024_Q4
"ETECHNOLOGY SERVICES, LLC",2,FY2024_Q4
GAATU INC.,2,FY2024_Q4
"GROUNDSPEED ANALYTICS, INC.",2,FY2024_Q4
HOVIONE LLC,2,FY2024_Q4
FORT MYER CONSTRUCTION CORPORATIONS,2,FY2024_Q4
"GEOSYNTEC CONSULTANTS, INC.",2,FY2024_Q4
"TABERNACLE BAPTIST CHURCH OF ORLANDO, FLORIDA, INC",2,FY2024_Q4
CENTRAL PARK SCHOOL FOR CHILDREN,2,FY2024_Q4
GRAND HYATT SAN ANTONIO,2,FY2024_Q4
NEW LEAF CHINESE AND JAPANESE CUISINE II LLC,2,FY2024_Q4
SUWANAS THAI ORCHID LLC,2,FY2024_Q4
MARKANTONIS RESTAURANT GROUP DBA ESTIA ON MAIN,2,FY2024_Q4
GD TRANSPORT LLC,2,FY2024_Q4
"MUNRO  ASSOCIATES, INC.",2,FY2024_Q4
"ULTRA CLEAN TECHNOLOGY SYSTEMS  SERVICE, INC.",2,FY2024_Q4
FLORIDA TILE,2,FY2024_Q4
"WITHINGS, INC.",2,FY2024_Q4
PHYSICAL THERAPY OF THE CITY,2,FY2024_Q4
LUPIN PHARMACEUTICALS INC.,2,FY2024_Q4
MUREX NORTH AMERICA,2,FY2024_Q4
TALEND INC.,2,FY2024_Q4
"DONGWON AUTOPART TECHNOLOGY GEORGIA, LLC",2,FY2024_Q4
"VALMET, INC.",2,FY2024_Q4
PROVIDENCE COLLEGE,2,FY2024_Q4
SCWORLD INC,2,FY2024_Q4
ZIYA BUSINESS INC,2,FY2024_Q4
YINCOLINES INC,2,FY2024_Q4
RB COLLECTION INC,2,FY2024_Q4
"GTS SECURITIES, LLC",2,FY2024_Q4
REGION TECHNOLOGIES INC,2,FY2024_Q4
HERC RENTALS EMPLOYEE SERVICES LLC,2,FY2024_Q4
MARVEL TECHNOLOGY SOLUTIONS,2,FY2024_Q4
"GRANITE TELECOMMUNICATIONS, LLC",2,FY2024_Q4
NEXSOLV INC,2,FY2024_Q4
SOUTHWEST RESEARCH INSTITUTE,2,FY2024_Q4
"SLIDERULE LABS, INC.",2,FY2024_Q4
FUCHS LUBRICANTS CO,2,FY2024_Q4
PANTALEON COMMODITIES CORP.,2,FY2024_Q4
"SKYRYSE, INC.",2,FY2024_Q4
SAIBBER LLC,2,FY2024_Q4
SYSCONS CORPORATION,2,FY2024_Q4
GREEN COUCH STAGING AND DESIGN INC.,2,FY2024_Q4
SULLIVAN  CROMWELL LLP,2,FY2024_Q4
COALITION INC,2,FY2024_Q4
"FLIGHTSTAR AIRCRAFT SERVICES, LLC",2,FY2024_Q4
STADLER US INC.,2,FY2024_Q4
ECONOLITE CONTROL PRODUCTS INC,2,FY2024_Q4
CALIFORNIA INDEPENDENT SYSTEM OPERATOR CORPORATION,2,FY2024_Q4
GLAXOSMITHKLINE CONSUMER HEALTHCARE HOLDINGS US LL,2,FY2024_Q4
AEA DEV LLC,2,FY2024_Q4
"CGI PARAMOUNT, LLC",2,FY2024_Q4
"CM ENGINE SERVICES, INC.",2,FY2024_Q4
"LIEBHERR GEAR AND AUTOMATION TECHNOLOGIES, INC.",2,FY2024_Q4
ATEAM LOGISTICS GROUP INC.,2,FY2024_Q4
ARK FNC INC,2,FY2024_Q4
"HORIBA INSTURMENTS, INC.",2,FY2024_Q4
SURYA CARPET INC,2,FY2024_Q4
"ASSURECARE, LLC",2,FY2024_Q4
DIGITAL ITECHNOLOGY,2,FY2024_Q4
"ONPOINT DIGITAL SOLUTIONS, LLC.",2,FY2024_Q4
"SURYA SYSTEMS, INC",2,FY2024_Q4
"OSI DIGITAL, INC",2,FY2024_Q4
"NGI CAPITAL, INC.",2,FY2024_Q4
MUTINY HQ CORPORATION DBA MUTINY,2,FY2024_Q4
FEDERAL HOME LOAN BANK OF DALLAS,2,FY2024_Q4
"INOVALON, INC.",2,FY2024_Q4
MEDISOL PLUS,2,FY2024_Q4
PHIHONG USA CORP.,2,FY2024_Q4
NAVINTALLC,2,FY2024_Q4
"MICROBIOLOGICS, INC",2,FY2024_Q4
IVY TECH COMMUNITY COLLEGE,2,FY2024_Q4
IN HOME PERSONAL;SERVICES,2,FY2024_Q4
PARI MENTOR 1 LLC DBA. THE INDIAN KITCHEN,2,FY2024_Q4
MUNG MEE INC,2,FY2024_Q4
DOUBLE H FB INC,2,FY2024_Q4
"FAMILY PROTECT INSURANCE, LLC",2,FY2024_Q4
"FORTUNA BAKERY CAFE, INC.",2,FY2024_Q4
J4 DEVELOPMENT INC,2,FY2024_Q4
HEALTH AT SCALE,2,FY2024_Q4
"BEEJAUM TECHNOLOGY GROUP, INC",2,FY2024_Q4
"RELX, INC.",2,FY2024_Q4
SAICON CONSULTANTS INC,2,FY2024_Q4
"AFINITI, INC.",2,FY2024_Q4
KOHLBERG KRAVIS ROBERTS  CO. L.P.,2,FY2024_Q4
"VERTEX US HOLDINGS, INC.",2,FY2024_Q4
ALPHAINFOSYS INC,2,FY2024_Q4
FLEXTRADE SYSTEMS,2,FY2024_Q4
TECHNOCOMP INC,2,FY2024_Q4
INFRATECH ENGINEERS  INNOVATORS LLC,2,FY2024_Q4
"PEGASUSTSI, INC.",2,FY2024_Q4
"NIVAGEN PHARMACEUTICALS, INC",2,FY2024_Q4
CALIFORNIA INSTITUTE OF TECHNOLOGY,2,FY2024_Q4
"MONTESSORI WEST, INC.",2,FY2024_Q4
GUANZON RESIDENTIAL CARE,2,FY2024_Q4
IYARA CORPORATION,2,FY2024_Q4
WRIST NORTH AMERICA,2,FY2024_Q4
ARCHSTONE BUILDERS,2,FY2024_Q4
UNIVERSITY OF ALABAMA,2,FY2024_Q4
"SYSCO TECHNOLOGIES, LLC",2,FY2024_Q4
INTALENT LLC,2,FY2024_Q4
WIZCOM CORPORATION,2,FY2024_Q4
"ZILLION TECHNOLOGIES, INC",2,FY2024_Q4
"THE TRICOM CONSULTING GROUP, L.LC.",2,FY2024_Q4
ARKANSAS DEPARTMENT OF FINANCE AND ADMINISTRATION,2,FY2024_Q4
ISANI CONSULTANTS,2,FY2024_Q4
"EXBON DEVELOPMENT, INC.",2,FY2024_Q4
PSEMI CORPORATION,2,FY2024_Q4
PROMATRIX CORP,2,FY2024_Q4
ESSILOR LABORATORIES OF AMERICA,2,FY2024_Q4
SUN FIBER LLC,2,FY2024_Q4
ZIPLINE INTERNATIONAL INC,2,FY2024_Q4
CONTROL SYSTEM INTEGRATORS,2,FY2024_Q4
TRUMAN STATE UNIVERSITY,2,FY2024_Q4
ASHEVILLE PEAK ACADEMY,2,FY2024_Q4
SAI NEWARK MANOR,2,FY2024_Q4
"NEWPOINT USA, LLC",2,FY2024_Q4
NEW INVESTMENT LLC,2,FY2024_Q4
ALMA ADVERTISING LLC,2,FY2024_Q4
NATIONAL PUBLIC RADIO INC,2,FY2024_Q4
"PLANVIEW, INC.",2,FY2024_Q4
"E2OPEN, LLC",2,FY2024_Q4
GLOBAL ATLANTIC FINANCIAL COMPANY,2,FY2024_Q4
"CEQUENCE SECURITY, INC.",2,FY2024_Q4
"ANALYTICSIQ, INC.",2,FY2024_Q4
"MODJESKI AND MASTERS, INC.",2,FY2024_Q4
"SCHNEIDER ELECTRIC ENGINEERING SERVICES, LLC",2,FY2024_Q4
MR MANUFACTURING LLC,2,FY2024_Q4
ROCKY MOUNTAIN INSTITUTE,2,FY2024_Q4
DESCARTES LABS,2,FY2024_Q4
SQUIRE PATTON BOGGS,2,FY2024_Q4
UNIVERSITY OF TEXAS HEALTH SCIENCE CENTER AT SA,2,FY2024_Q4
UNIVERSITY OF LOUISIANA AT MONROE,2,FY2024_Q4
CABRILLO UNIFIED SCHOOL DISTRICT,2,FY2024_Q4
WNJT HOMES LLC,2,FY2024_Q4
IKUSHIMAN HAWAII INC,2,FY2024_Q4
DJS FINE WINE GOURMET  SPIRITS INC,2,FY2024_Q4
SNH CORPORATION,2,FY2024_Q4
EXCERS INC,2,FY2024_Q4
"DONGHEE AMERICA, INC.",2,FY2024_Q4
TWIST BIOSCIENCE CORPORATION,2,FY2024_Q4
"UNITED AIRLINES, INC.",2,FY2024_Q4
"GUARDIAN INDUSTRIES, LLC",2,FY2024_Q4
FAIR ISAAC CORPORATION,2,FY2024_Q4
"WIND TRANSPORT SOLUTIONS, INC.",2,FY2024_Q4
CALKINS L.P. GAS COMPANY,2,FY2024_Q4
ABCLONAL SCIENCE INC,2,FY2024_Q4
"BLUESNAP, INC.",2,FY2024_Q4
"HERMLE USA, INC.",2,FY2024_Q4
THE GOODYEAR TIRE  RUBBER COMPANY,2,FY2024_Q4
"PROFESSIONAL SEARCH GROUP, LLC",2,FY2024_Q4
CDS GLOBAL INC.,2,FY2024_Q4
"UTEGRATION, LLC",2,FY2024_Q4
"PREDICTSPRING, INC.",2,FY2024_Q4
HITECH INFO GROUP LLC,2,FY2024_Q4
"PERFICT GLOBAL, INC.",2,FY2024_Q4
FIRST NATIONAL BANK OF OMAHA,2,FY2024_Q4
"JOHN ZINK COMPANY, LLC",2,FY2024_Q4
DEVILS ARENA ENTERTAINMENT LLC,2,FY2024_Q4
CORNERSTONE GRILL INC,2,FY2024_Q4
ANATOLIA CAFE,2,FY2024_Q4
"AMBERSCAPES, INC.",2,FY2024_Q4
LI CONVENIENCE AND FOOD INC,2,FY2024_Q4
FRONTIER FARMS,2,FY2024_Q4
TKO LOGISTICS INC,2,FY2024_Q4
"MOTO TECHNOLOGY SERVICES, LLC",2,FY2024_Q4
KIRCHHOFF AUTOMOTIVE USA INC.,2,FY2024_Q4
ALBERT EINSTEIN COLLEGE OF MEDICINE,2,FY2024_Q4
SCADEA SOFTWARE SOLUTIONS INC.,2,FY2024_Q4
BACHI.TECH CORPORATION,2,FY2024_Q4
PPL SERVICES CORPORATION,2,FY2024_Q4
VEDASOFT INC.,2,FY2024_Q4
NWEA,2,FY2024_Q4
BOSS TECHNOLOGIES INC.,2,FY2024_Q4
"TWIN HEALTH, INC",2,FY2024_Q4
"INVOICE CLOUD, INC.",2,FY2024_Q4
CONVERGE INFO SYSTEMS,2,FY2024_Q4
WAFTS SOLUTIONS INC,2,FY2024_Q4
DASSAULT SYSTEMES SOLIDWORKS CORP.,2,FY2024_Q4
"AMERICAN LEATHER OPERATIONS, LLC",2,FY2024_Q4
"VELO3D, INC.",2,FY2024_Q4
DRIVE AUTOMOTIVE INDUSTRIES OF AMERICA,2,FY2024_Q4
REED COLLEGE,2,FY2024_Q4
"EID, JARBER, JASSAR PLLC DBA HAPPY KIDS DENTISTR",2,FY2024_Q4
"T L PARTNERS, LLC",2,FY2024_Q4
TAXES USA LLC,2,FY2024_Q4
"COLORTOKENS, INC.",2,FY2024_Q4
OTIS ELEVATOR COMPANY,2,FY2024_Q4
XP POWER LLC,2,FY2024_Q4
"THYSSENKRUPP SYSTEM ENGINEERING, INC.",2,FY2024_Q4
WAYNE STATE UNIVERSITY,2,FY2024_Q4
SONOMA STATE UNIVERSITY,2,FY2024_Q4
GLENVILLE STATE UNIVERSITY,2,FY2024_Q4
LOUISIANA TECH UNIVERSITY,2,FY2024_Q4
CAMERON UNIVERSITY,2,FY2024_Q4
"WORKANDCO INTERNATIONAL, INC",2,FY2024_Q4
SCHROCK COMMERCIAL ROOFING INC,2,FY2024_Q4
"PORTER ROOFING CONTRACTORS, INC.",2,FY2024_Q4
RPG GULF GATE CORP,2,FY2024_Q4
AVENUE CODE LLC,2,FY2024_Q4
"BANCO BILBAO VIZCAYA ARGENTARIA, S.A.",2,FY2024_Q4
"ASCEND MARKETING, LLC",2,FY2024_Q4
GEN DIGITAL INC.,2,FY2024_Q4
"B1 IT SOLUTIONS, INC",2,FY2024_Q4
"AUTO MOTIVE POWER, INC.",2,FY2024_Q4
DOYENSYS INC,2,FY2024_Q4
VALASSIS DIGITAL CORP.,2,FY2024_Q4
"IVANI, LLC",2,FY2024_Q4
"PACIFIC ENGINEERING GROUP  SERVICES PEGS, LLC",2,FY2024_Q4
XAVIER UNIVERSITY,2,FY2024_Q4
COLLEGE OF WOOSTER,2,FY2024_Q4
PEDIATRIC ACADEMIC ASSOCIATION,2,FY2024_Q4
"BRAVO MEAT COMPANY, INC.",2,FY2024_Q4
ALSTOM SIGNALING INC.,2,FY2024_Q4
SMYRNA INTERNATIONAL INC,2,FY2024_Q4
"COM4 GLOBAL, INC",2,FY2024_Q4
BORN GROUP INC.,2,FY2024_Q4
RH TECHNOLOGIES INC,2,FY2024_Q4
NATIONAL STUDENT CLEARINGHOUSE,2,FY2024_Q4
BLUE FUSION ENTERPRISE TECHNOLOGIES INC,2,FY2024_Q4
DBT LABS FKA FISHTOWN ANALYTICS,2,FY2024_Q4
ASENTECH LLC,2,FY2024_Q4
"EVS, INC.",2,FY2024_Q4
"SENSORMATIC ELECTRONICS, LLC",2,FY2024_Q4
SNYDER SMILES,2,FY2024_Q4
"CGI FOODSEQUITABLE PLAZA, INC.",2,FY2024_Q4
EM DUMBO CORP,2,FY2024_Q4
AM SHOES AND TEXTILE,2,FY2024_Q4
"MON AMI, INC.",2,FY2024_Q4
MYAPPSHUB LLC,2,FY2024_Q4
"SAVEN TECHNOLOGIES, INC",2,FY2024_Q4
"ARK SOLUTIONS, INC.",2,FY2024_Q4
SEVEN STARS SERVICES LLC DBA SIMPALM,2,FY2024_Q4
INBIZ CONCEPTS INC,2,FY2024_Q4
XACTWARE,2,FY2024_Q4
"TECH TAMMINA, LLC",2,FY2024_Q4
"LODESTAR SYSTEMS, INC.",2,FY2024_Q4
MWIDM INC.,2,FY2024_Q4
TERAZO INC,2,FY2024_Q4
SIA GLOBAL SOLUTIONS LLC,2,FY2024_Q4
ROBERT W. BAIRD  CO. INCORPORATED,2,FY2024_Q4
CYTIVA US LLC,2,FY2024_Q4
"DACK CONSULTING SOLUTIONS, INC.",2,FY2024_Q4
RADISE INTERNATIONAL,2,FY2024_Q4
LUMINEX CORPORATION,2,FY2024_Q4
NORTHERN KENTUCKY UNIVERSITY,2,FY2024_Q4
PIEDMONT HOSPTIAL,2,FY2024_Q4
SEA REPUBLIC LLC,2,FY2024_Q4
CROSSHIGHWAY BP LLC,2,FY2024_Q4
YOUNG THAI INC,2,FY2024_Q4
SAM DIEGOS INC DBA SAM DIEGOS MEXICAN COOKERY,2,FY2024_Q4
"EDS LANDSCAPING, INC.",2,FY2024_Q4
ELTROPY INC,2,FY2024_Q4
KJT LAW GROUP LLP,2,FY2024_Q4
A PLUS ROOFING  CONSTRUCTION LLC,2,FY2024_Q4
RMI TRANSPORTATION LLC,2,FY2024_Q4
TALAN LLC,2,FY2024_Q4
BWAY CORPORATION,2,FY2024_Q4
"DELTA DENTAL PLAN OF MICHIGAN, INC.",2,FY2024_Q4
AMPLE IT SERVICES LLC,2,FY2024_Q4
"ABSOLUTE WEB SERVICES, INC.",2,FY2024_Q4
"SOFTILITY, INC.",2,FY2024_Q4
"ZEALTECH,INC",2,FY2024_Q4
"COX COMMUNICATIONS, INC.",2,FY2024_Q4
"LAVSUN TECHNOLOGIES, INC.",2,FY2024_Q4
FIVES DYAG CORP,2,FY2024_Q4
VIBRANT AMERICA LLC,2,FY2024_Q4
CLAREMONT MCKENNA COLLEGE,2,FY2024_Q4
IDAHO STATE UNIVERSITY,2,FY2024_Q4
JH INTERNATIONAL SHIPPING INC.,2,FY2024_Q4
STL TRUCKERS LLC,2,FY2024_Q4
"DAESOL MATERIAL GEORGIA, LLC",2,FY2024_Q4
"FLEXLINK SYSTEMS, INC",2,FY2024_Q4
UNIVERSITY OF RICHMOND,2,FY2024_Q4
SUPER FARANG INC,2,FY2024_Q4
KASTHAMANDAP INC.,2,FY2024_Q4
"SOCCER IN USA HOLDING, LLC",2,FY2024_Q4
SATI 1999 INC,2,FY2024_Q4
BHUIYAN INVESTMENT LLC,2,FY2024_Q4
DOXA,2,FY2024_Q4
"KIMCHI LAS VEGAS, INC.",2,FY2024_Q4
WEILL MEDICAL COLLEGE OF CORNELL UNIVERSITY,2,FY2024_Q4
"VENTECH SOLUTIONS, INC.",2,FY2024_Q4
"GST AMERICA, INC.",2,FY2024_Q4
CRYSTAL EQUATION CORPORATION,2,FY2024_Q4
HYLIION INC.,2,FY2024_Q4
WASHINGTON AND LEE UNIVERSITY,2,FY2024_Q4
SKY CITY HOLDINGS COMPANY,2,FY2024_Q4
"THE WEST STREET CAFE, INC",2,FY2024_Q4
SG TRANSPORTATION INC,2,FY2024_Q4
INTELIQUENT,2,FY2024_Q4
LEGG MASON  CO. LLC,2,FY2024_Q4
CNC ENTERPRISES INC,2,FY2024_Q4
"FRANKLIN TEMPLETON COMPANIES, LLC",2,FY2024_Q4
INNOSOFT CORPORATION,2,FY2024_Q4
FORTISVIEW LLC,2,FY2024_Q4
"BELLIN MEMORIAL HOSPITAL, INC.",2,FY2024_Q4
GRANITE BAKERY,2,FY2024_Q4
TEK ANALYTICS LLC,2,FY2024_Q4
VIRGINIA COMMONWEALTH UNIVERSITY,2,FY2024_Q4
RATHMOURNE DAIRY LLC,2,FY2024_Q4
ACCOLITE DIGITAL LLC,2,FY2024_Q4
CITY OF HOPE NATIONAL MEDICAL CENTER,2,FY2024_Q4
HANWHA ENERGY USA HOLDINGS CORPORATION,2,FY2024_Q4
"58 BAKERY, INC",2,FY2024_Q4
ACTION INSTALLATIONS  MAINTENANCE INC,2,FY2024_Q4
CINTRA US SERVICES LLC,2,FY2024_Q4
"CHURCH UNIVERSAL AND TRIUMPHANT, INC.",2,FY2024_Q4
"AISERA, INC.",2,FY2024_Q4
"BW CPA GROUP, INC.",2,FY2024_Q4
"BERKELEY RESEARCH GROUP, LLC",2,FY2024_Q4
ASTUTE SOLUTIONS LLC,2,FY2024_Q4
AIRBIQUITY INC.,2,FY2024_Q4
"ALLUXIO, INC. FORMERLY TACHYON NEXUS, INC.",2,FY2024_Q4
"CHSPSC, LLC",2,FY2024_Q4
CAELIUS CONSUTLTING INC.,2,FY2024_Q4
CIRCANA,2,FY2024_Q4
APPTIUM TECHNOLOGIES LLC,2,FY2024_Q4
CHIRALITY RESEARCH INC,2,FY2024_Q4
"BATH  BODY WORKS DIRECT, INC.",2,FY2024_Q4
"ASTON CARTER, INC.",2,FY2024_Q4
"BLAIR  MUI DOWD ARCHITECTS, PC",2,FY2024_Q4
"CONTROLPOINT TECHNOLOGIES, INC.",2,FY2024_Q4
"CHASTAIN  ASSOCIATES, LLC",2,FY2024_Q4
CANGENE BIOPHARMA LLC,2,FY2024_Q4
"DNV GL USA, INC.",2,FY2024_Q4
ARC BOAT COMPANY,2,FY2024_Q4
ABBVIE BIORESEARCH CENTER,2,FY2024_Q4
CITIZENS MEDICAL CENTER,2,FY2024_Q4
BOSA DONUT WHOLESALE LLC,2,FY2024_Q4
CAMLEM TRADE LLC,2,FY2024_Q4
CHERRY HILL GOURMET MGT LLC,2,FY2024_Q4
"RICHARDSON MANURE HAULING, INC.",2,FY2024_Q4
LONESTAR PEANUT LLC,2,FY2024_Q4
BAXTER LAND COMPANY,2,FY2024_Q4
COOPER ELECTRICAL CONSTRUCTION COMPANY,2,FY2024_Q4
AIR WISCONSIN AIRLINES LLC,2,FY2024_Q4
K  I TRANSPORT LLC,2,FY2024_Q4
GIIR AMERICA INC.,2,FY2024_Q4
SPA NAILS SUPPLY INC,2,FY2024_Q4
"MATERIAL HOLDINGS, LLC",2,FY2024_Q4
CORPUS CHRISTI POLYMERS LLC,2,FY2024_Q4
"BLUE SAGE SOLUTIONS, LLC",2,FY2024_Q4
"DAGGER MACHINERY, INC.",2,FY2024_Q4
"BREEN ENGINEERING, INC.",2,FY2024_Q4
"CIVIL  ENVIRONMENTAL CONSULTANTS, INC.",2,FY2024_Q4
"DATAEDGE CONSULTING, INC.",2,FY2024_Q4
"DAKOTA CONSULTING, INCORPORATED",2,FY2024_Q4
GATHI ANALYTICS LLC,2,FY2024_Q4
ALTEK INC.,2,FY2024_Q4
"AMADEUS GLOBAL OPERATIONS AMERICAS, INC.",2,FY2024_Q4
CRICKET WIRELESS LLC,2,FY2024_Q4
"NEOXAM AMERICAS, INC.",2,FY2024_Q4
APPLIED INFORMATION SCIENCES,2,FY2024_Q4
POLLUX CONSULTANCY SERVICES LLC,2,FY2024_Q4
CONQUEST CONSULTING LLC,2,FY2024_Q4
"DATACORE SYSTEMS, INC",2,FY2024_Q4
COMPUTER AND ENGINEERING SERVICES INC.,2,FY2024_Q4
CARROTHR INC.,2,FY2024_Q4
"COULOIR TECHNOLOGY GROUP, INC.",2,FY2024_Q4
ADROIT SOFTWARE INC,2,FY2024_Q4
BKFS I SERVICES LLC,2,FY2024_Q4
"CARBON HEALTH TECHNOLOGIES, INC.",2,FY2024_Q4
"ATOM COMPUTING, INC.",2,FY2024_Q4
ELSIE WHITLOW STOKE COMMUNITY FREEDOM PUBLIC CHART,2,FY2024_Q4
"LEESBURG LIFE CARE, LLC DBA HERITAGE HALLLEESBURG",2,FY2024_Q4
MEW IZAKAYA LLC,2,FY2024_Q4
"JS BBQ INC, DBA WOO MEE OAK",2,FY2024_Q4
"SEOUL SALON, INC.",2,FY2024_Q4
BABELLE SALON,2,FY2024_Q4
"AUMA ENGINEERED PRODUCTS, INC.",2,FY2024_Q4
ALTEX TRANSPORTATION,2,FY2024_Q4
CUCKOO PRINTING AND SIGNS INC,2,FY2024_Q4
ROYAL THAI CONSULATE GENERAL LOS ANGELES,2,FY2024_Q4
"FAR EAST METALS, INC.",2,FY2024_Q4
CIBC,2,FY2024_Q4
CENTRAL GARDEN  PET,2,FY2024_Q4
ALTICOR INC.,2,FY2024_Q4
"GLMV ARCHITECTURE, INC.",2,FY2024_Q4
CELANESE CORPORATION,2,FY2024_Q4
JANE ORGEL PC,2,FY2024_Q4
PEPPERDINE UNIVERSITY,2,FY2024_Q4
"CUMBERLAND MEMORIAL HOSPITAL, INC.",2,FY2024_Q4
PIKE CARS LLC,2,FY2024_Q4
HANKOOKCOMPANY ES AMERICA CORP,2,FY2024_Q4
FLOYD INC,2,FY2024_Q4
"NH INVESTMENT  SECURITIES AMERICA, INC.",2,FY2024_Q4
ROCKLAND TRUST COMPANY,2,FY2024_Q4
"ALVARIA, INC",2,FY2024_Q4
"GREYHOUND LINES, INC",2,FY2024_Q4
SCHOLASTIC,2,FY2024_Q4
FESTO CORPORATION,2,FY2024_Q4
SECURITY FINANCE CORPORATION OF SPARTANBURG,2,FY2024_Q4
"BRAMBLES USA, INC.",2,FY2024_Q4
"PLASTIC OMNIUM AUTO EXTERIORS, L.L.C.",2,FY2024_Q4
"SCOTT  CORMIA ARCHITECTURE AND INTERIORS, LLC",2,FY2024_Q4
ELDERLY MATTERS IN HOME CARE LLC,2,FY2024_Q4
GEA SYSTEMS NORTH AMERICA LLC,2,FY2024_Q4
"ONE ROAD USA, INC.",2,FY2024_Q4
OCAZO CONSTRUCTION INC.,2,FY2024_Q4
GREEN MOUNTAIN BOAT LINES LTD,2,FY2024_Q4
"SMBC CAPITAL MARKETS, INC.",2,FY2024_Q4
"SOPHOS, INC.",2,FY2024_Q4
VALASSIS COMMUNICATIONS INC.,2,FY2024_Q4
"DURR SYSTEMS, INC.",2,FY2024_Q4
"AMERICAN IT SOLUTIONS, INC",2,FY2024_Q4
SHOGUN LAVERNE LLC,2,FY2024_Q4
"DICERNA PHARMACEUTICALS, INC.",2,FY2024_Q4
"SUN FRESH INTERNATIONAL, LLC",2,FY2024_Q4
"HEADSTORM, LLC",2,FY2024_Q4
HEMISPHERE GNSS USA INC.,2,FY2024_Q4
DICKINSON COLLEGE,2,FY2024_Q4
GAS EXPRESS LLC,2,FY2024_Q4
"HECHT  NORMAN, LLP",2,FY2024_Q4
HEATHER SAM LLC,2,FY2024_Q4
"DBN TRANS, INC.",2,FY2024_Q4
"ETHOS TECHNOLOGIES, INC.",2,FY2024_Q4
"EQRX INTERNATIONAL, INC.",2,FY2024_Q4
"GIROUX GLASS, INC.",2,FY2024_Q4
"NKARTA, INC.",2,FY2024_Q4
LT NAIL LOUNGE INC,2,FY2024_Q4
"ALEXION PHARMACEUTICALS, INC.",2,FY2024_Q4
GENERAL ELECTRIC INTERNATIONAL INC.,2,FY2024_Q4
JOYIN INC,2,FY2024_Q4
ANBANG INSURANCE CENTER,2,FY2024_Q4
FREUDENBERG BATTERY POWER SYSTEMS,2,FY2024_Q4
"NEW FRONTIER ADVISORS, LLC",2,FY2024_Q4
GLOBAL INFOTECH INC,2,FY2024_Q4
"MISSION LANE, LLC",2,FY2024_Q4
EVIATION AIRCRAFT,2,FY2024_Q4
"NSK STEERING SYSTEMS AMERICA, INC.",2,FY2024_Q4
HOSPITAL FOR SPECIAL SURGERY,2,FY2024_Q4
GALER LAW FIRM PLLC,2,FY2024_Q4
COLGATE UNIVERSITY,2,FY2024_Q4
COLBY COLLEGE,2,FY2024_Q4
"EVIDATION HEALTH, INC.",2,FY2024_Q4
INPATIENT SPECIALISTS OF CALIFORNIA P.C.,2,FY2024_Q4
"LONN, INC. DBA SIAM RICE II",2,FY2024_Q4
JP5GREAT LLC,2,FY2024_Q4
FHC TKG LLC,2,FY2024_Q4
GREEK EXPRESS GRANDVIEW LLC,2,FY2024_Q4
"FOUR STAR FAMILY RESTAURANT, INC.",2,FY2024_Q4
"MODE ANALYTICS, INC.",2,FY2024_Q4
RICONPHARMA LLC,2,FY2024_Q4
JOSHPROS LLC,2,FY2024_Q4
"MSG GLOBAL SOLUTIONS, INC.",2,FY2024_Q4
"DVR SOFTEK INC.,",2,FY2024_Q4
"ECCLESIASTES, INC.",2,FY2024_Q4
HUGHES SYSTIQUE PRIVATE LIMITED,2,FY2024_Q4
"ECHELON SOLUTIONS GROUP, LLC",2,FY2024_Q4
MULTI MEDIA LLC DBA CHATURBATE.COM,2,FY2024_Q4
BIZ2CREDIT INC,2,FY2024_Q4
RHP SOFT INC,2,FY2024_Q4
"HIRE IT PEOPLE, INC",2,FY2024_Q4
HIGHLAND DMD CORP DBA DENTISTRY IN THE HIGHLANDS,2,FY2024_Q4
"ALDONA FIRE PROTECTION, INC",2,FY2024_Q4
MJ FOWLER FARM LLC,2,FY2024_Q4
MARRIOTT OWNERSHIP RESORTS INC.,2,FY2024_Q4
MODINE MANUFACTURING COMPANY,2,FY2024_Q4
MY THAI VEGAN CAFE,2,FY2024_Q4
"OCMI, INC.",2,FY2024_Q4
"OUTRIDER TECHNOLOGIES, INC.",2,FY2024_Q4
ICONIQ CAPITAL,2,FY2024_Q4
NAM INFO INC,2,FY2024_Q4
"NAM TECHNOLOGIES INC.,",2,FY2024_Q4
"GRL ENGINEERS, INC.",2,FY2024_Q4
"HMI CAPITAL MANAGEMENT, L.P.",2,FY2024_Q4
MOLECULAR EPIDEMIOLOGY INCORPORATED,2,FY2024_Q4
MERCY CLINIC FORT SMITH COMMUNITIES,2,FY2024_Q4
"ANN PEARL CARE HOME, INC.",2,FY2024_Q4
"MAGIC LABS, INC.",2,FY2024_Q4
LOGICAL PARADIGM LLC,2,FY2024_Q4
NEW JERSEY TECH SYSTEMS LLC,2,FY2024_Q4
"ELEMICA, INC.",2,FY2024_Q4
CROW CANYON RESIDENTIAL CARE,2,FY2024_Q4
"KYOCERA DOCUMENT SOLUTIONS AMERICA, INC.",2,FY2024_Q4
KOS SERVICES LLC,2,FY2024_Q4
INTEGRA PARTNERS,2,FY2024_Q4
RADIANT INFOSYS INC,2,FY2024_Q4
"LEXISNEXIS RISK DATA MANAGEMENT, INC.",2,FY2024_Q4
INFOLOGITECH INC,2,FY2024_Q4
SPARITY INC,2,FY2024_Q4
KWARTILE INC.,2,FY2024_Q4
NEXT INSURANCE,2,FY2024_Q4
KOHN PEDERSEN FOX ASSOCIATES PC,2,FY2024_Q4
KOPLA AMERICA INC,2,FY2024_Q4
NEW YORK INDEPENDENT SYSTEM OPERATOR,2,FY2024_Q4
"SPACO, INC.",2,FY2024_Q4
SIAMESE PRINCESS INC. DBA PLUMERIA VEGETARIAN FOOD,2,FY2024_Q4
"NEXUS INNOVATION OF BOSTON, LLC.",2,FY2024_Q4
KKATIES HYANNIS INC. DBA KKATIES BURGER BAR,2,FY2024_Q4
JH INDUSTRY INC DBA WOOSHIN USA,2,FY2024_Q4
SUNRISE SUPPLY LLC,2,FY2024_Q4
KLM ROYAL DUTCH AIRLINES,2,FY2024_Q4
"SILVER DINER HOLDINGS, INC.",2,FY2024_Q4
RESOURCEONE,2,FY2024_Q4
"IRON MOUNTAIN INFORMATION MANAGEMENT, LLC",2,FY2024_Q4
MAHANT KRUPA 56 LLC,2,FY2024_Q4
DOCMATION,2,FY2024_Q4
"NOBLE STREET ADVISORS, LLC",2,FY2024_Q4
"JOB CREATION, LLC.",2,FY2024_Q4
LOUISIANA STATE UNIVERSITY AND AM COLLEGE,2,FY2024_Q4
RIVERPOINT MANAGEMENT LLC,2,FY2024_Q4
"SKECHERS USA, INC",2,FY2024_Q4
"RAFAY SYSTEMS, INC.",2,FY2024_Q4
"RIPCORD, INC.",2,FY2024_Q4
SAGE SOFTWARE INC,2,FY2024_Q4
LPA INC.,2,FY2024_Q4
"SOUTHEASTERN INTENSIVIST SERVICES, P.C.",2,FY2024_Q4
"SAINT FRANCIS MEDICAL PARTNERS, LLC",2,FY2024_Q4
IN HOME PERSONAL SERVICES INC,2,FY2024_Q4
NINE SEAFOOD LLC,2,FY2024_Q4
"VIZIO SERVICES, LLC",2,FY2024_Q4
NOVUM ENERGY TRADING INC,2,FY2024_Q4
OCIENT INC.,2,FY2024_Q4
HOPE FARM,2,FY2024_Q4
"MARS, INCORPORATED",2,FY2024_Q4
SLN SYSTEMS INC,2,FY2024_Q4
"THINKBYTE CONSULTING, INC.",2,FY2024_Q4
TEKSOFT SYSTEMS INC,2,FY2024_Q4
MARVELOUS TECHNOLOGIES INC,2,FY2024_Q4
TEKALLIANZ CORPORATION,2,FY2024_Q4
MERCER US LLC,2,FY2024_Q4
"JOHNSON MATTHEY PROCESS TECHNOLOGIES, INC.",2,FY2024_Q4
SMART ALABAMA LLC,2,FY2024_Q4
RESEARCH INSTITUTE AT NATIONWIDE CHILDRENS HOSPIT,2,FY2024_Q4
"MARIAN UNIVERSITY, INC.",2,FY2024_Q4
JOHN JAY COLLEGE OF CRIMINAL JUSTICE,2,FY2024_Q4
TENNIS INNOVATORS AT DELFINO PARK LLC,2,FY2024_Q4
NORTHWOOD DEACONESS HEALTH CENTER,2,FY2024_Q4
MENDEZ FAMILY INN LLC DBA SIMI VALLEY RESIDENTIAL,2,FY2024_Q4
RED MAPLE CHINESE RESTAURANT,2,FY2024_Q4
"TERUMO BCT, INC.",2,FY2024_Q4
W.W. CLYDE  CO.,2,FY2024_Q4
TENET EMPLOYMENT INC,2,FY2024_Q4
"WINSOME HOUSE, INC.",2,FY2024_Q4
"VOLVO CONSTRUCTION EQUIPMENT NORTH AMERICA, LLC",2,FY2024_Q4
"STRIDE, INC",2,FY2024_Q4
WELD NORTH EDUCATION LLC,2,FY2024_Q4
TOYODA GOSEI NORTH AMERICA CORPORATION,2,FY2024_Q4
"W. L. GORE  ASSOCIATES, INC.",2,FY2024_Q4
TELESIGN CORPORATION,2,FY2024_Q4
PREMIER RESEARCH INTERNATIONAL LLC,2,FY2024_Q4
"TERRA SITE CONSTRUCTORS, LLC",2,FY2024_Q4
THE UNIVERSITY OF ARIZONA,2,FY2024_Q4
TRINE UNIVERSITY,2,FY2024_Q4
UNIVERSITY OF RHODE ISLAND,2,FY2024_Q4
WELLSPAN MEDICAL GROUP,2,FY2024_Q4
"THE HALAL JOINT, LLC",2,FY2024_Q4
"RIVER ROAD PIZZA, INC. DBA LEDO PIZZA",2,FY2024_Q4
"J  S CHAO 2020, LLC",2,FY2024_Q4
"PT NETWORK, LLC",2,FY2024_Q4
TRANSACT CAMPUS INC.,2,FY2024_Q4
TECH RAKERS INC.,2,FY2024_Q4
TECH DATA CORPORATION,2,FY2024_Q4
SOAP ENGINEERING LLC,2,FY2024_Q4
YANFENG INTERNATIONAL AUTOMOTIVE TECHNOLOGY US III,2,FY2024_Q4
WESTERN EXTRUSIONS CORPORATION,2,FY2024_Q4
VCU HEALTH SYSTEM,2,FY2024_Q4
"THE GOULD MEDICAL GROUP, INC.",2,FY2024_Q4
TECH COMMUNICATIONS LLC,2,FY2024_Q4
"TREDENCE, INC.",2,FY2024_Q4
OWLET BABY CARE INC.,2,FY2024_Q4
"THREE WAY EXPRESS, LLC",2,FY2024_Q4
OXYA CORPORATION,2,FY2024_Q4
OVERSEAS STUDENTS SERVICES CORP,2,FY2024_Q4
ROYAL BUSINESS BANK,2,FY2024_Q4
OPTIMIZELY NORTH AMERICA INC.,2,FY2024_Q4
SYNCHRONOSS TECHNOLOGIES INC.,2,FY2024_Q4
TETRUS CORP,2,FY2024_Q4
"THINK SURGICAL, INC.",2,FY2024_Q4
"WILLIAMS WPC1, LLC",2,FY2024_Q4
"TAKEDA VACCINES, INC.",2,FY2024_Q4
TENNESSEE TECHNOLOGICAL UNIVERSITY,2,FY2024_Q4
WILSON PREPARATORY ACADEMY,2,FY2024_Q4
WICHITA FALLS INDEPENDENT SCHOOL DISTRICT,2,FY2024_Q4
ST. VINCENT MEDICAL GROUP,2,FY2024_Q4
ST. MARYS VILLA NURSING HOME,2,FY2024_Q4
"TAMPICO HEALTHCARE CENTER, LLC.",2,FY2024_Q4
TARA BEMIDJI LLC,2,FY2024_Q4
"RTS LANDSCAPING, INC.",2,FY2024_Q4
"OT TECHNOLOGY, INC",2,FY2024_Q4
SUMMIT LANDSCAPING SERVICES CORP,2,FY2024_Q4
TRAVIS KUCK,2,FY2024_Q4
PROXIMA BETA US LLC,2,FY2024_Q4
"XCELO GROUP, INC.",2,FY2024_Q4
"STASH FINANCIAL, INC.",2,FY2024_Q4
"SATYA MARG SOLUTIONS, INC",2,FY2024_Q4
SAPOT SYSTEMS INC,2,FY2024_Q4
"ONCORRE, INC.",2,FY2024_Q4
PAYMENTUS GROUP INC,2,FY2024_Q4
STANFIELD ELEMENTARY SCHOOL DISTRICT,2,FY2024_Q4
MEXCOL GROUP LLC,2,FY2024_Q4
YOUNG JIN K LLC,2,FY2024_Q4
VERY J INC.,2,FY2024_Q4
YUBICO INC,2,FY2024_Q4
VERITION GROUP LLC,2,FY2024_Q4
YZENX INC.,2,FY2024_Q4
"USP MANAGEMENT, INC.",2,FY2024_Q4
"ON24, INC.",2,FY2024_Q4
RXADVANCE CORPORATION,2,FY2024_Q4
"PAPA, INC.",2,FY2024_Q4
MERIDIAN ENGINEERING,2,FY2024_Q4
RN EXPRESS STAFFING REGISTRY LLC,2,FY2024_Q4
YOUVAL GROUP LLC,2,FY2024_Q4
MODERNA SERVICES,2,FY2024_Q4
PRIMESOFT TECHNOLOGIES INC.,2,FY2024_Q4
"MOBIQUITY, INC.",2,FY2024_Q4
ZOCDOC,2,FY2024_Q4
"ZIMMER BIOMET CMF AND THORACIC, LLC",2,FY2024_Q4
SERVER MANAGEMENT SERVICES LLC,2,FY2024_Q4
"DONAN SOLUTIONS, LLC",2,FY2024_Q4
"SHEPPARD, MULLIN, RICHTER  HAMPTON LLP",2,FY2024_Q4
PEACEHEALTH,2,FY2024_Q4
PHOPLUS UT LLC,2,FY2024_Q4
SHEIN DISTRIBUTION CORPORATION,2,FY2024_Q4
ENTERPRISE BUSINESS SOLUTIONS INC,2,FY2024_Q4
APRICOT TECH LLC,2,FY2024_Q4
CHANGECX LLC,2,FY2024_Q4
DANAFARBER CANCER INSTITUTE,2,FY2024_Q4
"ENERGY SCIENCES RESOURCE PARTNERS, LLC",2,FY2024_Q4
PIT STOP CORNER CAFE LLC,2,FY2024_Q4
CASTRO LEGAL GROUP,2,FY2024_Q4
ELITE CONSTRUCTION SOLUTIONS,2,FY2024_Q4
AVANGRID SERVICE COMPANY,2,FY2024_Q4
ENGIE NORTH AMERICA INC.,2,FY2024_Q4
ADVENTIST HEALTHCARE,2,FY2024_Q4
BNP PARIBAS US WHOLESALE HOLDINGS CORP,2,FY2024_Q4
"AUTO FINANCIAL SERVICES, INC.",2,FY2024_Q4
AHS INFORMATION SERVICES,2,FY2024_Q4
INQBRANDS INC.,2,FY2024_Q4
BLUE DOLPHIN TRANSPORT LLC,2,FY2024_Q4
DATA AFFECT LLC,2,FY2024_Q4
FORTRESS INVESTMENT GROUP LLC,2,FY2024_Q4
THE ASSOCIATED PRESS,2,FY2024_Q4
CALIPER CORPORATION,2,FY2024_Q4
CLOUD SOURCE INC,2,FY2024_Q4
CO ARCHITECTS,2,FY2024_Q4
"AMERIDGE POLYMER, INC.",2,FY2024_Q4
"COOPER POWER SYSTEMS, LLC",2,FY2024_Q4
"ARMAAN BIOTECH  IT CONSULTANTS, INC.",2,FY2024_Q4
ARROW INTERVENTIONAL INC.,2,FY2024_Q4
AUTOSYSTEMS AMERICA INC.,2,FY2024_Q4
"ZONI LANGUAGE CENTERS, INC",2,FY2024_Q4
"ARCE IMMIGRATION LAW, P.A.",2,FY2024_Q4
"ALEXANDRA LOZANO IMMIGRATION LAW, PLLC",2,FY2024_Q4
ATLANTA INTERNATIONAL SCHOOL,2,FY2024_Q4
"WORLD JOURNAL LA, LLC",2,FY2024_Q4
CM HEALTH CARE LLC,2,FY2024_Q4
FINN RESTON INC,2,FY2024_Q4
CRAWFISH N MORE LLC DBA CRAWFISH N MORE,2,FY2024_Q4
CAESARS BAGEL,2,FY2024_Q4
FLORIDA TAX ADVISORY LLC,2,FY2024_Q4
CUTAWAY INC.,2,FY2024_Q4
"GROOVE LIFE MANAGED SERVICES, LLC",2,FY2024_Q4
FIELDWORKS SOLUTIONS,2,FY2024_Q4
ALVA MANUFACTURING INC.,2,FY2024_Q4
"BM FL USA, LLC",2,FY2024_Q4
AKDO INTERTRADE INC.,2,FY2024_Q4
APTEKA RX INC,2,FY2024_Q4
"AON RISK SERVICES, INC. OF MARYLAND",2,FY2024_Q4
CHENMED LLC,2,FY2024_Q4
"BLUE LOTUS SYSTEMS, INC",2,FY2024_Q4
APPLIED MEDICAL RESOURCES CORPORATION,2,FY2024_Q4
"APEX TECHNOLOGY GROUP, INC.",2,FY2024_Q4
4 PEAKS BUSINESS SOLUTION LLC,2,FY2024_Q4
APPTAD INC,2,FY2024_Q4
"APOGEE MEDICAL GROUP, PENNSYLVANIA, PC",2,FY2024_Q4
BBDO,2,FY2024_Q4
AVIVA WHOLESALE INC.,2,FY2024_Q4
BSH HOME APPLIANCES CORPORATION,2,FY2024_Q4
ABSOLUTE SECURITY INTERNATIONAL INC.,2,FY2024_Q4
"BEARING DISTRIBUTORS, INC.",2,FY2024_Q4
CONTINUUMCLOUD LLC,2,FY2024_Q4
BROWN UNIVERSITY,2,FY2024_Q4
"BAKER CONCRETE CONSTRUCTION, INC.",2,FY2024_Q4
BAUMANN CONSULTING INC.,2,FY2024_Q4
DEBORAH WECSELMAN DESIGN INC,2,FY2024_Q4
BEAN SPROUT ASIAN CUISINE,2,FY2024_Q4
BENNYS GRILL OF DECATUR INC.,2,FY2024_Q4
DESEE FOOD LLC DBA SHADMAN RESTAURANT,2,FY2024_Q4
"CERIJONS HOMES, INC.",2,FY2024_Q4
DEUTSCHE BANK,2,FY2024_Q4
EQUITY ADVISORS GROUP INC,2,FY2024_Q4
"BELLE SOD COMPANY, LLC",2,FY2024_Q4
"HITACHI ASTEMO AMERICAS, INC.",2,FY2024_Q4
"FGQOZB, LLC",2,FY2024_Q4
GRANITE CONSTRUCTION COMPANY,2,FY2024_Q4
"KOLLECTIVE INFLUENCE, INC.",2,FY2024_Q4
"MINDLANCE, INC",2,FY2024_Q4
"LOGICGATE TECHNOLOGIES, INC.",2,FY2024_Q4
TTEC DIGITAL LLC,2,FY2024_Q4
INEIGHT INC.,2,FY2024_Q4
"GREENBOX LOANS, INC.",2,FY2024_Q4
CHARTWAY FEDERAL CREDIT UNION,2,FY2024_Q4
GSK SOLUTIONS INC,2,FY2024_Q4
CROWD SOFTWARE CONSULTING LLC,2,FY2024_Q4
HYPER LABS INC.,2,FY2024_Q4
EPATHUSA INC.,2,FY2024_Q4
"CLOUDSOL TECHNOLOGIES, INC",2,FY2024_Q4
IMCS GROUP INC,2,FY2024_Q4
"IAINNOVATION ASSOCIATES, INC",2,FY2024_Q4
"CHARTBOOST, INC.",2,FY2024_Q4
DATUM SOFTWARE INC,2,FY2024_Q4
"FUGRO USA MARINE, INC.",2,FY2024_Q4
"E2 CONSULTING ENGINEERS, INC.",2,FY2024_Q4
"HDR ENGINEERING, INC. OF THE CAROLINAS",2,FY2024_Q4
TRISTAR DEVELOPING INC,2,FY2024_Q4
PHENOMEX INC.,2,FY2024_Q4
DEMING PUBLIC SCHOOLS,2,FY2024_Q4
HAMPTON COUNTY SCHOOL DISTRICT,2,FY2024_Q4
"ENK APPAREL, INC.",2,FY2024_Q4
JBAENS CORP,2,FY2024_Q4
EMF FLORES LLC,2,FY2024_Q4
"FAT FREE, INC",2,FY2024_Q4
ITM LANDSCAPING,2,FY2024_Q4
DELTA PAINTING CAPE INC.,2,FY2024_Q4
ALTERWOOD HEALTH MANAGEMENT COMPANY,2,FY2024_Q4
INTERCONTINENTAL GREAT BRANDS LLC,2,FY2024_Q4
"BOLIDE TECHNOLOGY GROUP, INC.",2,FY2024_Q4
"AUTOCAR, LLC",2,FY2024_Q4
INTELLO GROUP INC.,2,FY2024_Q4
CALTEK SOLUTIONS INC.,2,FY2024_Q4
CONNEXIONS DATA INC.,2,FY2024_Q4
"EMERGENCY CARE MANAGEMENT, LLC",2,FY2024_Q4
"CORELIGHT, INC.",2,FY2024_Q4
IMR SOFT LLC,2,FY2024_Q4
BRANDEIS UNIVERSITY,2,FY2024_Q4
INTELLIHOT INC,2,FY2024_Q4
"GREAT PLAINS MANUFACTURING, INC.",2,FY2024_Q4
"UNIC PRO, INC",2,FY2024_Q4
DELTA PROFESSIONAL CLEANING,2,FY2024_Q4
GUY KOEHL,2,FY2024_Q4
AMERICAN SECURITIES LLC,2,FY2024_Q4
FRED HUTCHINSON CANCER CENTER,2,FY2024_Q4
GOOD ONE TRADING,2,FY2024_Q4
"DJO, LLC",2,FY2024_Q4
CEROTID INC,2,FY2024_Q4
"ICON IT GROUP,INC",2,FY2024_Q4
BLUCAPSOFT LLC,2,FY2024_Q4
"DEPT DIGITAL PRODUCTS, INC",2,FY2024_Q4
FREEDOM CONSTRUCTION USA LLC,2,FY2024_Q4
IRISNDT INC.,2,FY2024_Q4
DAEHAN SOLUTION NEVADA,2,FY2024_Q4
"INGENUS PHARMACEUTICALS, NJ, LLC",2,FY2024_Q4
EASTERN NEW MEXICO UNIVERSITY,2,FY2024_Q4
DRAKE UNIVERSITY,2,FY2024_Q4
"MARS WRIGLEY CONFECTIONERY US, LLC",2,FY2024_Q4
"CHA HEALTH SYSTEMS, INC.",2,FY2024_Q4
HERITAGE PHARMA LABS INC,2,FY2024_Q4
CHANNEL CONTROL MERCHANTS,2,FY2024_Q4
CHUNG  BLUE INC,2,FY2024_Q4
"LA SCUOLA DITALIA GALILEO GALILEI, INC",2,FY2024_Q4
INDEGENE INC,2,FY2024_Q4
"ECOLAB USA, INC,",2,FY2024_Q4
CPA GLOBAL NORTH AMERICA LLC,2,FY2024_Q4
"CLUTCHPOINT, LLC",2,FY2024_Q4
CUPERTINO ELECTRIC INC.,2,FY2024_Q4
"CYCLOTRON, INC.",2,FY2024_Q4
INFOWAY SOLUTIONS LLC,2,FY2024_Q4
ILOGIC INC,2,FY2024_Q4
"HIGHRES BIOSOLUTIONS, INC.",2,FY2024_Q4
FRANK BACON MACHINERY SALES CO.,2,FY2024_Q4
"HYUNDAI AMERICA TECHNICAL CENTER, INC.",2,FY2024_Q4
GATIK AI,2,FY2024_Q4
FAIRFIELD UNIVERSITY,2,FY2024_Q4
KIDS ISLAND LEARNING CENTER II,2,FY2024_Q4
AVERA HOLY FAMILY,2,FY2024_Q4
LA FONTAINE FOOD,2,FY2024_Q4
H  J TAKHAR LLC,2,FY2024_Q4
ISO1ST LLC,2,FY2024_Q4
DOERRS TRAILERS LLC,2,FY2024_Q4
GLOBAL GREENLIGHT INC,2,FY2024_Q4
"HATCHET FARMS, GEN PTR",2,FY2024_Q4
CCTEKNOLOGIES INC.,2,FY2024_Q4
ALVARADO REAL ESTATE GROUP INC,2,FY2024_Q4
FIREWOOD MARKETING INC.,2,FY2024_Q4
"ECOENERGY, LLC",2,FY2024_Q4
FINSOFT CONSULTANTS INC.,2,FY2024_Q4
"ACCELERIZE 360, INC",2,FY2024_Q4
LEARNBEYOND CONSULTING LLC,2,FY2024_Q4
"MATRIXCARE, INC",2,FY2024_Q4
"CORGAN ASSOCIATES, INC.",2,FY2024_Q4
"L.A. FUESS PARTNERS, INC.",2,FY2024_Q4
LAURENS COUNTY SCHOOL DISTRICT 55,2,FY2024_Q4
CHOWCHILLA ELEMENTARY SCHOOL DISTRICT,2,FY2024_Q4
"HOLYOKE MEDICAL CENTER, INC.",2,FY2024_Q4
CONCORD HOSPITAL,2,FY2024_Q4
"EL CAMPESINO OF CLEVELAND, INC",2,FY2024_Q4
"FOGGY FROG CHESAPEAKE, INC.",2,FY2024_Q4
EKLOTHO INC,2,FY2024_Q4
"LEDESMA FORESTRY SERVICES,LLC",2,FY2024_Q4
GEORGE TODD POLING,2,FY2024_Q4
SIERRA WETZ LLC,2,FY2024_Q4
"FIRST CAPITOL CONSULTING, INC.",2,FY2024_Q4
KRAFT HEINZ FOODS COMPANY,2,FY2024_Q4
"PODS ENTERPRISES, LLC",2,FY2024_Q4
MILKY WAY INTERNATIONAL TRADING CORP.,2,FY2024_Q4
"LILAC COMMUNICATIONS, INC.",2,FY2024_Q4
EDETEK INC.,2,FY2024_Q4
"DISYS SOLUTIONS, INC.",2,FY2024_Q4
"THE UNIVERSITY OF BRIDGEPORT, INC.",2,FY2024_Q4
KC SYNERGY SOLUTIONS,2,FY2024_Q4
KENNECOTT UTAH COPPER LLC,2,FY2024_Q4
EGGER WOOD PRODUCTS,2,FY2024_Q4
NEXTGEN GLOBAL RESOURCES LLC,2,FY2024_Q4
FRESNO COUNCIL OF GOVERNMENTS,2,FY2024_Q4
KENNESAW STATE UNIVERSITY,2,FY2024_Q4
REACHING ALL MINDS ACADEMY,2,FY2024_Q4
LIANGS CORPORATION,2,FY2024_Q4
KRUA THAI LLC,2,FY2024_Q4
KSM HAPPY FOOD INC,2,FY2024_Q4
"L  K TREE  SHRUB, INC.",2,FY2024_Q4
NY CONNECTION INC.,2,FY2024_Q4
"JET ACCESS TEAM SOLUTIONS, LLC",2,FY2024_Q4
"O SEAN PARK, INC DBA BEAUTYMASTER",2,FY2024_Q4
UNITED TALENT AGENCY,2,FY2024_Q4
"SODEXO, INC.",2,FY2024_Q4
"MODULAR MINING SYSTEMS, INC.",2,FY2024_Q4
UNIQUEKEYRESOURCES INC,2,FY2024_Q4
ECHO IT SOLUTIONS INC,2,FY2024_Q4
MIDTRONICS,2,FY2024_Q4
"VAIL SYSTEMS, INC.",2,FY2024_Q4
MASTER COMPLIANCE,2,FY2024_Q4
MOJO SOLUTIONS AND SERVICE MSS LLC,2,FY2024_Q4
"LNW GAMING, INC.",2,FY2024_Q4
OTIS TECHNOLOGY LLC,2,FY2024_Q4
YERRALPHA LLC,2,FY2024_Q4
"LAKESHORE LEARNING MATERIALS, LLC",2,FY2024_Q4
"NAN, INC.",2,FY2024_Q4
UNIVERSITY OF NEBRASKA AT OMAHA,2,FY2024_Q4
UNIVERSITY OF MASSACHUSETTS AMHERST,2,FY2024_Q4
MIAMI BEACH CHC,2,FY2024_Q4
SYRINGA HOSPITAL DISTRICT,2,FY2024_Q4
MOSCATIELLOS ITALIAN FAMILY RESTAURANT,2,FY2024_Q4
THAI ME,2,FY2024_Q4
DOWCO ENTERPRISES INC.,2,FY2024_Q4
MARION LANDSCAPING,2,FY2024_Q4
EAGLE EYES SERVICES LLC,2,FY2024_Q4
JOGAH LLC,2,FY2024_Q4
THE CARIAN GROUP CORPORATION,2,FY2024_Q4
PROTAGOLABS INC.,2,FY2024_Q4
"TELENAV, INC.",2,FY2024_Q4
"MICHAEL H. LESTER, JD CPA BUSINESS MANAGEMENT",2,FY2024_Q4
NOVALINK SOLUTIONS,2,FY2024_Q4
SSA SOFT LLC,2,FY2024_Q4
THE SCOTTS COMPANY LLC,2,FY2024_Q4
"MICROINFO, INC.",2,FY2024_Q4
TECHNOVISION SOLUTION LLC,2,FY2024_Q4
PEAPOD DIGITAL LABS LLC,2,FY2024_Q4
QUALSOFT INC,2,FY2024_Q4
RADIANT INNOVATIVE INC,2,FY2024_Q4
GEORGIAPACIFIC CONSUMER OPERATIONS LLC,2,FY2024_Q4
TEXAS HEALTH RESOURCES,2,FY2024_Q4
"RAPID PRECISION MFG., INC",2,FY2024_Q4
"UNITED HOSPITAL CENTER, INC",2,FY2024_Q4
EMCB ENTERRISE LLC,2,FY2024_Q4
"PEARL  PLOY ENTERPRISES,LLC",2,FY2024_Q4
"THAI LOTUS RESTAURANT, LLC",2,FY2024_Q4
"THAI WARRENTON, INC.",2,FY2024_Q4
"TINAF, LLC",2,FY2024_Q4
"OLIVE  STONE, INC.",2,FY2024_Q4
SCX BUSINESS SOLUTION LLC,2,FY2024_Q4
"OLSEN CUSTOM FARMS, LLC",2,FY2024_Q4
ST. CLAIR PLANTING COMPANY,2,FY2024_Q4
THE SAK COMPANY LLC,2,FY2024_Q4
SWEENEY COMPANY LLC,2,FY2024_Q4
"SUMMIT FARMS, LLC",2,FY2024_Q4
STELLAR DEVELOPMENT FOUNDATION,2,FY2024_Q4
"GANDIA BLASCO USA, INC.",2,FY2024_Q4
"GILBARCO, INC.",2,FY2024_Q4
RELIABLE SOFTWARE RESOURCES INC,2,FY2024_Q4
SIM INFOTECH INC.,2,FY2024_Q4
VIGNESH TECHNOLOGICAL SOLUTIONS INC,2,FY2024_Q4
YOTTA SYSTEMS INC,2,FY2024_Q4
STELLAR CYBER,2,FY2024_Q4
"REGULATORY DATACORP, INC.",2,FY2024_Q4
"OPTICSPLANET, INC.",2,FY2024_Q4
UNIVERSITY OF ST THOMAS,2,FY2024_Q4
RAGAN CONSULTING SOLUTIONS LLC,2,FY2024_Q4
"MECHANICAL ONE, LLC",2,FY2024_Q4
RENAISSANCE MEDICAL FOUNDATION,2,FY2024_Q4
"MERCY CLINICS, INCORPORATED",2,FY2024_Q4
TAZA LLC,2,FY2024_Q4
THIPSAENG CORP,2,FY2024_Q4
STONEBRIDGE OUTDOOR LLC,2,FY2024_Q4
"RICHEMONT NORTH AMERICA, INC.",2,FY2024_Q4
"RELEX SOLUTIONS, INC",2,FY2024_Q4
"SOFTCOM SYSTEMS, INC.",2,FY2024_Q4
SYNECTIKS INC,2,FY2024_Q4
CLOUD ACT LLC,2,FY2024_Q4
TEKORION,2,FY2024_Q4
NEOAGE SERVICES LLC,2,FY2024_Q4
TEK SPIKES LLC,2,FY2024_Q4
"OPTIMAL SATCOM, INC.",2,FY2024_Q4
THINKLUSIVE INC,2,FY2024_Q4
RIDGE BUSINESS SOLUTIONS LLC,2,FY2024_Q4
SHOPIFY USA INC.,2,FY2024_Q4
"OPTIMUS HEALTH ANALYTICS, LLC",2,FY2024_Q4
TIC  THE INDUSTRIAL COMPANY,2,FY2024_Q4
"UNIVERSITY OF CALIFORNIA, IRVINE",2,FY2024_Q4
TOOELE COUNTY SCHOOL DISTRICT,2,FY2024_Q4
THE BEACHWOOD,2,FY2024_Q4
PMY CONSTRUCTION CORP.,2,FY2024_Q4
QUOTEWIZARD,2,FY2024_Q4
YISHENG US BIOPHARMA INC.,2,FY2024_Q4
"ADMERASIA, INC.",2,FY2024_Q4
"US TIGER SECURITIES, INC.",2,FY2024_Q4
UNIVERSAL IT PROFESSIONALS LLC,2,FY2024_Q4
TERBIUM TECHNOLOGIES INC,2,FY2024_Q4
CLOUDYWING TECHNOLOGIES,2,FY2024_Q4
SNAPSHEET,2,FY2024_Q4
"TRIGYN TECHNOLOGIES, INC.",2,FY2024_Q4
"THE CHILDRENS PLACE SERVICES COMPANY, LLC",2,FY2024_Q4
TRANSUNION INTERACTIVE INC.,2,FY2024_Q4
PILOT TECHNOLOGIES LLC.,2,FY2024_Q4
"PFANSTIEHL, INC.",2,FY2024_Q4
NUCOR CORPORATION,2,FY2024_Q4
PLCS PLUS INTERNATIONAL INC.,2,FY2024_Q4
TRUSORT FASTENER SERVICES LLC,2,FY2024_Q4
"SNK AMERICA, INC.",2,FY2024_Q4
UNIVERSITY OF NORTH CAROLINA AT PEMBROKE,2,FY2024_Q4
THE BRITISH INTERNATIONAL SCHOOL OF NEW YORK,2,FY2024_Q4
PIONEER CHARTER SCHOOL OF SCIENCE II,2,FY2024_Q4
SUVETO VETERINARY TX PLLC,2,FY2024_Q4
PINHEIROS CLEANING,2,FY2024_Q4
"UNIGROUP, C.A.",2,FY2024_Q4
"WIT,INC",2,FY2024_Q4
MAHANTECH CORPORATION,2,FY2024_Q4
"V3IT CONSULTING, INC",2,FY2024_Q4
PSKW LLC,2,FY2024_Q4
WINDSUN TECHNOLOGIES INC.,2,FY2024_Q4
LUMERA INC,2,FY2024_Q4
UGAM SOLUTIONS INC,2,FY2024_Q4
"MAGNA EXTERIORS AMERICA HOLDINGS, INC.",2,FY2024_Q4
"TUCCI LEARNING SOLUTIONS, INC.",2,FY2024_Q4
TORYS LLP,2,FY2024_Q4
WITHY INC,2,FY2024_Q4
MAES HOME INC,2,FY2024_Q4
"HALE KUPUNA HERITAGE HOME, LLC",2,FY2024_Q4
WOW SPA NAILS INC.,2,FY2024_Q4
MABUHAY CHILDCARE  LEARNING CENTER L.L.C.,2,FY2024_Q4
PAJOLLARI LLC,2,FY2024_Q4
WOLF RUN FARMS,2,FY2024_Q4
RAMIRO D CASTILLO,2,FY2024_Q4
"UNIFY SYSTEMS, INC.",2,FY2024_Q4
QUADPAY INC,2,FY2024_Q4
UNIV OF MASSACHUSETTS CHAN MEDICAL SCHOOL,2,FY2024_Q4
"ULTIMA GENOMICS, INC.",2,FY2024_Q4
UNITED VETERINARY CARE TX PLLC,2,FY2024_Q4
UNIT FASHION INC,2,FY2024_Q4
"SAMORUKOVA  SHABETAYEV, P.A.",2,FY2024_Q4
"VITUITY  VIRGINIA, PLLC",2,FY2024_Q4
MAIN RESTAURANTS INC,2,FY2024_Q4
UMAMI CONCEPTS LLC DBA JINYA RAMEN BAR,2,FY2024_Q4
UMC GROUP USA,2,FY2024_Q4
"VD AUTO TRANSPORT, INC",2,FY2024_Q4
SVG GROUP LLC,2,FY2024_Q4
"SAR TECH, LLC",2,FY2024_Q4
"Z3 TECHNOLOGIES,INC",2,FY2024_Q4
WIZNI INC,2,FY2024_Q4
VIAC SERVICES COMPANY,2,FY2024_Q4
"SELBERG ASSOCIATES, INC.",2,FY2024_Q4
WILSON LAW GROUP LLC,2,FY2024_Q4
K  R LAWN AND LANDSCAPING,2,FY2024_Q4
"SCHENKER, INC",2,FY2024_Q4
W3GLOBAL INC,2,FY2024_Q4
ICONIX LABS INC,2,FY2024_Q4
TRXADE HEALTH INC.,2,FY2024_Q4
"SMX SERVICES AND CONSULTING, INC",2,FY2024_Q4
VTCU CORP.,2,FY2024_Q4
"SMALLWOOD, REYNOLDS, STEWART, STEWART  ASSOC, INC",2,FY2024_Q4
TUTTI SANTI II LLC,2,FY2024_Q4
SISTER FOOD INC,2,FY2024_Q4
WHISPERING CREEK LLC,2,FY2024_Q4
"SHIRO TECHNOLOGIES, LLC",2,FY2024_Q4
IN TIME TEC,2,FY2024_Q4
INGENUITY STUDIOS LLC,2,FY2024_Q4
"SHERPAS, LLC",2,FY2024_Q4
SCHENE ENTERPRISES INCORPORATED,2,FY2024_Q4
ZINPRO,2,FY2024_Q4
"NUVASIVE, INC",2,FY2024_Q4
"NORTH MISSISSIPPI MEDICAL CENTER, INC.",2,FY2024_Q4
WEERA FOOD LLC DBA WEERA THAI KITCHEN,2,FY2024_Q4
GARCIAS CONCRETE WORKS,2,FY2024_Q4
"MORENO LANDSCAPING, LLC",2,FY2024_Q4
TACO BELL CORP.,2,FY2024_Q4
POPE KEROLOS INC.,2,FY2024_Q4
"DINUNZIO LANDSCAPING  SNOW PLOWING, INC.",2,FY2024_Q4
"JTC FARM, LLC.",2,FY2024_Q4
S  S WIRELESS ZONE INC DBA VAPE CITY,2,FY2024_Q4
S9 TECHNOLOGIES INC,2,FY2024_Q4
SABYDEE LLC. DBA SABYE THAI STREET FOOD,2,FY2024_Q4
PEACOCK LLC,2,FY2024_Q4
POKE OF GURNEE INC.,2,FY2024_Q4
SAGATIANZ INC,2,FY2024_Q4
SAK DEVELOPERS LLC,2,FY2024_Q4
"MUNDO NUEVO USA LOGISTICS, LLC",2,FY2024_Q4
COOPER LIGHTING LLC,2,FY2024_Q4
MYERS PRO AG INC.,2,FY2024_Q4
"ANGELOTTA LANDSCAPE ASSOCIATES, LLC",2,FY2024_Q4
KLAUSPENNER INC,2,FY2024_Q4
TESSAS PLACE INC.,2,FY2024_Q4
247 RESTORATION PRO CORP,2,FY2024_Q4
FIREEYE SECURITY HOLDINGS US LLC,2,FY2024_Q4
ZITRIOM LLC,2,FY2024_Q4
"WR. CARLSON ROOFING SPECIALISTS, INC.",2,FY2024_Q4
WEST GLENN MANNER INC,2,FY2024_Q4
"FLEXIVAN LEASING, LLC",2,FY2024_Q4
SISER NORTH AMERICA,1,FY2024_Q4
DENSO TEN AMERICA LIMITED,1,FY2024_Q4
"CTBC BANK CO., LTD.",1,FY2024_Q4
INTERSECT ENT,1,FY2024_Q4
SIVRI RESTAURANT LLC DBA BLACK OLIVES FAMILY DINER,1,FY2024_Q4
"THE HVAC EXCHANGE, INC.",1,FY2024_Q4
"SOUTHERN CARPET HARDWOOD  TILE, INC.",1,FY2024_Q4
"RDD FREIGHT INTERNATIONAL LA, INC.",1,FY2024_Q4
"REID  REID CPA, PC",1,FY2024_Q4
ADELFIA LLC,1,FY2024_Q4
"BRINKS, INCORPORATED",1,FY2024_Q4
CAAS CAPITAL MANAGEMENT LP,1,FY2024_Q4
ATLASSIAN INC.,1,FY2024_Q4
CALSOFT LABS INC,1,FY2024_Q4
BRUKER BIOSPIN,1,FY2024_Q4
SHIPWELL INC.,1,FY2024_Q4
HAIER US APPLIANCE SOLUTIONS INCDBA GE APPLIANCES,1,FY2024_Q4
SPECTROSYS SOLUTIONS INC,1,FY2024_Q4
APTIVA CORP,1,FY2024_Q4
ENVIRTA TECHNOLOGIES LLC,1,FY2024_Q4
SCADEA SOLUTIONS INC.,1,FY2024_Q4
WAYLAND PIE INC. DBA DOMINOS PIZZA,1,FY2024_Q4
DATA CAPITAL INC,1,FY2024_Q4
ELISE A.I. TECHNOLOGIES CORP DBA MEETELISE,1,FY2024_Q4
"SOLEO COMMUNICATIONS, INC",1,FY2024_Q4
VOTO CONSULTING LLC,1,FY2024_Q4
DIGITAL TERRAIN INC.,1,FY2024_Q4
"BLUE LINE FOODSERVICE DISTRIBUTION, INC.",1,FY2024_Q4
XCERRA CORPORATION,1,FY2024_Q4
AMBIQ MICRO INC.,1,FY2024_Q4
"BUTTON TECH, INC.",1,FY2024_Q4
"MATICIAN, INC.",1,FY2024_Q4
"BORA ARCHITECTS, INC. AKAABN BORA ARCHITECTURE",1,FY2024_Q4
INGENIUS LLC,1,FY2024_Q4
CENTRAL WASHINGTON UNIVERSITY,1,FY2024_Q4
RED LION PUB RESTAURANT GROUP LLC,1,FY2024_Q4
"MERCY CLINIC OKLAHOMA COMMUNITIES, INC",1,FY2024_Q4
"HARBIN CLINIC CARDIOTHORACIC ASSOCIATES, LLC",1,FY2024_Q4
BROWN MEDICINE,1,FY2024_Q4
ADVENTIST HEALTH SYSTEM  DBA ADVENTHEALTH CELEBR,1,FY2024_Q4
AMINA THAI CORPORATION,1,FY2024_Q4
"THE SAVAGE GROUP, LLC",1,FY2024_Q4
"HM LANDSCAPING CO., INC.",1,FY2024_Q4
YURY VALASIUK,1,FY2024_Q4
"CANONICAL USA, INC",1,FY2024_Q4
"BONJOUR WESTON, LLC",1,FY2024_Q4
NOVA REHAB CORPORATION,1,FY2024_Q4
YEN MUOI CORPORATION,1,FY2024_Q4
ANDRADE LAW FIRM PA,1,FY2024_Q4
AGRIAIR INC,1,FY2024_Q4
RUIZ CONSTRUCTION INCORPORATED,1,FY2024_Q4
"RESTORTECH, INC.",1,FY2024_Q4
EUROCHEF LLC TA BELGA CAFE,1,FY2024_Q4
"VALBRI GROUP TRUCKING, LLC",1,FY2024_Q4
ALL CALIFORNIA FENCING,1,FY2024_Q4
UBAE LLC,1,FY2024_Q4
READY PAC PRODUCE INC.,1,FY2024_Q4
VEND GOGH,1,FY2024_Q4
TERRA CORAL LLC,1,FY2024_Q4
"ORCA TRUCK LINE, LLC",1,FY2024_Q4
CNC LUMBER LTD.,1,FY2024_Q4
"SHAW WALKER LA, LLC",1,FY2024_Q4
ROYAL MARBLE AND GRANITE LLC,1,FY2024_Q4
HOUSTON TERMINAL LLC,1,FY2024_Q4
PROPAC CORP.,1,FY2024_Q4
DOCTORS NOW LLC,1,FY2024_Q4
IN BONDS IMPORT  EXPORT,1,FY2024_Q4
DISPLAY.IO INC.,1,FY2024_Q4
"LUXURY RENTALS MIAMI BEACH, INC.",1,FY2024_Q4
SUNDAY HOTELS INC,1,FY2024_Q4
"EVERBRIDGE, INC.",1,FY2024_Q4
"KLICHS, LLP",1,FY2024_Q4
EMMONS HOSPITALITY MANAGEMENT LLC,1,FY2024_Q4
"HOLLYWOOD FOREVER,INC",1,FY2024_Q4
"AMERIGUARD MAINTENANCE SERVICE, LLC",1,FY2024_Q4
ANKERPAK LLC,1,FY2024_Q4
"SLIM CD, INC",1,FY2024_Q4
GD INFOTEK LLC,1,FY2024_Q4
"AMERIT FLEET SOLUTIONS, INC.",1,FY2024_Q4
KINECTA FEDERAL CREDIT UNION,1,FY2024_Q4
CLUB BENCHMARKING LLC,1,FY2024_Q4
"OUTWARD, INC.",1,FY2024_Q4
FMT CONSULTANTS,1,FY2024_Q4
HORIZON BLUE CROSS BLUE SHIELD OF NEW JERSEY,1,FY2024_Q4
"QC CONSULTING GROUP, LLC",1,FY2024_Q4
"ABAL TECHNOLOGIES, INC",1,FY2024_Q4
"FACILITY INTERIORS, INC.",1,FY2024_Q4
IMC COMPANIES,1,FY2024_Q4
NEIMAN MARCUS GROUP,1,FY2024_Q4
ESSENCE GROUP HOLDINGS CORPORATION,1,FY2024_Q4
DECISION RESOURCES LLC,1,FY2024_Q4
ACXIOM CORPORATION,1,FY2024_Q4
URBAN HEIGHTS CONSTRUCTIONS LLC,1,FY2024_Q4
"FLANDERS ELECTRIC MOTOR SERVICE, INC.",1,FY2024_Q4
"RAYPAK, INC.",1,FY2024_Q4
TISHCON CORP,1,FY2024_Q4
RAPID DX LABORATORY LLC,1,FY2024_Q4
ASIAN COUNSELING AND REFERRAL SERVICE,1,FY2024_Q4
FAMILIA DENTAL SPRINGFIELD LLC,1,FY2024_Q4
INDIANA UNIVERSITY HEALTH BALL MEMORIAL PHYSICIANS,1,FY2024_Q4
662 FULTON STREET RESTAURANT CORP.,1,FY2024_Q4
PRO BOXING SUPPLIES INC.,1,FY2024_Q4
"RICCIARDI MARBLE  GRANITE, INC.",1,FY2024_Q4
PLUS MATERIALS INC,1,FY2024_Q4
AASTAFFINGSOLUTIONS,1,FY2024_Q4
FRANCISCA CHICKEN LLC,1,FY2024_Q4
"FELLOWSHIP KOMBUCHA, LLC",1,FY2024_Q4
ANTON COOP ASSOCIATION,1,FY2024_Q4
"FIORES GROUP, LLC",1,FY2024_Q4
"AA BUILDING AND REMODELING, INC.",1,FY2024_Q4
"TERRACARE ASSOCIATES, LLC",1,FY2024_Q4
"AMERICAN COLORS, INC",1,FY2024_Q4
IVXS TECHNOLOGY USA INC,1,FY2024_Q4
INTERNATIONAL SOS,1,FY2024_Q4
ARIADNE SOFTWARE LLC,1,FY2024_Q4
"INTERVENTIONAL PAIN  SPINE SPECIALISTS, PLLC",1,FY2024_Q4
"INFINITY HEALTHCARE SOLUTIONS, LLC",1,FY2024_Q4
REDBURN USA LLC,1,FY2024_Q4
"LINK LAKEWOOD, INC.",1,FY2024_Q4
"SCHUMACHER CARGO LOGISTICS, INC.",1,FY2024_Q4
AUSTIN COMMERCIAL L.P.,1,FY2024_Q4
"CLIECON SOLUTIONS, INC.",1,FY2024_Q4
LADDARAN MANAGEMENT CORP,1,FY2024_Q4
RX CARE SPECIALTY PHARMACY LLC,1,FY2024_Q4
"ARCHIE TECHNOLOGIES, INC.",1,FY2024_Q4
USAGAIN LLC,1,FY2024_Q4
QUALITY TOPS INC,1,FY2024_Q4
"HYPOLUXO GAS STATION, LLC.",1,FY2024_Q4
LIEN PHAT  CO LTD,1,FY2024_Q4
AKJAY INTERNATIONAL LLC,1,FY2024_Q4
"ACCOUNTING AND TAX ASSOCIATES, LLC",1,FY2024_Q4
INTEGRAL CPAS  ASSOCIATES INC.,1,FY2024_Q4
AZARIA FINANCIAL GROUP LLC,1,FY2024_Q4
HORIZON ACCOUNTING INC,1,FY2024_Q4
"PLAYA MANAGEMENT USA, LLC",1,FY2024_Q4
"THE REAL CAPITAL, LP.",1,FY2024_Q4
ICROSS FUND INC.,1,FY2024_Q4
GENUINE PARTS COMPANY,1,FY2024_Q4
JOHNSON  JOHNSON,1,FY2024_Q4
RANGAM CONSULTANTS INC.,1,FY2024_Q4
CLOUD EPA LLC,1,FY2024_Q4
XECTA DIGITAL LABS LTD,1,FY2024_Q4
ROUTEONE,1,FY2024_Q4
SIGNATURE COMMERCIAL SOLUTIONS LLC,1,FY2024_Q4
"SEVATEC, INC.",1,FY2024_Q4
"BRIGHTHIRE SEARCH PARTNERS, INC.",1,FY2024_Q4
STARTUPDEVS INC DBA DIAMOND WEB SERVICES,1,FY2024_Q4
"HOUSECANARY, INC.",1,FY2024_Q4
RAKOTY LLC,1,FY2024_Q4
AMERICAN WOODMARK CORPORATION,1,FY2024_Q4
CIO LANDING INC.,1,FY2024_Q4
J2 CLOUD SERVICES LLC,1,FY2024_Q4
HISCOX INC.,1,FY2024_Q4
CLARA ANALYTICS,1,FY2024_Q4
SOUTHERN CALIFORNIA STATE UNIVERSITY,1,FY2024_Q4
"RESMED, INC.",1,FY2024_Q4
"HILTI FIELDWIRE, INC.",1,FY2024_Q4
TAL SEARCH GROUP INC.,1,FY2024_Q4
"INSPIRA, INC.",1,FY2024_Q4
LCD WEALTH MANAGEMENT LLC.,1,FY2024_Q4
MERCK SHARP  DOHME CORP,1,FY2024_Q4
CAREOREGON INC,1,FY2024_Q4
BELLECCI  ASSOCIATES INC,1,FY2024_Q4
CHEP INTERNATIONAL LLC,1,FY2024_Q4
ALABAMA PLATING TECHNOLOGY,1,FY2024_Q4
"ARIEL PREMIUM SUPPLY, INC.",1,FY2024_Q4
ANDRITZ SEPARATION INC.,1,FY2024_Q4
LM DESIGN  ASSOCIATES INC.,1,FY2024_Q4
"MARIN ARCHITECTS, P.C.",1,FY2024_Q4
AROMA ORCHIDS OF ROWLAND HEIGHTS,1,FY2024_Q4
"SEER, INC.",1,FY2024_Q4
"MISSION BIO, INC.",1,FY2024_Q4
CD BIOSCIENCES INC,1,FY2024_Q4
NATURES VALUE INC,1,FY2024_Q4
"QUOTIENT SCIENCES  MIAMI, INC.",1,FY2024_Q4
"AQUATECH MARINE SERVICES, INC.",1,FY2024_Q4
ASQUAN USA INC,1,FY2024_Q4
ALISSA JOHNSON INTERIORS,1,FY2024_Q4
"UNIVISION INTERACTIVE MEDIA, INC.",1,FY2024_Q4
ARCBERING CONSULTING LLC,1,FY2024_Q4
"MOORE  VAN ALLEN, PLLC",1,FY2024_Q4
"SJ MEDICAL CENTER, LLC DBA ST. JOSEPH M.C.",1,FY2024_Q4
ANESTHESIA AND PAIN MANAGEMENT LLC,1,FY2024_Q4
LIFEHOUSE SAN DIEGO OPERATIONS DBA THE SHORES POST,1,FY2024_Q4
US ROTONDE FB LLC,1,FY2024_Q4
CHEF XIONG RESTAURANT,1,FY2024_Q4
SIAM NOODLES AND FOOD,1,FY2024_Q4
"APOLLONIA RESTAURANT, LLC",1,FY2024_Q4
XZH II INC,1,FY2024_Q4
KWONBROTHERS LLC DBA SUSHI 7,1,FY2024_Q4
"JJP ENTERPRISES, INC., DBA SERVPRO OF LEXINGTON",1,FY2024_Q4
"WATERTOWN GOLF CLUB, INC.",1,FY2024_Q4
"LANCASTER HOSPITALITY, LLC",1,FY2024_Q4
US PEST INC,1,FY2024_Q4
MICHELLE REAMY,1,FY2024_Q4
MARK HARRISON,1,FY2024_Q4
CHRISTINA MARIA BROXTERMAN,1,FY2024_Q4
"KKRM, LLC",1,FY2024_Q4
S DEURA INC,1,FY2024_Q4
SHAHMEER HISSAN INC,1,FY2024_Q4
ZEST TREE INC,1,FY2024_Q4
"SDW MANAGEMENT, INC.",1,FY2024_Q4
LUXURY KITCHEN GRANITE TOP INC,1,FY2024_Q4
MV TAX AND INSURANCE PROS INC,1,FY2024_Q4
LE JOLI VISAGE,1,FY2024_Q4
INSIGHT GB INCORPORATED,1,FY2024_Q4
"LAW OFFICE OF IRINA SARKISYAN, INC.",1,FY2024_Q4
"ALIANA ANIMAL HOSPITAL ,INC",1,FY2024_Q4
"RESTORE PLUS PHYSICAL THERAPY  REHABILITATION,PLL",1,FY2024_Q4
ARGO GROWTH CORP.,1,FY2024_Q4
NORTHERN NURSERY INC.,1,FY2024_Q4
"RB STOUT, INC.",1,FY2024_Q4
ARGO GLASS  WINDOWS,1,FY2024_Q4
"AB REMODELING, INC.",1,FY2024_Q4
THE PAVER INSTALLER,1,FY2024_Q4
ANNEX SOLAR ELECTRIC CORP. DBA HENO ELECTRICAL SVC,1,FY2024_Q4
"M.O. GENERAL CONTRACTOR, INC.",1,FY2024_Q4
"MAF INDUSTRIES, INC.",1,FY2024_Q4
WEINLAEDER SEED COMPANY,1,FY2024_Q4
MEGA CARGO FREIGHT INC,1,FY2024_Q4
BLOOM BEAUTY LLC,1,FY2024_Q4
PILAGRO CORP,1,FY2024_Q4
SERVICE GFA  COMPANY LLC,1,FY2024_Q4
"CHARGEBEE, INC.",1,FY2024_Q4
PANIGERO LLC,1,FY2024_Q4
"CENTRAL FLORIDA POWERSPORTS, INC.",1,FY2024_Q4
TORIN INC,1,FY2024_Q4
NYCA PARTNERS LLC,1,FY2024_Q4
LYONS MAGNUS,1,FY2024_Q4
VENTANA SERRA LLC,1,FY2024_Q4
DAVITA INC.,1,FY2024_Q4
MVB TITLE AND REGISTRATION SERVICES LLC,1,FY2024_Q4
MURPHYS SURPLUS,1,FY2024_Q4
DANA INVESTMENT CORP,1,FY2024_Q4
SHAREHOLDER SERVICES LLC DBA SHS GROUP,1,FY2024_Q4
HIMAL TAX LLC,1,FY2024_Q4
"NEWHOUSE  VOGLER, CPAS",1,FY2024_Q4
MONARCH ALTERNATIVE CAPITAL LP,1,FY2024_Q4
EARLYCONNECT SOFTWARE,1,FY2024_Q4
MICROSTRATEGY INCORPORATED,1,FY2024_Q4
HERFF JONES,1,FY2024_Q4
PRIORITY HEALTH,1,FY2024_Q4
BUSITANTS INCORPORATED,1,FY2024_Q4
"DEQUE SYSTEMS, INC.",1,FY2024_Q4
DIVERSITECH,1,FY2024_Q4
CLEYRA INC,1,FY2024_Q4
"HEALTH LEVEL, INC.",1,FY2024_Q4
HELPSYSTEMS LLC,1,FY2024_Q4
MARQUAM GROUP,1,FY2024_Q4
"CLUTEC, INC.",1,FY2024_Q4
QUARTET,1,FY2024_Q4
"CHANGE HEALTH SYSTEMS, INC.",1,FY2024_Q4
NATRON ENERGY INC,1,FY2024_Q4
CENTILLION INFOTECH LLC,1,FY2024_Q4
"HITACHI SOLUTIONS AMERICA, LTD.",1,FY2024_Q4
INNOWORLD INFORMATION TECHNOLOGIES LLC,1,FY2024_Q4
"ONEOK SERVICES COMPANY, L.L.C.",1,FY2024_Q4
"MACYS RETAIL HOLDINGS, LLC",1,FY2024_Q4
SOFTCRYLIC LLC,1,FY2024_Q4
CBTCHILDS BERTMAN TSECKARES INC.,1,FY2024_Q4
IMEG CORP,1,FY2024_Q4
CONSUMERS ENERGY COMPANY,1,FY2024_Q4
SCA INTERNATIONAL INC,1,FY2024_Q4
"AXION LOGISTICS, LLC",1,FY2024_Q4
MERITOR HEAVY VEHICLE SYSTEMS,1,FY2024_Q4
DOHERTY SOMMERS ARCHITECTS ENGINEERS INC.,1,FY2024_Q4
LMW ENGINEERING GROUP,1,FY2024_Q4
HILL COLLEGE,1,FY2024_Q4
PLANET NUTSHELL INC,1,FY2024_Q4
CLINCH COUNTY HOSPITAL AUTHORITY,1,FY2024_Q4
MERCY CLINIC EAST COMMUNITIES,1,FY2024_Q4
SERRA COMMUNITY MEDICAL CLINIC,1,FY2024_Q4
"RAKU AT CATHEDRAL COMMONS, LLC",1,FY2024_Q4
BAIFERN THAI ON MAIN LLC,1,FY2024_Q4
"CHINATOWN EXPRESS, INC.",1,FY2024_Q4
NEW PEKING BISTRO LLC,1,FY2024_Q4
SAM FOODS LLC,1,FY2024_Q4
GUSTAVO SAMPAIO DE SOUZA,1,FY2024_Q4
SAIMA RASHID,1,FY2024_Q4
PRIVATE HOUSEHOLD OF JUAN PABLO QUINTERO,1,FY2024_Q4
SEYED OMID DIANAT,1,FY2024_Q4
RR PROPERTY LLC,1,FY2024_Q4
NAPLES DONUTS LLC,1,FY2024_Q4
DSP CONCEPTS,1,FY2024_Q4
NATIONAL PRODUCE MIAMI CORP,1,FY2024_Q4
AVENTUS LLC,1,FY2024_Q4
"QHTUS, INC",1,FY2024_Q4
KAORU MC CORP,1,FY2024_Q4
RAGAZZI CORP,1,FY2024_Q4
PRODEZK INC,1,FY2024_Q4
"TWIN SPRUCE FARM, INC.",1,FY2024_Q4
RANDALL FARMERS COOPERATIVE UNION,1,FY2024_Q4
"CONTRACTOR SERVICES, INC.",1,FY2024_Q4
MOREL LANDSCAPING LLC,1,FY2024_Q4
"HENRYS FRAME REPAIR, INC.",1,FY2024_Q4
SHLOMO BICHACHI DIAMOND CORP,1,FY2024_Q4
ALVARADO TRUCKING LLC,1,FY2024_Q4
PECAN DELUXE CANDY CO.,1,FY2024_Q4
"VS INTERNATIONAL COMPANY, LLC",1,FY2024_Q4
BEAUTYWEST INC,1,FY2024_Q4
HINGE HEALTH,1,FY2024_Q4
"DULLES ENGINEERING, INC.",1,FY2024_Q4
QURESHIALOWIR PLLC,1,FY2024_Q4
BELMONT GROCERIES LLC,1,FY2024_Q4
MAINFREIGHT INC,1,FY2024_Q4
SLCC ENTERPRISE INC,1,FY2024_Q4
"SECRET OF BEAUTY, LLC",1,FY2024_Q4
KMR LLP,1,FY2024_Q4
BADEEL BUSINESS INC,1,FY2024_Q4
LMCB HOLDINGS LLC,1,FY2024_Q4
KABOUTER MANAGEMENT LLC,1,FY2024_Q4
"PRELUDE CAPITAL MANAGEMENT, LLC",1,FY2024_Q4
"ICE CLEAR US, INC.",1,FY2024_Q4
TEKVANA INC,1,FY2024_Q4
VNOMIC INC.,1,FY2024_Q4
RELYCOM INC,1,FY2024_Q4
RESMED CORP.,1,FY2024_Q4
"KARYO ESYSTEMS INC,",1,FY2024_Q4
ARCUS TECHNOLOGIES INC,1,FY2024_Q4
BLUE CROSS AND BLUE SHIELD OF NEBRASKA,1,FY2024_Q4
"BUDGET DUMPSTER, LLC",1,FY2024_Q4
APEX SEMICONDUCTOR INC.,1,FY2024_Q4
GLEAN TECHNOLOGIES INC.,1,FY2024_Q4
"ELEMENTS CONNECT, LLC",1,FY2024_Q4
APC INTEGRATED LLC,1,FY2024_Q4
EMERGENCY CARE RESEARCH INSITITUTE,1,FY2024_Q4
FIERCE SOLUTION LLC,1,FY2024_Q4
"DRIVEN BRANDS SHARED SERVICES, LLC",1,FY2024_Q4
KOPENTECH LLC,1,FY2024_Q4
"PORTSIDE, INC.",1,FY2024_Q4
"FEDEX TRADE NETWORKS TRANSPORT  BROKERAGE, INC.",1,FY2024_Q4
EXETER FINANCE LLC,1,FY2024_Q4
PADI WORLDWIDE CORP.,1,FY2024_Q4
USR PARENT INC,1,FY2024_Q4
"INTEGRATED DECISIONS AND SYSTEMS, INC",1,FY2024_Q4
BONSALL SHAFFERMAN ARCHITECTS AND SPACE PLANNERS,1,FY2024_Q4
OPEN CONCEPT ARCHITECTURE INC,1,FY2024_Q4
SIGMA CONSTRUCTION INC.,1,FY2024_Q4
FRAMATOME INC,1,FY2024_Q4
RYDER SCOTT COMPANY,1,FY2024_Q4
"DESIGN WORKSHOP, INC.",1,FY2024_Q4
"SENSAPURE, INC.",1,FY2024_Q4
"AVENUES SILICON VALLEY SCHOOL, LLC",1,FY2024_Q4
"LUMINARY CLOUD, INC.",1,FY2024_Q4
BALTEK INC,1,FY2024_Q4
"BL TEX, INC.",1,FY2024_Q4
NATIONAL HOCKEY LEAGUE,1,FY2024_Q4
"BROAD RIVER REHABILITATION, LLC",1,FY2024_Q4
LABETTE COUNTY MEDICAL CENTER DBA LABETTE HEALTH,1,FY2024_Q4
MONROJ INC,1,FY2024_Q4
"EQUIP FITNESS AND REHAB, INC",1,FY2024_Q4
RATNA DEVI INC,1,FY2024_Q4
PASHA INC,1,FY2024_Q4
JOHN TAIYOS CUISINE CORP.,1,FY2024_Q4
CHICKPEAS USA LLC,1,FY2024_Q4
THREE FORKS RANCH CORP,1,FY2024_Q4
CLAUDIA PEREIRA JOHNSON,1,FY2024_Q4
KENIA BORGES PRIVATE HOUSEHOLD,1,FY2024_Q4
"JOHN AINSWORTH II, PRIVATE HOUSEHOLD",1,FY2024_Q4
"SALINAS ORIENTAL STORE, LLC",1,FY2024_Q4
BEAUTY TOUCH LLC,1,FY2024_Q4
FROST DENTAL CENTER CORP,1,FY2024_Q4
UNIESSE MARINE,1,FY2024_Q4
SARAH KO,1,FY2024_Q4
"RUBY  STEVEN SWETT, LLC",1,FY2024_Q4
BELL FARMS PARTNERSHIP,1,FY2024_Q4
APPLE ADVENTURE LLC,1,FY2024_Q4
BIWATER FARM  GREENHOUSE LLC,1,FY2024_Q4
FISHER COMPANY,1,FY2024_Q4
BLACK SWAN DATA INC,1,FY2024_Q4
RADAR,1,FY2024_Q4
"REACHLOCAL, INC.",1,FY2024_Q4
SWISS RE AMERICA HOLDING CORPORATION,1,FY2024_Q4
MEDIAOCEAN,1,FY2024_Q4
GROWER DIRECT MARKETING,1,FY2024_Q4
"SMITH SECKMAN REID, INC",1,FY2024_Q4
KR ENTERPRISES INC,1,FY2024_Q4
AVIVA,1,FY2024_Q4
VERITIV OPERATING COMPANY,1,FY2024_Q4
ADG SWIMWEAR LLC,1,FY2024_Q4
"EQUITAS LIFE SCIENCES, LLC",1,FY2024_Q4
"SPEEDWAY USA, INC.",1,FY2024_Q4
SHAMAR INC DIAMOND RING COMPANY,1,FY2024_Q4
VALENCIA PIPE COMPANY,1,FY2024_Q4
"CELIGO, INC.",1,FY2024_Q4
CHUN YU WORKS U.S.A. INC.,1,FY2024_Q4
SMITH  DEKAY PS,1,FY2024_Q4
KEPLER GROUP,1,FY2024_Q4
"THE PAMPERED CHEF, LTD",1,FY2024_Q4
INTONE,1,FY2024_Q4
CHELSOFT SOLUTIONS CO.,1,FY2024_Q4
"HOODOO DIGITAL, LLC.",1,FY2024_Q4
"TRAVISMATHEW, LLC",1,FY2024_Q4
"CLEARONE ADVANTAGE, LLC",1,FY2024_Q4
"CORTINA ACCESS, INC.",1,FY2024_Q4
WIRELESS EVERYWHERE LLC,1,FY2024_Q4
"SEQUON, INC.",1,FY2024_Q4
TRIDEVI ENTERPRISES LLC DBA JAMESTIC LIQUOR,1,FY2024_Q4
TILIA INC.,1,FY2024_Q4
"GROUP 1001 RESOURCES, LLC",1,FY2024_Q4
"INFOSHARE SYSTEMS, INC.",1,FY2024_Q4
"GREENBYTE TECHNOLOGIES, LLC",1,FY2024_Q4
"MORTGAGE MANAGEMENT SOLUTIONS, LLC",1,FY2024_Q4
KODAK ALARIS,1,FY2024_Q4
"AXIS ANALYTICS, LLC.",1,FY2024_Q4
"TECTON, INC",1,FY2024_Q4
KIRANAM TECHNOLOGIES INC,1,FY2024_Q4
ELEMENTAL MACHINES INC,1,FY2024_Q4
"HANUMAYAMMA INNOVATIONS AND TECHNOLOGIES, INC",1,FY2024_Q4
CLUTTER INC,1,FY2024_Q4
CIMETRIX,1,FY2024_Q4
"EXAFLUENCE, INC.",1,FY2024_Q4
"CLEARCAPITAL.COM, INC.",1,FY2024_Q4
ITSCIENT LLC,1,FY2024_Q4
ENABLEIT LLC.,1,FY2024_Q4
A.J WORLDWIDE SERVICES INC.,1,FY2024_Q4
WELWAZE MEDICAL INC.,1,FY2024_Q4
HYCOR BIOMEDICAL,1,FY2024_Q4
"I. S. ENGINEERS, LLC",1,FY2024_Q4
BURKE STRUCTURAL ENGINEERS P.C.,1,FY2024_Q4
"KITTELSON  ASSOCIATES, INC.",1,FY2024_Q4
WESTINGHOUSE ELECTRIC COMPANY,1,FY2024_Q4
"AURUBIS BUFFALO, INC.",1,FY2024_Q4
RSL SOLUTIONS LLC,1,FY2024_Q4
"ENTERPRISE SYSTEMS PARTNERS, INC.",1,FY2024_Q4
"SOUTHWEST MANUFACTURING SERVICES, LLC",1,FY2024_Q4
"HARCO MANUFACTURING GROUP, LLC.",1,FY2024_Q4
"COGNASCENTS CONSULTING GROUP, INC.",1,FY2024_Q4
"BRUKER, SCIENTIFIC LLC",1,FY2024_Q4
"THE DILISI GROUP, INC.",1,FY2024_Q4
"CLEARCORRECT OPERATING, LLC",1,FY2024_Q4
"MODU FOOD SERVICE, INC.",1,FY2024_Q4
"NATIONAL ECONOMIC RESEARCH ASSOCIATES, INC.",1,FY2024_Q4
CREDIT AGRICOLE SECURITIES USA INC.,1,FY2024_Q4
DEPARTMENT OF STATE HOSPITALS  PATTON,1,FY2024_Q4
"NUMERADE LABS, INC.",1,FY2024_Q4
"DR. CAMERON  ASSOCIATES VII, PLLC",1,FY2024_Q4
"SCOTT R. YEAMAN, DDS, P.C.",1,FY2024_Q4
"NORWALK ORTHODONTICS, LLC",1,FY2024_Q4
"MURAT AYIK, DDS, PLLC",1,FY2024_Q4
HARVARD STREET NEIGHBORHOOD HEALTH CENTER,1,FY2024_Q4
STAYWELL HEALTH CENTER,1,FY2024_Q4
"HAMILTON HEALTH CENTER, INC",1,FY2024_Q4
THE METHODIST MEDICAL CENTER OF ILLINOIS,1,FY2024_Q4
MERCYONE CENTERVILLE MEDICAL CENTER,1,FY2024_Q4
ATHIBODEE INC.,1,FY2024_Q4
BROADWAY MASALA LLC,1,FY2024_Q4
HAMILTON MARKET,1,FY2024_Q4
HEL LLC,1,FY2024_Q4
"STONEWORK DESIGN  CONSULTING,INC",1,FY2024_Q4
GRACE NAILS LLC,1,FY2024_Q4
LOTFI SAMIMI HOUSEHOLD,1,FY2024_Q4
SPRINGFIELD COMFORT LLC,1,FY2024_Q4
MOMS CONVENIENCE STORE INC,1,FY2024_Q4
R.MAINALI FOUR INC.,1,FY2024_Q4
"AIR PRODUCTS AND CHEMICALS, INC.",1,FY2024_Q4
HAI ROBOTICS U.S.A INC,1,FY2024_Q4
CONTROL COMPONENTS INC.,1,FY2024_Q4
SCHENCK PROCESS LLC,1,FY2024_Q4
HP MOTORS LLC,1,FY2024_Q4
INTERNATIONAL STEEL SERVICE CORPORATION,1,FY2024_Q4
"ATLAS ADVENTURES, INC",1,FY2024_Q4
WESTON ECO CLEANERS LLC,1,FY2024_Q4
UCEDA SCHOOL OF ORLANDO,1,FY2024_Q4
"SAXON BECNEL  SONS OF TEXAS, LLC",1,FY2024_Q4
CONSTRUEMAX CORP.,1,FY2024_Q4
HILLSBORO EQUIPMENT INC,1,FY2024_Q4
URBANI TRUFFLES USA CORPORATION,1,FY2024_Q4
PATIENTPOP,1,FY2024_Q4
ZEREKON HOLDINGS LLC,1,FY2024_Q4
DIDI TRUCKING INC.,1,FY2024_Q4
EQUITY DEVELOPMENT GROUP LLC,1,FY2024_Q4
DESIGNLIBRO INC.,1,FY2024_Q4
"BAILEY FISH  SEAFOOD, INC.",1,FY2024_Q4
"EASTRIDGE PACIFIC HOLDINGS, LLC",1,FY2024_Q4
BAXTER WINDOWS AND DOORS LLC,1,FY2024_Q4
"ARAGON ADVERTISING, LLC",1,FY2024_Q4
"AMERICAN HOUSING VENTURES, LLC",1,FY2024_Q4
JERRIC ENTERPRISES,1,FY2024_Q4
WILSHIRE ADVISORS LLC,1,FY2024_Q4
"AMAZON CAPITAL SERVICES, INC.",1,FY2024_Q4
TMSI LLC,1,FY2024_Q4
VASPIRE TECHNOLOGIES INC,1,FY2024_Q4
"VERISM SYSTEMS, INC",1,FY2024_Q4
BA2CC SOLUTIONS INC,1,FY2024_Q4
VISTA EQUITY PARTNERS MANAGEMENT LLC,1,FY2024_Q4
IC INTERNATIONAL GROUP LLC,1,FY2024_Q4
"PEGASUS VERTEX, INC.",1,FY2024_Q4
"Y MEDIA LABS, LLC",1,FY2024_Q4
SCHLAGE LOCK COMPANY,1,FY2024_Q4
"ALINE STAFFING SOLUTIONS, LLC",1,FY2024_Q4
USEFULBI CORPORATION,1,FY2024_Q4
V2 INNOVATIONS INC,1,FY2024_Q4
"NETTRACER, INC.",1,FY2024_Q4
VECKTA CORPORATION,1,FY2024_Q4
"TENA COMPANIES, INC",1,FY2024_Q4
XL SOFTEK INC,1,FY2024_Q4
WAYPOINT PARTNERS LLC,1,FY2024_Q4
TOLUNAYWONG ENGINEERS INC.,1,FY2024_Q4
"CIVIL WORKS, INC.",1,FY2024_Q4
"BURGESS CIVIL, LLC",1,FY2024_Q4
"BSB DESIGN, INC.",1,FY2024_Q4
NEW YORK STATE ELECTRIC  GAS,1,FY2024_Q4
"DYNO NOBEL, INC.",1,FY2024_Q4
"BEAR VALLEY COMMUNICATIONS, INC. DBA KNS COMMUNICA",1,FY2024_Q4
"NEW ENGLAND CONTROLS, INC",1,FY2024_Q4
KENCO MANAGEMENT GROUP,1,FY2024_Q4
INSTRUMEMS INC,1,FY2024_Q4
WOCO TECH USA INC,1,FY2024_Q4
"ZIMMER PRODUCTION, INC.",1,FY2024_Q4
HP HOOD LLC,1,FY2024_Q4
SIGMAALDRICH MANUFACTURING LLC,1,FY2024_Q4
UNIVERSITY OF CENTRAL MISSOURI,1,FY2024_Q4
LOUISIANA CHRISTIAN UNIVERSITY,1,FY2024_Q4
LITTLE GENIUS LEARNING ACADEMY,1,FY2024_Q4
JOBUPPER,1,FY2024_Q4
DONMICH CORP,1,FY2024_Q4
ONEIL LANGAN ARCHITECTS PC,1,FY2024_Q4
AESTHETIC REVOLUTION LLC,1,FY2024_Q4
"WEIYAN TAN PHYSICIAN, P.C.",1,FY2024_Q4
HOSPITALIST MEDICINE PHYSICIANS OF VIRGINIA LLC,1,FY2024_Q4
"VALLEY CHILDRENS SPECIALTY MEDICAL GROUP, INC.",1,FY2024_Q4
"UNITED HEALTH CARE, INC.",1,FY2024_Q4
"CF SENIOR CARE HOME, LLC",1,FY2024_Q4
CORALREEF SUBACUTE CARE CENTER LLC,1,FY2024_Q4
"INTERFYSIO, LLC",1,FY2024_Q4
"IG CENTRAL, LLC",1,FY2024_Q4
"ZAB,INC",1,FY2024_Q4
CITY DINER IN RIVER MARKET LLC,1,FY2024_Q4
SAINT MARY  SAINT BISHOY INC.,1,FY2024_Q4
"JOHNS ISLAND CLUB, INC",1,FY2024_Q4
CYNTHIA HANSON,1,FY2024_Q4
SHIHUAN KEISIN WANG,1,FY2024_Q4
FABIO DELGADO HACHA,1,FY2024_Q4
STEPHANIE ANNE DENZER,1,FY2024_Q4
SERENDIPITY MULTICULTURAL CENTER,1,FY2024_Q4
ERIKA THOMAS,1,FY2024_Q4
WHITE SKY WIRELESS LLC,1,FY2024_Q4
"ORIGINAL THEOREM, INC.",1,FY2024_Q4
305 DOORS REPAIR CORP.,1,FY2024_Q4
DALET DIGITAL MEDIA SYSTEMS USA INC,1,FY2024_Q4
WELLBOSS,1,FY2024_Q4
"OFRA COSMETICS, LLC",1,FY2024_Q4
CONSTRUSOLUTION LLC,1,FY2024_Q4
Y2S TRADING INC.,1,FY2024_Q4
HYPERION UTS INC,1,FY2024_Q4
KANG LU USA CORP.,1,FY2024_Q4
MIAMI TITLE GROUP INC,1,FY2024_Q4
"WANA MAIWAND, LLC.",1,FY2024_Q4
"ZUBKE FAMILY FARM, LLC",1,FY2024_Q4
BATH BUSTERS INC,1,FY2024_Q4
"HALLATON, INC.",1,FY2024_Q4
BARMAKIAN JEWELERS,1,FY2024_Q4
"NAPLES AIR CENTER, INC.",1,FY2024_Q4
CAPROCK IRRIGATION LLC,1,FY2024_Q4
BARE COTTON CORPORATION,1,FY2024_Q4
"HYUNDAI CORPORATION, USA",1,FY2024_Q4
"SAFTPAY, INC.",1,FY2024_Q4
RISIKO CORP,1,FY2024_Q4
AMERICA KNITS LLC,1,FY2024_Q4
GAIL S MARCHETTO OD LLC,1,FY2024_Q4
"MASCON, INC.",1,FY2024_Q4
"ISL FUTBOL, LLC",1,FY2024_Q4
"FORTEX REALTY, INC.",1,FY2024_Q4
"THE GRACE AND MERCY FOUNDATION, INC.",1,FY2024_Q4
CFGI,1,FY2024_Q4
KRAFTPOWERCON INC,1,FY2024_Q4
"KOREAN AMERICAN COMMUNITY SERVICES, INC.",1,FY2024_Q4
"SENKO ADVANCED COMPONENTS, INC.",1,FY2024_Q4
"BETMGM, LLC",1,FY2024_Q4
"MILLER DECALS, LLC",1,FY2024_Q4
SEMPRA ENERGY,1,FY2024_Q4
SEJONG LLP,1,FY2024_Q4
SEELSE MAGAZINE INC.,1,FY2024_Q4
GURSEY SCHNEIDER LLP,1,FY2024_Q4
UH INTERNATIONAL ADVISER SERVICES LLC,1,FY2024_Q4
CANADIAN SOLAR USA ENERGY CORPORATION,1,FY2024_Q4
KEMNAY ADVISORY SERVICES INC.,1,FY2024_Q4
NOVALINK SOLUTIONS LLC,1,FY2024_Q4
SCEPTER TECHNOLOGIES INC,1,FY2024_Q4
"HORKUS SOLUTIONS, INC.",1,FY2024_Q4
CHAINSYS CORPORATION,1,FY2024_Q4
KTUBE CORPORATION,1,FY2024_Q4
ASCEN INC.,1,FY2024_Q4
KP INFOSYSTEMS INC,1,FY2024_Q4
THE SPANISH SPEAKING UNITY COUNCIL OF ALAMEDA,1,FY2024_Q4
SINDH INC DBA FRIENDLY MART,1,FY2024_Q4
"AKUA BEHAVIORAL HEALTH, INC",1,FY2024_Q4
ZOLON TECH INC,1,FY2024_Q4
HELPING HAND FOR RELIEF AND DEVELOPMENT,1,FY2024_Q4
INGURAN LLC DBA STGENETICS,1,FY2024_Q4
KLOVES INC,1,FY2024_Q4
"GENESCO, INC.",1,FY2024_Q4
"HARMONIA HOLDINGS GROUP, LLC",1,FY2024_Q4
IBEXLABS LLC,1,FY2024_Q4
CAPITAL FUND MANAGEMENT INTERNATIONAL,1,FY2024_Q4
CLARITY PARTNERS LLC,1,FY2024_Q4
GLOBAL OVERVIEW,1,FY2024_Q4
WESTERN STATES CONSTRUCTION INC,1,FY2024_Q4
HIBSER YAMAUCHI ARCHITECTS,1,FY2024_Q4
TERRA NOVA TECHNOLOGIES INC,1,FY2024_Q4
AMCL,1,FY2024_Q4
ZAHROOF VALVES INC,1,FY2024_Q4
"BORGWARNER TECHNOLOGIES SERVICES, LLC",1,FY2024_Q4
HL EASTERN CORP.,1,FY2024_Q4
DEKA RESEARCH  DEVELOPMENT CORP.,1,FY2024_Q4
INTERPLAN LLC  NATIONWIDE DEVELOPMENT ARCHITECTS,1,FY2024_Q4
SEATTLE HANA CHURCH,1,FY2024_Q4
YOUNG NAK PRESBYTERIAN CHURCH OF ORANGE COUNTY COR,1,FY2024_Q4
"THE DENTIST AT HOPKINTON, PC",1,FY2024_Q4
UNIVERSITY HEALTH PHYSICIANS,1,FY2024_Q4
PANDA ONE CHINESE RESTAURANT,1,FY2024_Q4
FU NING INC   DBA FORTUNE COOKIE V,1,FY2024_Q4
ELIZABETH COLEGROVE,1,FY2024_Q4
MAHA INC.,1,FY2024_Q4
HARRIS RANCH FEEDING COMPANY,1,FY2024_Q4
FRISCHE FARMS,1,FY2024_Q4
KMG AUTO BODY LLC,1,FY2024_Q4
RELY WORKFORCE GROUP LLC,1,FY2024_Q4
KIDS FUTURE DAY CARE CENTER,1,FY2024_Q4
"PURORGANIC PRODUCTS, INC.",1,FY2024_Q4
NEPTUNE SOFTWARE US INC,1,FY2024_Q4
"HEART IMAGING TECHNOLOGIES, LLC",1,FY2024_Q4
"STRATEGIC SALES PARTNERS, LLC",1,FY2024_Q4
KASDEC LLC,1,FY2024_Q4
HORUS RENEWABLES CORP.,1,FY2024_Q4
"METRIKA, INC.",1,FY2024_Q4
"AJINOMOTO FOODS NORTH AMERICA, INC.",1,FY2024_Q4
WEDO GLS USA CORP,1,FY2024_Q4
"LAVAZZA PROFESSIONAL NORTH AMERICA, LLC",1,FY2024_Q4
MEIDI ELECTRONICS INC.,1,FY2024_Q4
PAYAMERICAS INC,1,FY2024_Q4
HT IMPORTS LIMITED LIABILITY COMPANY,1,FY2024_Q4
888 TTC LLC,1,FY2024_Q4
BK PRECISION CORPORATION,1,FY2024_Q4
"JOURNEYMAN CONSTRUCTION, LLC",1,FY2024_Q4
OSCART TECHNOLOGY LLC,1,FY2024_Q4
INTERACTIVE BROKERS CORP.,1,FY2024_Q4
LAKEVIEW LOAN SERVICING,1,FY2024_Q4
MILLENNIUM PRODUCTS OF AMERICA INC.,1,FY2024_Q4
UNIVERSAL CITY STUDIOS PRODUCTIONS LLP,1,FY2024_Q4
"KEE TECHNOLOGIES GROUP, INC",1,FY2024_Q4
NORTHBAY SOLUTIONS LLC,1,FY2024_Q4
SS SOFTECH INC,1,FY2024_Q4
SPECTRA INFO SYSTEMS INC,1,FY2024_Q4
"SMITHS MEDICAL ASD, INC.",1,FY2024_Q4
"IQ BACKOFFICE, INC.",1,FY2024_Q4
"SLRI SOLUTIONS, LLC",1,FY2024_Q4
"PERSONAL NETWORK COMPUTING, INC.",1,FY2024_Q4
ROI SWIFT LLC,1,FY2024_Q4
PETERSON TECHNOLOGY PARTNERS INC.,1,FY2024_Q4
UNIVERSITY FEDERAL CREDIT UNION,1,FY2024_Q4
"JUDGE TECHNICAL SERVICES, INC.",1,FY2024_Q4
CSG SYSTEMS INC.,1,FY2024_Q4
3S BUSINESS CORPORATION,1,FY2024_Q4
PROMINDS BUSINESS CONSULTING INC,1,FY2024_Q4
KOMATSU MINING CORP.,1,FY2024_Q4
KIP INFORMATION TECHNOLOGIES INC,1,FY2024_Q4
VIVATRACKER LLC,1,FY2024_Q4
"XLM SOLUTIONS, LLC",1,FY2024_Q4
"BILLGO, INC.",1,FY2024_Q4
"NOETIC INFORMATION SYSTEMS, LLC",1,FY2024_Q4
"MN VALVE AND FITTING CO., INC",1,FY2024_Q4
"LOTT BROTHERS CONSTRUCTION COMPANY, LTD.",1,FY2024_Q4
"NEWCOMB  BOYD, LLP",1,FY2024_Q4
"GET LIT, LLC",1,FY2024_Q4
"MARTINREA INDUSTRIES, INC.",1,FY2024_Q4
LAKESHORE BUILDERS RESTORATION,1,FY2024_Q4
IPCOS INC,1,FY2024_Q4
SANQUEST INC,1,FY2024_Q4
"AZZUR GROUP, LLC DBA AZZUR OF NORTH CAROLINA",1,FY2024_Q4
GLOBAL PHARMA TEK LLC,1,FY2024_Q4
HAUTE ARCHITECTURE DPC,1,FY2024_Q4
"UPSIDE FOODS, INC.",1,FY2024_Q4
"MCLARTY ASSOCIATES, LLC",1,FY2024_Q4
LORDS GRACE CHRISTIAN CHURCH,1,FY2024_Q4
"WACHTELL, LIPTON, ROSEN  KATZ",1,FY2024_Q4
YUMA CATHOLIC HIGH SCHOOL,1,FY2024_Q4
LOVE TO DANCE INC,1,FY2024_Q4
COMODINO LLC,1,FY2024_Q4
NORTH AMERICAN PARTNERS,1,FY2024_Q4
KUNIS JAPANESE RESTAURANT BY JUN INC.,1,FY2024_Q4
KALIKA INC. DBA HIMALAYAN KITCHEN,1,FY2024_Q4
AAHARN INVESTMENT CORPORATION,1,FY2024_Q4
GOLDEN PHOENIX LLC,1,FY2024_Q4
10802 72ND REST LLC,1,FY2024_Q4
"KYOUNG  JIN FOOD, INC. DBA KOREAN CUISINE",1,FY2024_Q4
"KIRANS RESTAURANT, INC.",1,FY2024_Q4
"SZULS LANDSCAPES, INC.",1,FY2024_Q4
STARS HOLLOW FARM LLC,1,FY2024_Q4
DELUXE NAIL SALON AND SPA LLC,1,FY2024_Q4
CHRISTOPHER PATTON,1,FY2024_Q4
MANI PAHLEVANPOUR,1,FY2024_Q4
MY CHOICE WIRELESS LLC DBA BOOST MOBILE,1,FY2024_Q4
"RACNC, LLC DB AUDI CHARLOTTE",1,FY2024_Q4
USA PETROLEUM INC,1,FY2024_Q4
SUGAR BY PATA CORP,1,FY2024_Q4
WILD ORCHID WINES  SPIRITS INC.,1,FY2024_Q4
VACATION WORLD USA LLC,1,FY2024_Q4
BROWARD AUCTION GALLERY LLC,1,FY2024_Q4
"SPERO PICTURES, LLC",1,FY2024_Q4
"TAAD GROUP, INC.",1,FY2024_Q4
"A SILVER, INC.",1,FY2024_Q4
SUNSTAR67,1,FY2024_Q4
HEIGHTS GENERAL CONSTRUCTION LLC,1,FY2024_Q4
PAUL STEFAN AND SONS FARMS INC,1,FY2024_Q4
SUPER DONUTS,1,FY2024_Q4
"DICAMILLO BAKING CO., INC.",1,FY2024_Q4
"ALLEN HARIM FOODS, LLC",1,FY2024_Q4
OUR PLANET RECYCLING SF LLC,1,FY2024_Q4
QUALITY INSTALLATIONS OF NY INC.,1,FY2024_Q4
DELTA CAR TRADE INC.,1,FY2024_Q4
ARIA GROUP,1,FY2024_Q4
SINGULARITY 6 CORPORATION,1,FY2024_Q4
MYONSITE HEALTHCARE LLC,1,FY2024_Q4
FABER CNK STONE,1,FY2024_Q4
AGODA INTERNATIONAL USA LLC,1,FY2024_Q4
"SCENARIO COCKRAM USA, INC.",1,FY2024_Q4
EYECONIC OPHTHALMIC EQUIPMENT LLC,1,FY2024_Q4
"BULLHORN, INC.",1,FY2024_Q4
EMERGENT TECHNOLOGY SERVICES LLC.,1,FY2024_Q4
ITALIA DAY  NIGHT LLC,1,FY2024_Q4
TOROSO INVESTMENTS LLC,1,FY2024_Q4
PIZZA DAYS INC,1,FY2024_Q4
STEALTHMODE LLC,1,FY2024_Q4
"TANDYM GROUP, LLC",1,FY2024_Q4
FOX SPORTS PRODUCTIONS LLC,1,FY2024_Q4
VISTEEL INC.,1,FY2024_Q4
"UMI,INC.",1,FY2024_Q4
"BLACKROCK CORPORATION US, INC.",1,FY2024_Q4
DOMTAR PAPER COMPANY LLC,1,FY2024_Q4
POST UNIVERSITY INC.,1,FY2024_Q4
"VALUEPRO, INC",1,FY2024_Q4
DEEPROUTE.AI LTD.,1,FY2024_Q4
EVERSANA LIFE SCIENCE SERVICES LLC,1,FY2024_Q4
INTERNATIONAL TECHNOLOGIES  SYSTEMS CORP.,1,FY2024_Q4
SOHAM INC,1,FY2024_Q4
EKIN SOLUTIONS INC,1,FY2024_Q4
CVISION INC,1,FY2024_Q4
"RESOURCE9 GROUP, INC.",1,FY2024_Q4
"DEVREV, INC.",1,FY2024_Q4
FORTE CONSTRUCTION CORPORATION,1,FY2024_Q4
ASTSCIENCE LLC,1,FY2024_Q4
GOLDEN STAR INC. DBA ADVANCE CONSULTING GROUP INT,1,FY2024_Q4
"WREX PRODUCTS, INC OF CHICO",1,FY2024_Q4
NIAGARA TRANSFORMER CORP,1,FY2024_Q4
ARROW MACHINING CORP.,1,FY2024_Q4
BARRISTO ENTERPRISES INC.,1,FY2024_Q4
"TERKIANA, PC.",1,FY2024_Q4
DOMINICAN UNIVERSITY,1,FY2024_Q4
CONCENTRIC HEALTH EXPERIENCE,1,FY2024_Q4
LAURIC TENNIS ASSOCIATES LLC,1,FY2024_Q4
ROMAN CATHOLIC CHURCH OF THE CURE OF ARS,1,FY2024_Q4
BAYLOR COLLEGE OF MEDICINE,1,FY2024_Q4
"HUTCHINSON REGIONAL MEDICAL CENTER, INC.",1,FY2024_Q4
ARKANSAS HEALTH GROUP,1,FY2024_Q4
EWA OKLA,1,FY2024_Q4
ARGIRO ZOFAKIS LTD,1,FY2024_Q4
SALA THAI,1,FY2024_Q4
SABAIDEE THAILAND LLC,1,FY2024_Q4
SHERPA DHARMA LLC,1,FY2024_Q4
EAST HARBOR LLC,1,FY2024_Q4
FRIDA TACOS,1,FY2024_Q4
EDWARDO LOUIS SACKEY,1,FY2024_Q4
TSG INVESTMENTS LLC,1,FY2024_Q4
RONALD GREENE,1,FY2024_Q4
KARTAR INVESTMENT INC,1,FY2024_Q4
THE CHILDRENS HEAVEN LLC,1,FY2024_Q4
"LAXCO, INC",1,FY2024_Q4
"CONTADORUSA, INC.",1,FY2024_Q4
INNOVATIVE CONSTRUCTION GROUP LLC,1,FY2024_Q4
DREAM CONTRACTORS INC,1,FY2024_Q4
CORNERSTONE CONCRETE CONSTRUCTION LLC,1,FY2024_Q4
DESIGN CONCEPTS HOME IMPROVEMENT INC,1,FY2024_Q4
"STRUCTURAL WRAP, LLC",1,FY2024_Q4
SWEET HUT PLEASANT HILL INC.,1,FY2024_Q4
AMS KABOBJI LLC DBA KABOBJI MIDDLE EASTERN RESTAUR,1,FY2024_Q4
WHATSAPP LLC,1,FY2024_Q4
"FOCUSVISION WORLDWIDE, INC.",1,FY2024_Q4
GLOBAL HOTEL MANAGEMENT LLC,1,FY2024_Q4
NAILSALOON,1,FY2024_Q4
MUSIC DREAMS CORP,1,FY2024_Q4
R.R. DONNELLEY  SONS COMPANY,1,FY2024_Q4
"TAOTI ENTERPRISES, INC",1,FY2024_Q4
"APTARGROUP, INC",1,FY2024_Q4
KNB PREMIER INVESTMENT CAPITAL,1,FY2024_Q4
"TWIC, INC.",1,FY2024_Q4
ORO 72 LLC,1,FY2024_Q4
PUBLICA LLC,1,FY2024_Q4
"NCH MANAGEMENT SYSTEMS, INC.",1,FY2024_Q4
GENETIC ID,1,FY2024_Q4
GANTEC PUBLISHING SOLUTIONS LLC,1,FY2024_Q4
GRACENOTE,1,FY2024_Q4
GREENLIGHT BIOSCIENCES,1,FY2024_Q4
"ANU SOFTWARE CONSULTANTS, INC.",1,FY2024_Q4
SCIENCE SOLUTIONS LLC,1,FY2024_Q4
TECHTONIC INC,1,FY2024_Q4
AUTOMOTIVE FINANCE CORPORATION,1,FY2024_Q4
GLOBUS MEDICAL INC.,1,FY2024_Q4
SAGE COMPUTING,1,FY2024_Q4
"NORDIC CONSULTING PARTNERS, INC.",1,FY2024_Q4
BEYER BLINDER BELLE ARCHITECTS  PLANNERS LLP,1,FY2024_Q4
"UNITED CIVIL, INC.",1,FY2024_Q4
"TITAN ADVANCED ENERGY SOLUTIONS, INC.",1,FY2024_Q4
SUN TRIBE SOLAR LLC,1,FY2024_Q4
"SICULUS, INC.",1,FY2024_Q4
SUNRIN AMERICA CORP,1,FY2024_Q4
"MAGA DESIGN GROUP, INC. DBA THROUGHLINE",1,FY2024_Q4
CHUBBY SNACKS INC.,1,FY2024_Q4
"WHITE RIVER DENTAL, LLC",1,FY2024_Q4
OCHSNER LSU HEALTH SYSTEM OF NORTH LOUISIANA,1,FY2024_Q4
MU RYANG SA BUDDHIST TEMPLE,1,FY2024_Q4
COSMA ELET INC,1,FY2024_Q4
NIGHAT AJMAL,1,FY2024_Q4
RONG XIANG INC,1,FY2024_Q4
RUTH TAO,1,FY2024_Q4
GREAT NECK PETROLEUM CORP.,1,FY2024_Q4
"OCEAN GROUP, INC.",1,FY2024_Q4
BRASSCRAFT MANUFACTURING COMPANY,1,FY2024_Q4
FAIZ AND FRIENDS INC.,1,FY2024_Q4
"STRUCTURAL CONCRETE PRODUCTS, LLC",1,FY2024_Q4
"GRAMACO GRANITE  MARBLE, LLC",1,FY2024_Q4
"PRIME EXPRESS, INC",1,FY2024_Q4
CH MART LLC,1,FY2024_Q4
"ADVANCED FACADE, INC.",1,FY2024_Q4
"ABBOTT LABORATORIES, INC.",1,FY2024_Q4
"NOVOGENE CORPORATION, INC.",1,FY2024_Q4
DEFOX LLC,1,FY2024_Q4
"ROBERTS CONSTRUCTION MANAGEMENT GROUP, INC.",1,FY2024_Q4
"SOUTHEAST HIGHWAY GUARDRAIL  ATTENUATORS, LLC",1,FY2024_Q4
TEXAS SMART SYSTEMS LLC,1,FY2024_Q4
COMLUX AMERICA LLC,1,FY2024_Q4
SGF US INC.,1,FY2024_Q4
GASTEC INTERNATIONAL CORPORATION LIMITED,1,FY2024_Q4
CLASS OVER INC.,1,FY2024_Q4
SJD GOLD  DIAMONDS,1,FY2024_Q4
"CAPFINANCIAL PARTNERS, LLC",1,FY2024_Q4
5ELEM USA INC,1,FY2024_Q4
SE2QUEL PARTNERS LLC,1,FY2024_Q4
"ROKA SPORTS, INC",1,FY2024_Q4
FULL CYCLE BIOPLASTICS,1,FY2024_Q4
AMAZON RETAIL LLC,1,FY2024_Q4
"SPROUTLOUD MEDIA NETWORKS, LLC",1,FY2024_Q4
"AMAZON MECHANICAL TURK, INC.",1,FY2024_Q4
"INVERSELOGIX, LLC",1,FY2024_Q4
AKVARR INC,1,FY2024_Q4
AGILEASSETS INC.,1,FY2024_Q4
PLAYCO GLOBAL,1,FY2024_Q4
NEST SOLUTIONS LLC,1,FY2024_Q4
INVENTIONS INC,1,FY2024_Q4
"EM2 MGMT SOLUTIONS, INC DBA LABTOPIA INFORMATIX",1,FY2024_Q4
BAUER FOUNDATION CORPORATION,1,FY2024_Q4
"NFL PROPERTIES, LLC",1,FY2024_Q4
MORNINGSTAR INVESTMENT MANAGEMENT,1,FY2024_Q4
"OPEL SYSTEMS, INC.",1,FY2024_Q4
"PAB GOODS MOBILITY, INC.",1,FY2024_Q4
PARAMOUNT DATA MANAGEMENT INC.,1,FY2024_Q4
"ADVANTAGE TECHNICAL RESOURCING, INC.",1,FY2024_Q4
AGCODE INC.,1,FY2024_Q4
"BIJORA, INC. DBA AKIRA",1,FY2024_Q4
ROBERT A.M. STERN ARCHITECTS,1,FY2024_Q4
"LACH ENGINEERING, LLC",1,FY2024_Q4
CITY OF GREAT BEND,1,FY2024_Q4
"EXPERT CONSTRUCTION, INC.",1,FY2024_Q4
BALFOUR BEATTY INFRASTRUCTURE INC.,1,FY2024_Q4
"ROBERT SILMAN ASSOCIATES STRUCTURAL ENGINEERS, D.P",1,FY2024_Q4
SCHAEFFLER GROUP USA INC.,1,FY2024_Q4
"MICROPOISE MEASUREMENT SYSTEMS, LLC",1,FY2024_Q4
TAAL TECHNOLOGIES INC,1,FY2024_Q4
CATALENT PHARMA SOLUTIONS,1,FY2024_Q4
ABBVIE BIOTHERAPEUTICS INC.,1,FY2024_Q4
ADA COUNTY HIGHWAY DISTRICT,1,FY2024_Q4
ARMSTRONG SCHOOL DISTRICT,1,FY2024_Q4
ERINS MARBLE  GRANITE INC.,1,FY2024_Q4
"NAINI CHEN DANCE COMPANY, INC.",1,FY2024_Q4
"NORTHWEST PHYSICIANS ASSOCIATES, P.C.",1,FY2024_Q4
ALLEGHENY CLINIC,1,FY2024_Q4
"T5 MANAGEMENT, INC.",1,FY2024_Q4
YKDINING INC,1,FY2024_Q4
VOLCANO USA INC. DBA VOLCANO STEAK  SUSHI,1,FY2024_Q4
LISA KANT,1,FY2024_Q4
FRL AUTOMOTIVE LLC,1,FY2024_Q4
"AKKA GROUP NORTH AMERICA, INC",1,FY2024_Q4
NEWPORT BLACKSBURG HP MANAGEMENT LLC,1,FY2024_Q4
AD FREIGHT INC,1,FY2024_Q4
"INVERSIONES KALUCA, LLC.",1,FY2024_Q4
STONE DESIGN PRO INC.,1,FY2024_Q4
BEST WAY TILE  MARBLE CORP,1,FY2024_Q4
OASIS PAINTING  LLC,1,FY2024_Q4
"BG TRANSPORTATION, LLC.",1,FY2024_Q4
SIRAK CONSTRUCTION CORP,1,FY2024_Q4
REED  MACKAY TRAVEL INC.,1,FY2024_Q4
"DRAEGER MEDICAL SYSTEMS, INC.",1,FY2024_Q4
MORENO BATHROOM VANITY INC.,1,FY2024_Q4
"PASSIONE ROSSA, LLC",1,FY2024_Q4
ROOT INSURANCE,1,FY2024_Q4
ARDIAN US LLC,1,FY2024_Q4
TEXAS REMODELING GROUP INC,1,FY2024_Q4
TBC  THE BORING COMPANY,1,FY2024_Q4
MILANO FIVE GROUP,1,FY2024_Q4
"NHN GLOBAL, INC.",1,FY2024_Q4
PARTNERS IN PERFORMANCE USA INC.,1,FY2024_Q4
"HTNS AMERICA, INC.",1,FY2024_Q4
NATIONAL UNIVERSITY,1,FY2024_Q4
SALON SIMIS LLC,1,FY2024_Q4
"HC GLOBAL FUND SERVICES, LLC",1,FY2024_Q4
"PHOENIX REHABILITATION AND HEALTH SERVICES, INC.",1,FY2024_Q4
LMV SUPPLIERS CORP,1,FY2024_Q4
WYNCORE INC,1,FY2024_Q4
NM MANAGEMENT LLC,1,FY2024_Q4
"ICAP ENTERPRISES, INC.",1,FY2024_Q4
RPD FUND MANAGEMENT LLC,1,FY2024_Q4
"SOLUTION SYSTEMS, INC.",1,FY2024_Q4
"RIMINI STREET, INC.",1,FY2024_Q4
ZETTAPRIME INC,1,FY2024_Q4
"THE TJX COMPANIES, INC.",1,FY2024_Q4
STRATEGYSOFT LLC,1,FY2024_Q4
SECURENET SYSTEMS CORPORATION,1,FY2024_Q4
"AMS STAFFING, INC",1,FY2024_Q4
PATTERSON COMPANIES INC,1,FY2024_Q4
MONZO INC,1,FY2024_Q4
TRADELINK L.L.C.,1,FY2024_Q4
MARTIN BROWER LLC,1,FY2024_Q4
GREENSIGHT INC.,1,FY2024_Q4
SHELBY COUNTY TRUSTEE,1,FY2024_Q4
INTELI PLATFORMS INC,1,FY2024_Q4
OCHSNER CLINIC FOUNDATION,1,FY2024_Q4
NINTENDO OF AMERICA INC.,1,FY2024_Q4
ACQUIA,1,FY2024_Q4
"LIFESIZE, INC.",1,FY2024_Q4
SAKS OFF 5TH LLC,1,FY2024_Q4
"TECHMAGIX, INC.",1,FY2024_Q4
UNIVERSAL CABLE HOLDINGS,1,FY2024_Q4
DJOSOFT CONSULT LLC,1,FY2024_Q4
TATA ELXSI LIMITED,1,FY2024_Q4
"FORGEAHEAD SOLUTIONS, INC.",1,FY2024_Q4
PUZZL GROUP INC,1,FY2024_Q4
RAPP ILLINOIS INC.,1,FY2024_Q4
KNITFKA SH ARCHITECTURE DBA KNIT,1,FY2024_Q4
MOFFATT  NICHOL,1,FY2024_Q4
ANALOG INFERENCE INC,1,FY2024_Q4
"QM POWER, INC.",1,FY2024_Q4
"POLAR POWER, INC.",1,FY2024_Q4
NATIONAL RADIO ASTRONOMY OBSERVATORY,1,FY2024_Q4
"FISCHER AMERICA, INC",1,FY2024_Q4
ROMEO SYSTEMS INC.,1,FY2024_Q4
LENS TECHNOLOGY INC.,1,FY2024_Q4
U.S. PAVERSCAPE INC.,1,FY2024_Q4
"RAMBUS, INC.",1,FY2024_Q4
SOUTH ASIAN COUNCIL FOR SOCIAL SERVICES,1,FY2024_Q4
A PLUS ADULT DAY HEALTH CARE,1,FY2024_Q4
AM KOREAN STUDENT CHURCH,1,FY2024_Q4
ROOSEVELT UNIVERSITY,1,FY2024_Q4
THE MAGELLAN SCHOOL DBA MAGELLAN INTERNATIONAL S,1,FY2024_Q4
ROARING FORK SCHOOL DISTRICT,1,FY2024_Q4
EMBRACE RELIEF FOUNDATION INC,1,FY2024_Q4
"R  C MEDIA GROUP, INC.",1,FY2024_Q4
DRAGON GRIPS INC,1,FY2024_Q4
"NORTHWEST PEDIATRIC SPECIALIST, LLC",1,FY2024_Q4
LOUIS CAREER DEVELOPMENT CENTER INC,1,FY2024_Q4
SABOR DE ESPANA LLC DBA BLACK IRON BURGER,1,FY2024_Q4
"AMKO  SHOGUN, LLC",1,FY2024_Q4
ST. ANTHONY  ST. MARK INC.,1,FY2024_Q4
HAPPY NAILS OF FAYETTEVILLE LLC,1,FY2024_Q4
HEATHER GREENAWAY,1,FY2024_Q4
ZAYAAN LLC DBA HIGH POINT FINE DRY CLEANERS,1,FY2024_Q4
ZANS SAGINA INC,1,FY2024_Q4
"SERENDIPITY WINES WC, LLC",1,FY2024_Q4
"TESSENDERLO KERLEY, INC.",1,FY2024_Q4
SMART WIRES INC.,1,FY2024_Q4
MASTER VACATION HOMES,1,FY2024_Q4
HONG LAW PLLC DBA CBI IMMIGRATION LAW,1,FY2024_Q4
TRMW ENTERPRISES INC,1,FY2024_Q4
FREEDOM GS INC,1,FY2024_Q4
"TERRI J BLESSING, INC DBA CARPET DEPOT AND MORE",1,FY2024_Q4
QUINTET GROUP INC,1,FY2024_Q4
"GAMESCOUT ELECTRONICS, INCORPORATED",1,FY2024_Q4
"SIGNATURE GLOBAL LOGISTICS, INC.",1,FY2024_Q4
"WILLMENG CONSTRUCTION, INC.",1,FY2024_Q4
POWAY MINE CO. INC DBA KAMINSKIS BBQSPORTSLOUNGE,1,FY2024_Q4
WORLD ECONOMIC FORUM LLC,1,FY2024_Q4
SARDINEAI CORP.,1,FY2024_Q4
"SEJONG GEORGIA, LLC.",1,FY2024_Q4
WYZE,1,FY2024_Q4
INTERNATIONAL DENTAL OF JOLIET,1,FY2024_Q4
"ITALK GLOBAL COMMUNICATIONS, INC.",1,FY2024_Q4
ACG LLP,1,FY2024_Q4
SIEMENS LOGISTICS LLC,1,FY2024_Q4
JUAN C GRIMALDO PLLC,1,FY2024_Q4
"AA PACIFIC ACCOUNTANTS, INC",1,FY2024_Q4
"LIONS EYE INSTITUTE FOR TRANSPLANT  RESEARCH, INC",1,FY2024_Q4
"SOCHI COMMUNITY BASED ADULT SERVICES, INC.",1,FY2024_Q4
WINTHROP CAPITAL MANAGEMENT,1,FY2024_Q4
CTS CORPORATION,1,FY2024_Q4
"JEAN MARTIN, INC.",1,FY2024_Q4
US APPAREL LLC,1,FY2024_Q4
"ITECH SOLUTIONS, INC.",1,FY2024_Q4
WESTERN SERVICES CORPORATION,1,FY2024_Q4
"SQUADRON DATA, INC.",1,FY2024_Q4
VENTIV TECHNOLOGY INC,1,FY2024_Q4
"SPRINGSHINE CONSULTING, INC",1,FY2024_Q4
GE MEDICAL SYSTEMS ULTRASOUND  PRIMARY CARE DIAGN,1,FY2024_Q4
WINTRUST INVESTMENTS LLC,1,FY2024_Q4
"RESOUND NETWORKS, LLC",1,FY2024_Q4
WESTBROOK GROUP INC.,1,FY2024_Q4
"CENTRAL OHIO PRIMARY CARE PHYSICIANS, INC.",1,FY2024_Q4
"VESTMARK, INC",1,FY2024_Q4
THE MICHAEL J. FOX FOUNDATION FOR PARKINSONS RESE,1,FY2024_Q4
FLEX CONSULTING GROUP INC.,1,FY2024_Q4
US SOFTWARE GROUP INC,1,FY2024_Q4
"WOOLTARI USA, INC.",1,FY2024_Q4
JEWELERS MUTUAL INSURANCE COMPANY SI,1,FY2024_Q4
"COSCIA MOOS ARCHITECTURE, LLC",1,FY2024_Q4
PROH DEVELOPMENT INC.,1,FY2024_Q4
WAGNER SPRAY TECH,1,FY2024_Q4
SHEPLEY BULFINCH RICHARDSON AND ABBOTT,1,FY2024_Q4
"ALTMAN SOLON US, LP",1,FY2024_Q4
KOREAN IMMANUEL PRESBYTERIAN CHURCH,1,FY2024_Q4
"LAW OFFICES OF KIM  ASSOCIATES, P.C.",1,FY2024_Q4
"WASSERMAN  ASSOCIATES, APC",1,FY2024_Q4
FRENCH AMERICAN SCHOOL OF PUGET SOUND,1,FY2024_Q4
XING KONG AVIATION SERVICE LLC,1,FY2024_Q4
"YES WE ARE MAD, LLC",1,FY2024_Q4
TEXAS TECH UNIVERSITY HEALTH SCIENCES CENTER,1,FY2024_Q4
"TEJINDER S. RANDHAWA, M.D. A PROFESSIONAL CORP.",1,FY2024_Q4
WAKE ANIMAL CARE PLLC,1,FY2024_Q4
STARLAB CORPORATION,1,FY2024_Q4
JENNIE STUART HEALTH,1,FY2024_Q4
MACAU STATION RESTAURANT LLC,1,FY2024_Q4
LIVIA INC. TA IL PIZZICO,1,FY2024_Q4
EUGENIA LLC,1,FY2024_Q4
TOKYO GARDEN II LTD LP,1,FY2024_Q4
METRO LAWN SPRINKLER SYSTEMS INC.,1,FY2024_Q4
WICKLOW AND LAURANO LANDSCAPE CONTRACTOR LLC,1,FY2024_Q4
BEST NAILS MIAMI INC,1,FY2024_Q4
FITNESS FOR LIFE CARIBBEAN LLC,1,FY2024_Q4
"AYLSTOCK, WITKIN, KREIS  OVERHOLTZ",1,FY2024_Q4
"JAGUAR JEWELRY CASTING NY, INC.",1,FY2024_Q4
Y.H. TEXPERT CORPORATION,1,FY2024_Q4
FHC FRAMELESS HARDWARE COMPANY,1,FY2024_Q4
THE GARDEN DEPT CORP,1,FY2024_Q4
DSM FLOORING LLC,1,FY2024_Q4
A T AND A LLC,1,FY2024_Q4
AUTO BOUTIQUE LLC,1,FY2024_Q4
CADC LLC DBA ADVANTACLEAN OF THE PIDEMONT,1,FY2024_Q4
WOODS PROFESSIONAL CREATIVE LLC,1,FY2024_Q4
LOUIS FAMOUS FOODS INC,1,FY2024_Q4
V Z TRANSPORTATION INC,1,FY2024_Q4
CAR POINT OF ORLANDO INC,1,FY2024_Q4
AVANT ASSESSMENT LLC,1,FY2024_Q4
LUMENIS BE INC,1,FY2024_Q4
ATS APPLIED TECH SYSTEMS LLC,1,FY2024_Q4
"SIMULMEDIA, INC.",1,FY2024_Q4
COFFIN TURBO PUMP INC,1,FY2024_Q4
"CANON VIRGINIA, INC.",1,FY2024_Q4
"SHORES PROPERTY MANAGEMENT, LLC",1,FY2024_Q4
RESIDENTIAL PLUS SERVICES,1,FY2024_Q4
"J WESTLING  CO, LLC",1,FY2024_Q4
CULTURE AMP INC.,1,FY2024_Q4
BREK MANUFACTURING CO,1,FY2024_Q4
CROSS RIVER BANK,1,FY2024_Q4
"RODRIGUEZ GENERAL CARPENTRY, INC.",1,FY2024_Q4
"GVW GROUP, LLC",1,FY2024_Q4
ALASKA FREIGHT SERVICE INC,1,FY2024_Q4
INTELLIGENT SCM LLC,1,FY2024_Q4
"3D ACCESS, INC.",1,FY2024_Q4
RIVERAROBLES AND MONTES CPA PLLC,1,FY2024_Q4
GOERING AND GRANATINO PA,1,FY2024_Q4
B  Z LLC,1,FY2024_Q4
FLORIDA INSTITUTE FOR HUMAN AND MACHINE COGNITION,1,FY2024_Q4
APTION LLC,1,FY2024_Q4
ANAYA TECHNOLOGIES INC.,1,FY2024_Q4
IDEAON,1,FY2024_Q4
SIRE TECHNOLOGIES INC,1,FY2024_Q4
CORUSSOFT INC,1,FY2024_Q4
AIENTERPRISE INC,1,FY2024_Q4
ASKREPLY INC.,1,FY2024_Q4
ABBT ENTERPRISES INC,1,FY2024_Q4
"STUDIO SOO, INC.",1,FY2024_Q4
INTELSAT,1,FY2024_Q4
"USHIP, INC.",1,FY2024_Q4
CANYON STATE ELECTRIC,1,FY2024_Q4
ARIZONA BEVERAGES USA LLC,1,FY2024_Q4
AMPERE COMPUTING EMPLOYER LLC,1,FY2024_Q4
"MEGGITT ERLANGER, LLC",1,FY2024_Q4
AKZO NOBEL COATINGS INC.,1,FY2024_Q4
NORTH AMERICAN STAINLESS,1,FY2024_Q4
USS CAL BUILDERS INC.,1,FY2024_Q4
CRAFT  WOOD DESIGN,1,FY2024_Q4
"DI LI LAW, P.C.",1,FY2024_Q4
FORT BEND TALENT ACADEMY INC.,1,FY2024_Q4
DETROIT TIGERS,1,FY2024_Q4
COCHLEAR AMERICAS,1,FY2024_Q4
TAI CHI ACUPUNCTURE AND WELLNESS CENTER,1,FY2024_Q4
THE REHABILITATION CENTER AT JUPITER GARDENS LLC,1,FY2024_Q4
PATS COLONIAL KITCHEN,1,FY2024_Q4
ONSITE LANDSCAPE MANAGEMENT,1,FY2024_Q4
D NAM LLC,1,FY2024_Q4
RENT 2 OWN TRAILERS LLC,1,FY2024_Q4
GWB CONSTRUCTION,1,FY2024_Q4
EDMOND ROY  SONS INC,1,FY2024_Q4
CCA DRYWALL  FRAMING CONTRACTING LLC.,1,FY2024_Q4
"PEGGIE B. SCHULTZ, INC.",1,FY2024_Q4
AMERICAN CORD  WEBBING,1,FY2024_Q4
"CROWDER CUSTOM RODS, INC.",1,FY2024_Q4
"DENTEK, INC.",1,FY2024_Q4
SEED PRO INC,1,FY2024_Q4
"CURATED, INC.",1,FY2024_Q4
"HQ REALTY, LLC",1,FY2024_Q4
"ODYS AVIATION, INC.",1,FY2024_Q4
BROLTEWAH LLC,1,FY2024_Q4
SWIS PURCHASE LLC,1,FY2024_Q4
"UNITED WORK AND TRAVEL, A DIV OF APEI",1,FY2024_Q4
MASANTA,1,FY2024_Q4
CONCENTRIX CORPORATION,1,FY2024_Q4
JIVI CORPORATION,1,FY2024_Q4
"VITAS HOSPICE SERVICES, LLC",1,FY2024_Q4
TESIS USA LLC,1,FY2024_Q4
"LITMUS AUTOMATION, INC.",1,FY2024_Q4
"JJELLYFISH, LLC",1,FY2024_Q4
"BN USA, INC.",1,FY2024_Q4
GOSP UP LLC,1,FY2024_Q4
"TAITEM ENGINEERING, PC",1,FY2024_Q4
UJU INC,1,FY2024_Q4
OLIGHTSTORE USA INC,1,FY2024_Q4
RAJBHOG FOODS METRO  INC.,1,FY2024_Q4
INTERNATIONAL FEDERATION OF ACCOUNTANTS,1,FY2024_Q4
"INFINITY MOUNTINGS OF NY, LLC",1,FY2024_Q4
"DATAART SOLUTIONS, INC.",1,FY2024_Q4
PROLIM GLOBAL CORPORATION,1,FY2024_Q4
BUILDING MATERIALS MANUFACTURING CORPORATION,1,FY2024_Q4
EIDIKO SYSTEMS INTEGRATORS LLC,1,FY2024_Q4
DR. CONTACT LENS,1,FY2024_Q4
HSO ENTERPRISE SOLUTIONS LLC,1,FY2024_Q4
MASTERCARD TRANSACTION SERVICES US LLC,1,FY2024_Q4
PROTEINSIMPLE,1,FY2024_Q4
BARNABAS HEALTH INC.,1,FY2024_Q4
"HIRETEAMMATE, INC. DBA HIRETUAL",1,FY2024_Q4
"LA SHOWROOM.COM, INC.",1,FY2024_Q4
"INMOMENT, INC.",1,FY2024_Q4
CHARMTECH LABS LLC,1,FY2024_Q4
"DTE ENERGY TRADING, INC.",1,FY2024_Q4
CONTINENTAL FLORAL LLC,1,FY2024_Q4
BARSAN GLOBAL LOGISTICS INC.,1,FY2024_Q4
"ADIMAB SERVICE COMPANY, LLC",1,FY2024_Q4
701 KOREAN CHURCH,1,FY2024_Q4
CONNECT BIOPHARM LLC,1,FY2024_Q4
CAHILL GORDON  REINDEL LLP,1,FY2024_Q4
UNIVERSITY OF MARYLAND BALTIMORE COUNTY,1,FY2024_Q4
"CHEMS ART DD, LLC",1,FY2024_Q4
"HILL DRUGS, INC.",1,FY2024_Q4
"INDIANA UNIVERSITY HEALTH ARNETT, INC.",1,FY2024_Q4
ARKANSAS VALLEY REGIONAL MEDICAL CENTER,1,FY2024_Q4
"HOT WOKS, CORP. DBA HOT WOKS COOL SUSHI",1,FY2024_Q4
E  R INC,1,FY2024_Q4
SNACKBOXE BISTRO LLC,1,FY2024_Q4
"CHOL SONG ENTERPRISES, INC.",1,FY2024_Q4
"CIRILO  RODRIGUEZ, LLC",1,FY2024_Q4
CHRISTINA HSIEH,1,FY2024_Q4
ASIYANA LLC,1,FY2024_Q4
TROY GLOBAL LLC,1,FY2024_Q4
SPARKLE SUPPLIES LLC,1,FY2024_Q4
"SKK HERITAGE, INC.",1,FY2024_Q4
FRUEH FARMS,1,FY2024_Q4
EXASOL INC.,1,FY2024_Q4
"FIREARMS LEGAL PROTECTION MANAGEMENT, LLC",1,FY2024_Q4
"MURPHY 265 INVESTMENTS, LLC",1,FY2024_Q4
"FOCUS OPERATING, LLC",1,FY2024_Q4
HOEGANAES CORPORATION,1,FY2024_Q4
"GENERAL ATLANTIC SERVICE COMPANY, L.P.",1,FY2024_Q4
"DREAM PROJECTS, LLC",1,FY2024_Q4
TUOPU NORTH AMERICA USA LIMITED,1,FY2024_Q4
"FLORIDA PROPERTY HOLDINGS, LLC",1,FY2024_Q4
HANOVER SEARCH US WEALTH MANAGEMENT INC,1,FY2024_Q4
"SAUNDERS CONSTRUCTION, INC.",1,FY2024_Q4
FERZAN COMPANY LLC,1,FY2024_Q4
COMMUNITY OVERCOMING RELATIONSHIP ABUSE,1,FY2024_Q4
ROOT3 CORPORATION,1,FY2024_Q4
"GCP GLOBAL CLINICAL PROFESSIONALS, LLC",1,FY2024_Q4
CHP INTERNATIONAL LLP,1,FY2024_Q4
"HANCOCK PHARMACY, VI, LLC",1,FY2024_Q4
ELITE RENOVATIONS LLC,1,FY2024_Q4
"JPLOGISTICS, INC.",1,FY2024_Q4
AVA ENTERPRISES,1,FY2024_Q4
"SCHNEIDER LOGISTICS, INC",1,FY2024_Q4
FLEXPORT,1,FY2024_Q4
BULLDOG ADJUSTERS,1,FY2024_Q4
"HIOSSEN, INC",1,FY2024_Q4
SPECTAR LLC,1,FY2024_Q4
SEVERN RIVER CAPITAL MANAGEMENT LLC,1,FY2024_Q4
"DMGT US EMPLOYEE SERVICES, INC.",1,FY2024_Q4
"CHILD  FAMILY SERVICES OF EASTERN VA, INC",1,FY2024_Q4
GABLES ESTATES BUSINESS ADVISORY CO,1,FY2024_Q4
"FOREMAN  LEATHERS, P.C.",1,FY2024_Q4
INSIGHT NORTH AMERICA LLC,1,FY2024_Q4
JIMMY MOTOR CAR COMPANY INC,1,FY2024_Q4
"KENNEDYWILSON, INC.",1,FY2024_Q4
"PUTNAM U.S. HOLDINGS I, LLC",1,FY2024_Q4
EDEN GLOBAL PARTNERS LLC,1,FY2024_Q4
JIA LAW GROUP,1,FY2024_Q4
FLORIDA STATE COLLEGE AT JACKSONVILLE,1,FY2024_Q4
"INVENTA GROUP, INC.",1,FY2024_Q4
CLEAR CHANNEL OUTDOOR LLC,1,FY2024_Q4
SIEMENS ADVANTA SOLUTIONS CORP.,1,FY2024_Q4
"FRESENIUS USA, INC., A FRESENIUS MEDICAL CARE N.A.",1,FY2024_Q4
"EXYION, INC.",1,FY2024_Q4
"KITWARE, INC.",1,FY2024_Q4
RENKIM CORPORATION,1,FY2024_Q4
"FINDIGS, INC.",1,FY2024_Q4
"TERADATA OPERATIONS, INC.",1,FY2024_Q4
"BLOXROUTE LABS, INC",1,FY2024_Q4
ENOVA TECHNOLOGY SOLUTIONS LLC,1,FY2024_Q4
AGILE SQUAD INC,1,FY2024_Q4
NEW DATATECH LLC,1,FY2024_Q4
"TRANSDEV NORTH AMERICA, INC.",1,FY2024_Q4
KUKA U.S. HOLDINGS COMPANY LLC,1,FY2024_Q4
"CONSULTING MARVEL, LLC",1,FY2024_Q4
ESOLUTIONSFIRST LLC,1,FY2024_Q4
"THE KRIETE GROUP, LLC",1,FY2024_Q4
"KBTS TECHNOLOGIES, INC.",1,FY2024_Q4
EDVISION CORP,1,FY2024_Q4
ICORE INFOTECH INC.,1,FY2024_Q4
REHRIG PACIFIC COMPANY,1,FY2024_Q4
S2INTEGRATORS LLC,1,FY2024_Q4
"EDUCATION BUSINESS SOLUTIONS, INC. DBA EDOPS",1,FY2024_Q4
THE P.E. TUCKER INSURANCE AGENCY INC.,1,FY2024_Q4
SCULPTOR CAPITAL LP,1,FY2024_Q4
INSPUR USA INC,1,FY2024_Q4
"BAZAAR, INC.",1,FY2024_Q4
"MEYER GROUP OF DULUTH, PC",1,FY2024_Q4
CAD2SPEC LLC,1,FY2024_Q4
UNITED CONSULTING GROUP LTD,1,FY2024_Q4
"THE PENTA BUILDING GROUP, LLC",1,FY2024_Q4
"DUPLANTIS DESIGNGROUP, PC",1,FY2024_Q4
"KINNEY CONSTRUCTION SERVICES, INC.",1,FY2024_Q4
"DILANDRO ANDREWS ENGINEERING, PLLC",1,FY2024_Q4
"RECON MANAGEMENT SERVICES, INC",1,FY2024_Q4
"JORDA ENTERPRISES, INC.",1,FY2024_Q4
GROUPA ENGINEERING,1,FY2024_Q4
EPLAN SOFTWARE  SERVICES NORTH AMERICA LLC,1,FY2024_Q4
SAVINO AND MILLER DESIGN STUDIO,1,FY2024_Q4
BULLSEYE CALF RANCH LLC,1,FY2024_Q4
IBIO CDMO,1,FY2024_Q4
"HELIOGEN, INC.",1,FY2024_Q4
"KNOX MCLAUGHLIN GORNALL  SENNETT, P.C.",1,FY2024_Q4
GLOBAL VILLAGE ACADEMY,1,FY2024_Q4
GINGA FC LLC,1,FY2024_Q4
"ONDA MEXICANA RADIO GROUP, INC.",1,FY2024_Q4
"DISTRICT MEDICAL GROUP, INC",1,FY2024_Q4
"HOMECALL, INC.",1,FY2024_Q4
"HOSPITAL CONSULTANTS,P.C.",1,FY2024_Q4
"HENDERSON HEALTH CARE SERVICES, INC.",1,FY2024_Q4
PAYANG ENTERPRISE LLC,1,FY2024_Q4
HENRY A. MALLER,1,FY2024_Q4
HONG HUAH INC,1,FY2024_Q4
CHINA GARDEN RESTAURANT,1,FY2024_Q4
"FTI PHIL AM FOODS, INC.",1,FY2024_Q4
BARBARIN LAW GROUP,1,FY2024_Q4
ERIC ERNST,1,FY2024_Q4
DIAMOND DIXIE INC,1,FY2024_Q4
HMA INC.,1,FY2024_Q4
LYONS PETROLEUM INC,1,FY2024_Q4
"LA MART OAKLAND MILLS, INC.",1,FY2024_Q4
SHELL SAMPLE LLC,1,FY2024_Q4
AMG ALUMINUM NORTH AMERICA INC.,1,FY2024_Q4
"RESEARCH AND DIAGNOSTIC SYSTEMS, INCORPORATED",1,FY2024_Q4
FOCUS ACCOUNTING  CPA FIRM INC,1,FY2024_Q4
"HARRIS CARE CENTERS, INC.",1,FY2024_Q4
FANTASTIC FLOORS LLC,1,FY2024_Q4
BASILIO APPLIANCES REPAIRS  HOME INSTALLATION COR,1,FY2024_Q4
DAVID T. WALKER,1,FY2024_Q4
AUGUSTA PROPERTIES,1,FY2024_Q4
"CPS RESOURCES, INC.",1,FY2024_Q4
RAF STONE PROJECTS CORP.,1,FY2024_Q4
"XAD, INC. DBA GROUNDTRUTH",1,FY2024_Q4
HIGH TOUCH LLC,1,FY2024_Q4
A  J II FLORAL CORP.,1,FY2024_Q4
"JSW STEEL USA OHIO, INC.",1,FY2024_Q4
"VISION BUILDING ENERGY EFFICIENCY, LLC DBA BEE",1,FY2024_Q4
ARRIS COMPOSITES,1,FY2024_Q4
NEW IMAGE DENTAL,1,FY2024_Q4
BAY CREST PARTNERS LLC,1,FY2024_Q4
INTERDISCIPLINARY DENTAL EDUCATION ACADEMY,1,FY2024_Q4
GROUND CENTRAL HOSPITALITY GROUP LLC,1,FY2024_Q4
"WARREN INDUSTRIES, INC.",1,FY2024_Q4
KGL AMERICA INC,1,FY2024_Q4
"MIAMI G KD, LLC DBA HOLLYWOOD MOONLIGHT DINER",1,FY2024_Q4
BAIM INSTITUTE FOR CLINICAL RESEARCH,1,FY2024_Q4
GREENSKIES CLEAN ENERGY LLC,1,FY2024_Q4
"JAS WORLDWIDE MANAGEMENT, INC.",1,FY2024_Q4
KARSUN SOLUTIONS LLC,1,FY2024_Q4
VRK IT VISION INC,1,FY2024_Q4
IMPIRA INC.,1,FY2024_Q4
"BAIN  COMPANY DC, LLC",1,FY2024_Q4
"LEIGH STEINBERG SPORTS HOLDINGS, LP",1,FY2024_Q4
PRIME ASSET MANAGEMENT INC.,1,FY2024_Q4
BAYFRONT PROFESSIONAL CENTER,1,FY2024_Q4
SUSTAINABLE KARMA LLC DBA SUMMER FISH AND RICE,1,FY2024_Q4
HARBAR LLC,1,FY2024_Q4
"TRADEPAK, INC.",1,FY2024_Q4
NRMLC LLC,1,FY2024_Q4
"MARQUETTE TRANSPORTATION COMPANY, LLC",1,FY2024_Q4
"UHY ADVISORS NY, INC",1,FY2024_Q4
REIWA ACCOUNTING LLP,1,FY2024_Q4
ACCOUNTED FOR LLC,1,FY2024_Q4
WEST ROAD DENTAL,1,FY2024_Q4
WELLTOWER INC.,1,FY2024_Q4
VANA SOLUTIONS LLC,1,FY2024_Q4
PHYSIQ,1,FY2024_Q4
NORTHMARQ CAPITAL LLC,1,FY2024_Q4
SPORTS ENDEAVORS,1,FY2024_Q4
VERY GOOD SECURITY,1,FY2024_Q4
"TECHNOLOGY PARTNERS, INC.",1,FY2024_Q4
KEYCOM TECHNOLOGIES,1,FY2024_Q4
"LEASELOCK, INC.",1,FY2024_Q4
JONAS FITNESS INC.,1,FY2024_Q4
"INSTICATOR, INC.",1,FY2024_Q4
NETSOLACE INC.,1,FY2024_Q4
THE CHRISTIAN POST,1,FY2024_Q4
EVERYMARKET INC,1,FY2024_Q4
"GLOBAL HEALTHCARE ALLIANCE, INC.",1,FY2024_Q4
"WEBFLOW, INC.",1,FY2024_Q4
INFINIEN CONSULTING INC.,1,FY2024_Q4
VITALSOURCE TECHNOLOGIES LLC,1,FY2024_Q4
ADROIT ASSOCIATES LLC,1,FY2024_Q4
LEGALINC CORPORATE SERVICES INC.,1,FY2024_Q4
WHOOP. INC.,1,FY2024_Q4
VITAMIN SHOPPE INDUSTRIES INC.,1,FY2024_Q4
"VGM GROUP, INC",1,FY2024_Q4
JERSEY TECHNOLOGY PARTNERS INC,1,FY2024_Q4
"LIVANOVA USA, INC.",1,FY2024_Q4
ANHEUSERBUSCH COMPANIES,1,FY2024_Q4
"KLD ENGINEERING, P.C.",1,FY2024_Q4
"VOLTA CHARGING INDUSTRIES, LLC",1,FY2024_Q4
"KG TECHNOLOGIES, INC",1,FY2024_Q4
KISKA SOLUTIONS INC,1,FY2024_Q4
"THE POWER SOURCE, PLLC",1,FY2024_Q4
"THE GREEN ENGINEER, INC.",1,FY2024_Q4
"VOLTEA, INC",1,FY2024_Q4
"HARRYS, INC.",1,FY2024_Q4
SHARPERTEK,1,FY2024_Q4
LSA NA LLC,1,FY2024_Q4
HANA FACTORY AUTOMATION CORPORATION,1,FY2024_Q4
"SOUTH BAY SOLUTIONS, INC.",1,FY2024_Q4
YOUNGQUIST BROTHERS LLC,1,FY2024_Q4
VIRGINIA INDUSTRIES INC.,1,FY2024_Q4
WILKINSON STEKLOFF,1,FY2024_Q4
BIOMARIN PHARMACEUTICAL INC.,1,FY2024_Q4
"LAKE REGION MANUFACTURING, INC.",1,FY2024_Q4
"WORLD ENERGY INNOVATIONS, LLC",1,FY2024_Q4
NY BEHAVIOR ANALYSIS AND PSYCHOLOGICAL SERVICES PL,1,FY2024_Q4
WOMBLE BOND DICKINSON US LLP,1,FY2024_Q4
MCDANIEL COLLEGE,1,FY2024_Q4
MOHAVE VALLEY ELEMENTARY SCHOOL DISTRICT 16,1,FY2024_Q4
WAXAHACHIE FAITH FAMILY ACADEMY,1,FY2024_Q4
KIPP NEW ORLEANS,1,FY2024_Q4
MIAMI UNIVERSITY,1,FY2024_Q4
MARVEL ARCHITECTS PLLC,1,FY2024_Q4
LOWER EAST SIDE PRINTSHOP,1,FY2024_Q4
MAGDALENA KECK INC.,1,FY2024_Q4
LORI CALDWELL DESIGNS,1,FY2024_Q4
KEPEL  MATA LLC,1,FY2024_Q4
MYEYEDR. OPTOMETRY OF NORTH CAROLINA PLLC,1,FY2024_Q4
"NORTHERN PHARMACY AND MEDICAL EQUIPMENT, INC",1,FY2024_Q4
MEXICARE INC,1,FY2024_Q4
"INLAND PSYCHIATRIC MEDICAL GROUP, INC",1,FY2024_Q4
KAPIOLANI MEDICAL SPECIALISTS,1,FY2024_Q4
"MEDICAL MANAGEMENT INTERNATIONAL, INC.",1,FY2024_Q4
TAREK AMMAR,1,FY2024_Q4
HAYWARD HOLY INFANT RESIDENTIAL CARE FACILITY INC.,1,FY2024_Q4
BERNADETTE LEONCIO,1,FY2024_Q4
ALMONIA LLC DBA TWIN RESIDENTIAL CARE HOME,1,FY2024_Q4
ZEN YAI THAI CUISINE LLC,1,FY2024_Q4
POOKIE THAI INC,1,FY2024_Q4
"JJOONYBUZA, LLC DBA OH KDOG  EGG TOAST DORAVILL",1,FY2024_Q4
"J  O HOLDINGS, INC.",1,FY2024_Q4
"NY INTERNATIONAL STUDENT RESIDENCE, INC.",1,FY2024_Q4
167 PARK ROW LLC,1,FY2024_Q4
JASON STANDIFORD,1,FY2024_Q4
RICHARD MYER,1,FY2024_Q4
ANN SYMONDS,1,FY2024_Q4
PARK PACKING OF CHICAGO INC,1,FY2024_Q4
NAZIR JAHAN INC,1,FY2024_Q4
JOY COSMETICS INC,1,FY2024_Q4
K.S.S BUSINESS INC DBA SPEEDY EXPRESS#34,1,FY2024_Q4
X5 COMPANY LLC,1,FY2024_Q4
VALIN CORPORATION,1,FY2024_Q4
JSSB FAIRFAX LLC,1,FY2024_Q4
MADIN GENERAL TRADING,1,FY2024_Q4
WANG GLOBALNET,1,FY2024_Q4
"SERVICEPRO, INC. COLLEGE POSTAL PLUS",1,FY2024_Q4
MINGLE SOHO LLC,1,FY2024_Q4
MOONLIGHT MUSIC ACADEMY INC,1,FY2024_Q4
IOWA FAMILY FARMS PARTNERSHIP,1,FY2024_Q4
LION TRANSMISSIONS INC,1,FY2024_Q4
UNIQUE WHOLESALE LLC,1,FY2024_Q4
GSPEC LOGISTICS LLC,1,FY2024_Q4
EC TRANSPORT LLC,1,FY2024_Q4
UFLEX PACKAGING INC.,1,FY2024_Q4
"INTERNATIONAL MARINE PRODUCTS, INC.",1,FY2024_Q4
OMEGA GLOBAL LOGISTICS INC.,1,FY2024_Q4
MI BOLETO TRAVEL INC,1,FY2024_Q4
BARO SERVICE LLC,1,FY2024_Q4
"JINNY BEAUTY SUPPLY CO., INC.",1,FY2024_Q4
JUNTO CAPITAL MANAGEMENT LP,1,FY2024_Q4
"JAMISON PROPERTIES, LP",1,FY2024_Q4
MERIDIAN CAPITAL GROUP LLC,1,FY2024_Q4
"ONAPSIS, INC.",1,FY2024_Q4
"FBL FINANCIAL GROUP, INC.",1,FY2024_Q4
SKULOGIC INC.,1,FY2024_Q4
BIG PANDA INC.,1,FY2024_Q4
CLOUDFEN LLC,1,FY2024_Q4
INNOVER GLOBAL INC,1,FY2024_Q4
MERCHANTS AUTOMOTIVE GROUP INC DBA MERCHANTS FLEET,1,FY2024_Q4
"COMPASS GROUP USA, INC.",1,FY2024_Q4
"WYEBOT, INC.",1,FY2024_Q4
OMNI STRATEGY,1,FY2024_Q4
ICIMS,1,FY2024_Q4
FRESHPLANET INC.,1,FY2024_Q4
DINGYI NORTH AMERICA SEATTLE LLC,1,FY2024_Q4
"ADTRAN, INC",1,FY2024_Q4
"CYBERBAHN FEDERAL SOLUTIONS, LLC",1,FY2024_Q4
"EPACE TECHNOLOGIES, INC",1,FY2024_Q4
INFOBAHN SOFTWORLD INC.,1,FY2024_Q4
JACKSON FAMILY ENTERPRISES,1,FY2024_Q4
INTERACTIVE ENGINEERING CORP,1,FY2024_Q4
HOTATECH INC.,1,FY2024_Q4
PREFERRED BUILDERS GENERAL SERVICES INC.,1,FY2024_Q4
WASHINGTON THEOLOGICAL SEMINARY,1,FY2024_Q4
GIDE LOYRETTE NOUEL LLP,1,FY2024_Q4
"MIRAE LAW, LLC",1,FY2024_Q4
YOUNG SCHOLARS ACADEMY,1,FY2024_Q4
"BIGSTAR MOTION DESIGN, INC.",1,FY2024_Q4
JEFFERSON CAFE INC,1,FY2024_Q4
BOLLYWOOD BISTRO INC,1,FY2024_Q4
"THE ROSE CAFE  MARKET, INC.",1,FY2024_Q4
JAMES YORK,1,FY2024_Q4
GOLDEN GATES LANDSCAPING AND THE SISTERS MAID CLEA,1,FY2024_Q4
MERRIFIELD GARDEN CENTER,1,FY2024_Q4
MICA SALON LLC,1,FY2024_Q4
"ZANS R BROTHERS, INC.",1,FY2024_Q4
KAMAL ESKANDAR DBA CACTUS MARKET,1,FY2024_Q4
LAMPOL TRAVEL LLC,1,FY2024_Q4
MIGNON AND MIGNON,1,FY2024_Q4
"JC DENTAL CARE, P.C.",1,FY2024_Q4
PST TAX INC,1,FY2024_Q4
NEW CHITTY AUTOMOTIVE LLC,1,FY2024_Q4
"NOURA, LLC DBA BEKDASH SWEETS AND BAKERY",1,FY2024_Q4
GTS TRANSPORTATION CORPORATION,1,FY2024_Q4
HULK HEAVY HAUL INC,1,FY2024_Q4
"LAW OFFICES A.E. GUSTAFSSON, P.C.",1,FY2024_Q4
"WIMPY KID, INC.",1,FY2024_Q4
NUSMILE,1,FY2024_Q4
NJC ENTERPRISE INC,1,FY2024_Q4
KIDS EMPIRE USA LLC,1,FY2024_Q4
JSB CAPITAL GROUP LLC,1,FY2024_Q4
ANUA INTERNATIONAL LLC,1,FY2024_Q4
TUBINGEN LLC,1,FY2024_Q4
DEMARIA,1,FY2024_Q4
JEEVAN TECHNOLOGIES INC.,1,FY2024_Q4
PULMONX CORPORATION,1,FY2024_Q4
"NAILSALOON, LLC DBA NAILSALOON",1,FY2024_Q4
"BRIDGEBUILDER TAX  LEGAL SERVICES, P.A.",1,FY2024_Q4
"LEE, HUANG  ASSOCIATES, P. C.",1,FY2024_Q4
"MOVEWORKS, INC.",1,FY2024_Q4
"AUGUSTECH, LLC",1,FY2024_Q4
BEYONDTRUST CORPORATION,1,FY2024_Q4
NEW ERIE SCIENTIFIC,1,FY2024_Q4
BUSHEL INC.,1,FY2024_Q4
APPSINTEGRATION INC,1,FY2024_Q4
XAPT CORPORATION,1,FY2024_Q4
"MYCASE, INC",1,FY2024_Q4
"XAGE SECURITY, INC.",1,FY2024_Q4
"YAPSTONE HOLDINGS, INC.",1,FY2024_Q4
WOODRUFF SAWYER,1,FY2024_Q4
"KO ARCHITECTS, INC.",1,FY2024_Q4
NOVETUS ENGINEERING LLC,1,FY2024_Q4
"KPW STRUCTURAL ENGINEERS, INC",1,FY2024_Q4
"BENNETTPLESS, INC.",1,FY2024_Q4
KACO USA,1,FY2024_Q4
ALASO USA CORP.,1,FY2024_Q4
"WEICHUAN U.S.A., INC.",1,FY2024_Q4
WILLKIE FARR  GALLAGHER LLP,1,FY2024_Q4
NEBRASKA WESLEYAN UNIVERSITY,1,FY2024_Q4
NOTRE DAME ACADEMY,1,FY2024_Q4
NB DESIGN GROUP INC,1,FY2024_Q4
CHAD THORPE DDS PLC,1,FY2024_Q4
LONCAR ENTERPRISES INC DBA BAYVIEW VILLA,1,FY2024_Q4
ARTHUR KLANSKY,1,FY2024_Q4
LENGUYEN LLC,1,FY2024_Q4
"OM THREADING, NAILS  SPA LLC",1,FY2024_Q4
MUSTAFA KARABAS,1,FY2024_Q4
NORA MARCHIANDO MUKHERJEE,1,FY2024_Q4
KOCH ENERGY SERVICES LLC,1,FY2024_Q4
MXGA AUTO INC,1,FY2024_Q4
MKS INSTRUMENTS,1,FY2024_Q4
JIM GROUP INC,1,FY2024_Q4
MULTISTATE ACCOUNTING SERVICES INC.,1,FY2024_Q4
LA BOUTIQUE BY JULIA,1,FY2024_Q4
KENT FAMILY GROWERS,1,FY2024_Q4
"JOSEPH LOONSTYN ROOFING  CONTRACTING, LLC",1,FY2024_Q4
"MAXIMUS TRANSMISSIONS, LLC",1,FY2024_Q4
STEVE GILBERT CONSTRUCTION INC.,1,FY2024_Q4
AQUAGEM JEWELRY LLC,1,FY2024_Q4
CHAINALYTICS LLC,1,FY2024_Q4
BERETTA USA CORPORATION,1,FY2024_Q4
US CABINETS  RUSTIC FURNITURE INC,1,FY2024_Q4
NEXT ATLANTIC TRADING,1,FY2024_Q4
"CASCADE PROCESS CONTROLS, INC",1,FY2024_Q4
CHEUNG  LAM CPAS LLP,1,FY2024_Q4
NORTHWEST BANK,1,FY2024_Q4
"DACAST, INC.",1,FY2024_Q4
BELL FLAVORS  FRAGRANCES,1,FY2024_Q4
"CHINESE CULTURE AND COMMUNITY SERVICE CENTER, INC.",1,FY2024_Q4
PAX TECHNOLOGY INC.,1,FY2024_Q4
NORTH TARRANT INFRASTRUCTURE LLC,1,FY2024_Q4
NEW YORK POWER AUTHORITY,1,FY2024_Q4
"PACE PACKAGING, LLC",1,FY2024_Q4
BAYSTATE MEDICAL CENTER,1,FY2024_Q4
BERRY APPLEMAN  LEIDEN LLP,1,FY2024_Q4
BELCORSO JEWELRY MANUFACTURING CO. INC.,1,FY2024_Q4
"EXPOIMPO GEORGIA, INC.",1,FY2024_Q4
"BETON, LLC.",1,FY2024_Q4
"BERGEN MARBLE AND GRANITE, INC.",1,FY2024_Q4
ENTRANT GLOBAL SOLUTIONS LLC,1,FY2024_Q4
"ORIENTAL GOURMET S.A. USA, LLC",1,FY2024_Q4
"BBG SOUZA ENTERPRISES, INC DBA COMEKETO BRAZILIAN",1,FY2024_Q4
NATASHA RODRIGUEZ,1,FY2024_Q4
NIRADRI CORPORATION,1,FY2024_Q4
"YOUNG S. OH  ASSOCIATES, P.S. CPA",1,FY2024_Q4
"BIG LEAGUE CRAWFISH, LLC",1,FY2024_Q4
BRUSA WOOD LAMINATE FLOORS INC,1,FY2024_Q4
BEAUTIFUL DAY TRADING LLC,1,FY2024_Q4
CENTRO MEDICO BUEN PASTOR INC,1,FY2024_Q4
CALIFORNIA DENTAL ASSOCIATION,1,FY2024_Q4
BWI,1,FY2024_Q4
"CALIFORNIA IN NICE, INC.",1,FY2024_Q4
BRANDON MEYER LAW GROUP INC.,1,FY2024_Q4
LIVE GOOD INC,1,FY2024_Q4
GLOBAL DENTAL CENTER INC,1,FY2024_Q4
"CHANEL, INC.",1,FY2024_Q4
CAREWELL AT PISTACHIO,1,FY2024_Q4
"SC  ASSOCIATES, LLP",1,FY2024_Q4
"MUNICH RE AMERICA SERVICES, INC.",1,FY2024_Q4
CAMSO USA INC.,1,FY2024_Q4
"CALIBER INFOSOLUTIONS, INC.",1,FY2024_Q4
"JARVANTECH, INC.",1,FY2024_Q4
CASPEX,1,FY2024_Q4
PROMILES SOFTWARE DEVELOPMENT CORPORATION,1,FY2024_Q4
BRILLIUS TECHNOLOGIES INC,1,FY2024_Q4
"AMTEX SYSTEMS, INC.",1,FY2024_Q4
"RIDECELL, INC.",1,FY2024_Q4
BRANCH METRICS INC.,1,FY2024_Q4
RAPS CONSULTING INC,1,FY2024_Q4
"QIAGEN SCIENCES, LLC",1,FY2024_Q4
QTRON INVESTMENTS LLC,1,FY2024_Q4
"GALLEGA SOFTWARE SOLUTIONS , INC",1,FY2024_Q4
POLAR IT SERVICES INC,1,FY2024_Q4
"MARCHETTO HIGGINS STIEVE, PC",1,FY2024_Q4
"MUENGINEERS, INC.",1,FY2024_Q4
"C1S GROUP, INC.",1,FY2024_Q4
"INDUSTRIAL MOLDS, INC.",1,FY2024_Q4
"MAGNA MIRRORS OF AMERICA, INC",1,FY2024_Q4
BRUNSWICK CELLULOSE LLC,1,FY2024_Q4
"CENTER FOR RELIABLE ENERGY SYSTEMS, LLC",1,FY2024_Q4
MBH ARCHITECTS NEW YORK PC,1,FY2024_Q4
CAJAL NEUROSCIENCE INC.,1,FY2024_Q4
ROBERT BOND LLC,1,FY2024_Q4
PRAYTELL,1,FY2024_Q4
MIKO BRAND LLC,1,FY2024_Q4
BRONXVILLE FIELD CLUB INC.,1,FY2024_Q4
GROUND PROS INC.,1,FY2024_Q4
BRIAN HEAD VENDING LLC DBA BRIAN HEAD GENERAL STOR,1,FY2024_Q4
STARVIEW NEW YORK CATERING LLC,1,FY2024_Q4
CHANGS AUTO BODY  REPAIR,1,FY2024_Q4
MB ACCOUNTING  TAX SERVICES LTD,1,FY2024_Q4
CALPOINT LENDING CORP,1,FY2024_Q4
OLD HICKORY FARMS,1,FY2024_Q4
"BROUSSARD FARMS, LLC",1,FY2024_Q4
"JAPANESE AUTO REPAIR, INC.",1,FY2024_Q4
BRASA GRILL ORLANDO INC.,1,FY2024_Q4
"DIGITAL INSURANCE, LLC",1,FY2024_Q4
AGUSTAWESTLAND PHILADELPHIA CORPORATION,1,FY2024_Q4
TRENMOR LLC DBA LINESIGHT,1,FY2024_Q4
"STORIT DISTRIBUTION SERVICES, LLC",1,FY2024_Q4
PRISERVE HCM LLC,1,FY2024_Q4
"ADVANCED MICROBIAL SOLUTIONS, L.L.C. DBA AGRICEN",1,FY2024_Q4
LOS ANGELES TIMES COMMUNICATIONS LLC,1,FY2024_Q4
NTERONE CORPORATION,1,FY2024_Q4
"LEGION TECHNOLOGIES, INC.",1,FY2024_Q4
DRUMMOND CPA LLC,1,FY2024_Q4
ORLANDO KART CENTER,1,FY2024_Q4
OM SUN PROPERTY LLC,1,FY2024_Q4
PRAIRIE MANAGEMENT  DEVELOPMENT INC,1,FY2024_Q4
RIGHT TAX SERVICE LLC,1,FY2024_Q4
POTOMAC CONF CORPORATION OF SEVENTHDAY ADVENTISTS,1,FY2024_Q4
SNAPPY APP INC.,1,FY2024_Q4
RENT A CENTER,1,FY2024_Q4
"LIDL US, LLC",1,FY2024_Q4
"NUTRABRANDS, INC.",1,FY2024_Q4
PINTAIL COFFEE INC.,1,FY2024_Q4
"OVERNIGHT PRINTING SEATTLE, INC",1,FY2024_Q4
QUALITAS INSURANCE COMPANY,1,FY2024_Q4
ARAMCO SERVICES COMPANY,1,FY2024_Q4
NAU COMPUTER INC,1,FY2024_Q4
"MAGNIT, LLC",1,FY2024_Q4
"PARAFIN, INC",1,FY2024_Q4
"NEWSELA, INC.",1,FY2024_Q4
"ITECHSTACK, INC.",1,FY2024_Q4
"LIMINEX, INC. DBA GOGUARDIAN",1,FY2024_Q4
314E CORPORATION,1,FY2024_Q4
"TECH HOLDING, LLC",1,FY2024_Q4
MIND COMPUTING INC,1,FY2024_Q4
"ORASI SOFTWARE, INC.",1,FY2024_Q4
"NRICH ENTERPRISE SOLUTIONS, LLC",1,FY2024_Q4
NATHAN BRIGHT ARCHITECT DBA BRIGHT ARCHITECTURE,1,FY2024_Q4
"STEPHEN L. BORUFF, AIA ARCHITECTS  PLANNERS, INC.",1,FY2024_Q4
KPFF CONSULTING ENGINEERS,1,FY2024_Q4
"STACY AND WITBECK, INC.",1,FY2024_Q4
"OPTIMUM SEISMIC, INC",1,FY2024_Q4
"CHEMICAL  INDUSTRIAL ENGINEERING, INC.",1,FY2024_Q4
NSF INTERNATIONAL,1,FY2024_Q4
"NOLATO GW, INC.",1,FY2024_Q4
PDCA,1,FY2024_Q4
CHEFUS CORPORATION,1,FY2024_Q4
"DRAGONFLY THERAPEUTICS, INC.",1,FY2024_Q4
"LUMICKS USA, INC.",1,FY2024_Q4
AIDS HEALTHCARE FOUNDATION,1,FY2024_Q4
"KIM  KIM LAW GROUP, P.C.",1,FY2024_Q4
OCP DIGITAL TECH PARTNERS LLC,1,FY2024_Q4
LEMPIA SUMMERFIELD KATZ LLC,1,FY2024_Q4
LAW OFFICE OF BARRY PASTERNACK,1,FY2024_Q4
"LAW OFFICES OF NATALIA FRIDMAN, P.A",1,FY2024_Q4
"LIBERTY LAW GROUP, PLLC",1,FY2024_Q4
NORTH CENTRAL COLLEGE,1,FY2024_Q4
MORENCI UNIFIED SCHOOL DISTRICT,1,FY2024_Q4
"LAKEWOOD TAEKWONDO ACADEMY, INC.",1,FY2024_Q4
JHA PHARMA LLC,1,FY2024_Q4
NANNY CARE LLC,1,FY2024_Q4
POPE SHENOUDA ENTERPRISES III INC,1,FY2024_Q4
"LEES FAMILY DELI, INC.",1,FY2024_Q4
BUSY KITCHEN CORPORATION INC.,1,FY2024_Q4
DOGWOOD CANYON FOUNDATION,1,FY2024_Q4
"THE BLACK SHEEP KITCHEN  BAR, LLC",1,FY2024_Q4
JAMES DINNEEN,1,FY2024_Q4
"FANCY APPLE, INC.",1,FY2024_Q4
"KING ENTERPRISES OF VA, INC",1,FY2024_Q4
LANE MARSH REALTY INC,1,FY2024_Q4
"KOKO STYLE NY, INC.",1,FY2024_Q4
"PORTUGUESE TRANSLATION SERVICE, INC",1,FY2024_Q4
"ORDEG MORTGAGES, LLC",1,FY2024_Q4
"KAN CAN USA, INC.",1,FY2024_Q4
LONDON SUPPLIES INC,1,FY2024_Q4
PESSOTE CONSTRUCTION INC,1,FY2024_Q4
NEW AMERICA BEAUTY EDUCATION CORP,1,FY2024_Q4
NS HOSPITALITY GROUP INC,1,FY2024_Q4
"FINESSE DENTAL PARTNERS, LLC",1,FY2024_Q4
GELATO PARADISO LLC,1,FY2024_Q4
MANN EXPRESS LLC,1,FY2024_Q4
NORDCO RAIL SERVICES LLC,1,FY2024_Q4
"MVT SERVICES, LLC DBA MESILLA VALLEY TRANSPORTATIO",1,FY2024_Q4
MEALCO,1,FY2024_Q4
"TOUGHBUILT INDUSTRIES, INC.",1,FY2024_Q4
"JOANN STORES SUPPORT CENTER, INC",1,FY2024_Q4
STONELINE GROUP LLC,1,FY2024_Q4
STONE BASYX LLC,1,FY2024_Q4
MOROSO CONSTRUCTION INC.,1,FY2024_Q4
"STRATEGIC DENTAL EXECUTIVES, LLC",1,FY2024_Q4
"CUBMEX GROUP, LLC",1,FY2024_Q4
SGI POWER TRANSMISSION LLC,1,FY2024_Q4
EMERGENT TRAVEL HEALTH INC.,1,FY2024_Q4
DISTRIBUIDORA IMPORTADORA GREYMALDO CA LLC,1,FY2024_Q4
"L.E.K. CONSULTING, LLC",1,FY2024_Q4
"ELECNOR BELCO ELECTRIC, INC.",1,FY2024_Q4
IULIA DANILOVA FITNESS LLC,1,FY2024_Q4
SAHARA CONTRACTING CORP,1,FY2024_Q4
SOUTH PIE COMPANY INC,1,FY2024_Q4
STLTRUCKERS LLC,1,FY2024_Q4
ILA CORPORATION,1,FY2024_Q4
MRS WOODCRAFTER INC.,1,FY2024_Q4
HUNSA INC DBA KALA THAI COOKERY,1,FY2024_Q4
"INSITE, LLC",1,FY2024_Q4
PAPERTRAILSPA INC,1,FY2024_Q4
"COMPUTER SERVICES, INC.",1,FY2024_Q4
GHOST MART INC,1,FY2024_Q4
SQUARE CIRCLE IA LP,1,FY2024_Q4
LIONS INVESTMENTS  SERVICES GROUP LLC,1,FY2024_Q4
VATIC LABS OPERATIONS LLC,1,FY2024_Q4
CHILDRENS HOSPITAL,1,FY2024_Q4
GLOBILITY INC.,1,FY2024_Q4
"SOFTWARE PROFESSIONALS, INC",1,FY2024_Q4
ERP SMARTLABS LLC,1,FY2024_Q4
LEANIT SOLUTIONS LLP,1,FY2024_Q4
B2B INFOSYS INC,1,FY2024_Q4
"HARMONIC, INC.",1,FY2024_Q4
"1661, INC",1,FY2024_Q4
LAUGH FACTORY INC,1,FY2024_Q4
STOVELL AI SYSTEMS LLC,1,FY2024_Q4
"WISER SOLUTIONS, INC.",1,FY2024_Q4
"THEATRO LABS, INC.",1,FY2024_Q4
"SRICOM, INC.",1,FY2024_Q4
ALACRITY ITS INC,1,FY2024_Q4
VELODYNE LIDAR,1,FY2024_Q4
GROUPECONNECT LLC,1,FY2024_Q4
"CORPORATE BROKERS, LLC",1,FY2024_Q4
"AINFOX, LLC",1,FY2024_Q4
SOL K SHAOLIANASSOCIATES INC DBA SKS CONSTRUCTION,1,FY2024_Q4
"HASSANSONS, INC",1,FY2024_Q4
"SMILEDIRECTCLUB, LLC",1,FY2024_Q4
"ENERGY ENGINEERING ASSOCIATES, INC",1,FY2024_Q4
LONGARM ENGINEERING LLC,1,FY2024_Q4
"VALIANT INTERNATIONAL, INC.",1,FY2024_Q4
KB AUTOSYS AMERICA INC.,1,FY2024_Q4
CITIZEN DESIGN COLLABORATIVE,1,FY2024_Q4
EAST CARROLL PARISH SCHOOL BOARD,1,FY2024_Q4
ALTERNE LLC,1,FY2024_Q4
"PROGRESSIVE DENTAL CONCEPTS, LLC",1,FY2024_Q4
"NORTHSTAR ANESTHESIA OF MICHIGAN III, PLLC",1,FY2024_Q4
COMMUNITY MEMORIAL HOSPITAL,1,FY2024_Q4
EAST CAROLINA UNIVERSITY,1,FY2024_Q4
STICKY RICE ECHO PARK,1,FY2024_Q4
TSY OF PP LLC,1,FY2024_Q4
CYNTHIA DE LOS SANTOS,1,FY2024_Q4
ELIZABETH CATHERINE COOK PROCTOR,1,FY2024_Q4
ERIC MORSE,1,FY2024_Q4
ELIZABETH STRICKLAND DESMOND,1,FY2024_Q4
EMILY MILAS,1,FY2024_Q4
KYLE ROWLANDS,1,FY2024_Q4
NOVA TIME LLC,1,FY2024_Q4
"EEMAX, INC.",1,FY2024_Q4
ELEVADO ESTATES MHP L.L.C,1,FY2024_Q4
EL PASO VIVA DENTAL,1,FY2024_Q4
"STOREY CUSTOM HOMES, LLLP",1,FY2024_Q4
SOBAYA RESTAURANT INC.,1,FY2024_Q4
"SOHO NEWYORK, LLC",1,FY2024_Q4
ROCHESTER UNIVERSITY,1,FY2024_Q4
"LAW OFFICES OF BRIAN W. OH, PLC.",1,FY2024_Q4
"CENTRAL CITY AUTOMOTIVE SHOP, INC",1,FY2024_Q4
JOHN OLINGER,1,FY2024_Q4
BRADY CONSTRUCTION CORP.,1,FY2024_Q4
DBD CONTRACTING LLC,1,FY2024_Q4
EASTERN IRRIGATION AND PUMP COMPANY,1,FY2024_Q4
FEDERAL PROFESSIONAL SOLUTIONS INC,1,FY2024_Q4
"SRCF, LLC",1,FY2024_Q4
"ST. CHARLES FLYING SERVICE, INC.",1,FY2024_Q4
"ROYDENT, INC.",1,FY2024_Q4
"KJ SEO, LLC",1,FY2024_Q4
ARELLANO TRUCKING INCORPORATED,1,FY2024_Q4
PERKINS AUTOMOTIVE INC.,1,FY2024_Q4
PDT REAL ESTATE DEVELOPMENT LLC,1,FY2024_Q4
MIND THE BRIDGE INC.,1,FY2024_Q4
"NORTH SHORE MEDICAL CENTER, INC.",1,FY2024_Q4
"MINISO DEPOT CA, INC.",1,FY2024_Q4
TEEKAY MARINE SOLUTIONS,1,FY2024_Q4
NEUROGYM LLC,1,FY2024_Q4
VAD LLC D.B.A AV DIAMONDS,1,FY2024_Q4
WIN PACIFIC CORPORATION,1,FY2024_Q4
"THE AYCO COMPANY, L.P., A GOLDMAN SACHS COMPANY",1,FY2024_Q4
"SUSHI HOUSE, INC. DBA GOWASABI",1,FY2024_Q4
MITSUBISHI MOTORS NORTH AMERICA,1,FY2024_Q4
PIKE SOLUTIONS INC,1,FY2024_Q4
PATTON LABS INC.,1,FY2024_Q4
PCI INDUSTRIES LLC DBA POTTORFF,1,FY2024_Q4
TAITCONSULTINGGROUP LLC,1,FY2024_Q4
NAVA SOFTWARE SOLUTIONS LLC,1,FY2024_Q4
"VIRTUAL PICU SYSTEMS, LLC",1,FY2024_Q4
BANKERS TRUST COMPANY,1,FY2024_Q4
"PHILIPS HEALTHCARE INFORMATICS, INC.",1,FY2024_Q4
TECHVIRTUE LLC,1,FY2024_Q4
PLASTIQ INC.,1,FY2024_Q4
"PHASE MARGIN, INC.",1,FY2024_Q4
"PCMI, LLC",1,FY2024_Q4
CYTIVA  GLOBAL LIFE SCIENCES SOLUTIONS USA LLC,1,FY2024_Q4
TENSTORRENT USA INC,1,FY2024_Q4
"PCS ADMINISTRATION USA, INC",1,FY2024_Q4
"OXIDE INTERACTIVE, INC",1,FY2024_Q4
"PEOPLE  LOGISTICS AMERICA, INC.",1,FY2024_Q4
PET MEDIC 01 INC.,1,FY2024_Q4
"LIKE IN FRANCE CAFE, INC.",1,FY2024_Q4
"SURA BBQ BOSTON, INC.",1,FY2024_Q4
"PHO CHILI, INC. DBA THE BANGKOK",1,FY2024_Q4
PETER WIKANDER,1,FY2024_Q4
"RAS BUSINESS, LLC DBA HOMERUN DERBY CAR WASH 3",1,FY2024_Q4
MSC CAR RENTAL LLC,1,FY2024_Q4
VISION 300 CONSULTING LLC,1,FY2024_Q4
MADERN USA,1,FY2024_Q4
"OSHO JAPANESE RESTAURANT, INC.",1,FY2024_Q4
NAVARRO GROUP AC INC,1,FY2024_Q4
PELICANA USA INC.,1,FY2024_Q4
UNBABEL INC.,1,FY2024_Q4
UNIVERSAL CITY DEVELOPMENT PARTNERS LTD,1,FY2024_Q4
SAI GLOBAL COMPLIANCE INC.,1,FY2024_Q4
"TIER 1 STAFFING, INC.",1,FY2024_Q4
OKLAHOMA INVESTMENT GROUP,1,FY2024_Q4
GOODRICH CORPORATION,1,FY2024_Q4
"KLAFRANCHISE, LLC",1,FY2024_Q4
VBZ GROUP CORP,1,FY2024_Q4
"PRECETTI, INC.",1,FY2024_Q4
FIRST NATIONAL OF NEBRASKA INC.,1,FY2024_Q4
ZOKU LLC,1,FY2024_Q4
NURA USA LLC,1,FY2024_Q4
"DOLAN, TIMOTHY G  BELL, MATTHEW K",1,FY2024_Q4
"RIALTO CAPITAL MANAGEMENT, LLC",1,FY2024_Q4
AKER HOLDINGS LLC,1,FY2024_Q4
INTERNATIONAL MORTGAGE ASSOCIATES INC,1,FY2024_Q4
TRICARE PHARMACY INC,1,FY2024_Q4
HIH INC.,1,FY2024_Q4
SMALLBOARD.COM,1,FY2024_Q4
AMERICAN SOCIETY OF SAFETY PROFESSIONALS,1,FY2024_Q4
TECHNOTIME BUSINESS SOLUTIONS,1,FY2024_Q4
ZAPLABS LLC,1,FY2024_Q4
GRAMENER INC.,1,FY2024_Q4
"NUTRIEN AG SOLUTIONS, INC.",1,FY2024_Q4
EL PAISANO WAREHOUSE LLC.,1,FY2024_Q4
EQUILEND HOLDINGS LLC,1,FY2024_Q4
SMARTCONTRACT INC.,1,FY2024_Q4
NS MOBILITY INC,1,FY2024_Q4
"INLIGHTEN, INC.",1,FY2024_Q4
"LANGAN ENGINEERING, D.P.C.",1,FY2024_Q4
PRIMELAND REAL ESTATE DEVELOPMENT LLC,1,FY2024_Q4
MORGAN TRUCK BODY LLC DBA MORGAN CORPORATION,1,FY2024_Q4
"WOOJIN IS AMERICA, INC.",1,FY2024_Q4
GENALYTE INC,1,FY2024_Q4
"CARROLL GUIDO GROFFMAN COHEN BAR  KARALIAN, LLP",1,FY2024_Q4
"GRISSIM METZ ANDRIESE ASSOCIATES, INC.",1,FY2024_Q4
CARE DENTAL HOBBS LLC,1,FY2024_Q4
"NORTH MISSISSIPPI MEDICAL CLINICS, INC.",1,FY2024_Q4
"CHARLESTON AREA MEDICAL CENTER, INC.",1,FY2024_Q4
PREVEA CLINIC,1,FY2024_Q4
APERION CARE BURBANK,1,FY2024_Q4
COAST SUSHI CORP,1,FY2024_Q4
LUCKY CHINA INC,1,FY2024_Q4
CHRISTOPHER STEPHENS,1,FY2024_Q4
ANAND CORPORATION,1,FY2024_Q4
CRAIG MACHINERY  DESIGN,1,FY2024_Q4
JB INDUSTRIES,1,FY2024_Q4
H2O.AI,1,FY2024_Q4
THE ROCKMONT MOTOR COMPANY,1,FY2024_Q4
ACTIVISION BLIZZARD MEDIA LLC,1,FY2024_Q4
"HYPERMEDIA SOLUTIONS LLC, DBA FUTUREBRAND",1,FY2024_Q4
PEARL ABYSS AMERICA INC,1,FY2024_Q4
"YOUSOFZAY, INC.",1,FY2024_Q4
FREMONT BEEF COMPANY,1,FY2024_Q4
"KOERBER PHARMA SOFTWARE, INC., FKA WERUM IT SOLUTIONS AMERICA, INC.",1,FY2024_Q4
APTAPHARMA,1,FY2024_Q4
FLEXSTEEL INDUSTRIES,1,FY2024_Q4
DELBERT SCHINDELE FARM,1,FY2024_Q4
MA  THE BEEHIVE CORP,1,FY2024_Q4
ROCHESTER DONUTS,1,FY2024_Q4
"HOLIK AMERICA, LLC",1,FY2024_Q4
TACOMBI HOLDING NA LLC,1,FY2024_Q4
"LA FINESTRA, L.C.",1,FY2024_Q4
WTP AMERICA LLC DBA WT PARTNERSHIP,1,FY2024_Q4
HDTECH SOLUTIONS INC.,1,FY2024_Q4
MUSA OBREGON LAW PC,1,FY2024_Q4
"HARMONY GROUP, INC",1,FY2024_Q4
ACCU REFERENCE MEDICAL LAB,1,FY2024_Q4
LINCOLN ELECTRIC,1,FY2024_Q4
SCG AMERICA GROUP INC.,1,FY2024_Q4
KSM BUSINESS LLC,1,FY2024_Q4
SDP INTERNATIONAL CORPORATION,1,FY2024_Q4
"KAUTEX, INC.",1,FY2024_Q4
CITW INC,1,FY2024_Q4
BRAVIANT LLC,1,FY2024_Q4
SYNERZY SOFTWARE SOLUTIONS INC,1,FY2024_Q4
SKILLFUL TECHNOLOGIES INC,1,FY2024_Q4
"IFS NORTH AMERICA, INC.",1,FY2024_Q4
PRESCIENT TECHNOLOGIES INC.,1,FY2024_Q4
BEST HIGH TECHNOLOGIES LLC,1,FY2024_Q4
QUANTRAX CORPORATION INC.,1,FY2024_Q4
"REDBOX AUTOMATED RETAIL, LLC",1,FY2024_Q4
ARCADIA SOLUTIONS,1,FY2024_Q4
CODEWORKS LLC,1,FY2024_Q4
HANU SOFTWARE SOLUTIONS INC.,1,FY2024_Q4
"STAFFORD COMMUNICATIONS GROUP, INC.",1,FY2024_Q4
"S3 GROUP, INC",1,FY2024_Q4
JRSS CORPORATION,1,FY2024_Q4
VDART INC,1,FY2024_Q4
EVOLENT HEALTH LLC,1,FY2024_Q4
"ONE TECHNOLOGIES, LLC",1,FY2024_Q4
CHILDRENS MEDICAL CENTER,1,FY2024_Q4
"HARGRAVE YACHTS BROKERAGE  CHARTER, INC.",1,FY2024_Q4
EASY AERIAL INC.,1,FY2024_Q4
"CARBON, INC.",1,FY2024_Q4
COLLEGE OF STATEN ISLAND OF THE CITY U OF NEW YORK,1,FY2024_Q4
BUCKEYE UNION SCHOOL DISTRICT,1,FY2024_Q4
BATESVILLE COMMUNITY SCHOOL CORPORATION,1,FY2024_Q4
"JAPANESE CHILDRENS SOCIETY, INC.",1,FY2024_Q4
JSERRA CATHOLIC HIGH SCHOOL,1,FY2024_Q4
VLP FURNITURE INC,1,FY2024_Q4
"SEONHO HA, DDS, INC.",1,FY2024_Q4
"PRIME MEDICINE, LLC",1,FY2024_Q4
COUNTY OF MONTEREY,1,FY2024_Q4
VAZQUEZ ENTERPRISE INC DBA GUADALAJARA RESTAURANT,1,FY2024_Q4
NEW WORLD FOOD MART LLC,1,FY2024_Q4
WILLIS NORTH AMERICA INC.,1,FY2024_Q4
AVLON SECURITY,1,FY2024_Q4
"MCT, INC.",1,FY2024_Q4
MY REALTY GROUP LLC,1,FY2024_Q4
CHEVRON FOODMART,1,FY2024_Q4
EVERGREEN TOTAL LANDSCAPING LLC,1,FY2024_Q4
ROOSTER CONSTRUCTION CO. CORP.,1,FY2024_Q4
NEW ENGLAND FENCING INC,1,FY2024_Q4
JIMENEZ CONSTRUCTION LLC,1,FY2024_Q4
APEX WINDOW WERKS USA CORP,1,FY2024_Q4
I  I WHOLESALES CORP.,1,FY2024_Q4
RANKIN TEXTILE PRINTING INC,1,FY2024_Q4
COAST 2 COAST COACHING INC.,1,FY2024_Q4
"MATRIX SCIENCES MIDCO, INC.",1,FY2024_Q4
CONDUCTIVE VENTURES MANAGEMENT LLC,1,FY2024_Q4
"NXL TECHNOLOGIES, LLC",1,FY2024_Q4
BENTLEY LABORATORIES LLC,1,FY2024_Q4
"INV MANAGEMENT SERVICES, LLC.",1,FY2024_Q4
"SPEEDLINE WAREHOUSE, INC.",1,FY2024_Q4
RELIABLE BUILDING SOLUTIONS LLC,1,FY2024_Q4
JUNE CO,1,FY2024_Q4
HELEN OF TROY NEVADA CORPORATION,1,FY2024_Q4
"BUILDOPS, INC",1,FY2024_Q4
LEIGHFISHER INC.,1,FY2024_Q4
AE REAL ESTATE MANAGEMENT LLC,1,FY2024_Q4
"LIFE FITNESS, LLC",1,FY2024_Q4
"ICE DATA ANALYTICS, LLC",1,FY2024_Q4
EASTERN MICHIGAN UNIVERSITY,1,FY2024_Q4
"INFORMATION TECHNOLOGY AND MANAGEMENT CONSULTING,",1,FY2024_Q4
"PACTERA TECHNOLOGIES NA, INC",1,FY2024_Q4
ALLIANCECHICAGO,1,FY2024_Q4
"KR ELIXIR, INC.",1,FY2024_Q4
"CONSULTING PROFESSIONALS, LLC",1,FY2024_Q4
INFOZEAL SOLUTIONS INC,1,FY2024_Q4
MESHARE INC.,1,FY2024_Q4
ELEPHANT INSURANCE SERVICES LLC,1,FY2024_Q4
JUST NATURAL PRODUCTS LLC,1,FY2024_Q4
"RENEW FINANCIAL GROUP, LLC",1,FY2024_Q4
FDS BANK,1,FY2024_Q4
TENARIS COILED TUBES LLC,1,FY2024_Q4
"ZF GAINESVILLE, LLC",1,FY2024_Q4
GREENWICH COMMODITIES LLC,1,FY2024_Q4
FREEPORTMCMORAN MIAMI INC.,1,FY2024_Q4
"GUSMER ENTERPRISES, INC.",1,FY2024_Q4
KATALYST HEALTHCARES  LIFE SCIENCES INC,1,FY2024_Q4
DADGOSTAR LAW LLP,1,FY2024_Q4
CHERIAN LLP FKA RUYAKCHERIAN LLP,1,FY2024_Q4
NEW TOWN PUBLIC SCHOOL DISTRICT #1,1,FY2024_Q4
HACKLEY SCHOOL,1,FY2024_Q4
FREDDIE LEIBA INC,1,FY2024_Q4
MINX INTERNATIONAL INC. DBA DAMASK FABRICS,1,FY2024_Q4
SAEKYU OH DMD DENTAL CORP.,1,FY2024_Q4
"BAYHEALTH MEDICAL CENTER, INC",1,FY2024_Q4
SEOUL46PROJECT CORP,1,FY2024_Q4
AGGIE SERVICES INC,1,FY2024_Q4
SINGHSONS INC,1,FY2024_Q4
"DAMON DILODOVICO RACING STABLE, LLC",1,FY2024_Q4
"MIAMI INTERNATIONAL ARMS, LLC",1,FY2024_Q4
I CAN BARBECUE KOREAN GRILL LLC,1,FY2024_Q4
ALPINE COUNTRY RD LLC,1,FY2024_Q4
IMAGE INNOVATION INC.,1,FY2024_Q4
"HOMESTAR SOLUTIONS, LLC",1,FY2024_Q4
ROM CONSTRUCT LLC,1,FY2024_Q4
ROLY POLY ENTERPRISES INC.,1,FY2024_Q4
CASANOVA PUBLICIDAD LLC,1,FY2024_Q4
THE LIFETIME VALUE CO.,1,FY2024_Q4
BOEING DISTRIBUTION SERVICES  INC.,1,FY2024_Q4
"EMPLOYER DIRECT HEALTHCARE, LLC",1,FY2024_Q4
DAMCO DISTRIBUTION SERVICES INC.,1,FY2024_Q4
"MISUNG PAPER  PRINTING, INC.",1,FY2024_Q4
BROOKFIELD PUBLIC SECURITIES GROUP LLC,1,FY2024_Q4
"CLEARMOTION, INC.",1,FY2024_Q4
BOVET INVESTMENT GROUP INC,1,FY2024_Q4
I66 EXPRESS MOBILITY PARTNERS LLC,1,FY2024_Q4
HERNO USA INC,1,FY2024_Q4
TRADITION AMERICA HOLDINGS INC.,1,FY2024_Q4
DIGITAL FEDERAL CREDIT UNION,1,FY2024_Q4
GEISINGER HEALTH PLAN,1,FY2024_Q4
CAMBRIDGE TECHNOLOGY INC,1,FY2024_Q4
FERGUSON ENTERPRISES LLC,1,FY2024_Q4
LOTAME SOLUTIONS,1,FY2024_Q4
ECHELON DIAGNOSTICS INC.,1,FY2024_Q4
"MALE EXCEL, INC.",1,FY2024_Q4
"SHOPRUNNER, INC.",1,FY2024_Q4
BOSTON ENERGY TRADING AND MARKETING,1,FY2024_Q4
"LITTLE CAESAR ENTERPRISES, INC.",1,FY2024_Q4
JOY GLOBAL SURFACE MINING,1,FY2024_Q4
"ONIT, INC.",1,FY2024_Q4
"PROJECT AFFINITY, INC.",1,FY2024_Q4
WARREN AND CARTER TECHNOLOGIES INC,1,FY2024_Q4
CMET,1,FY2024_Q4
ELECTRIC POWER RESEARCH INSTITUTE,1,FY2024_Q4
CERUS CORPORATION,1,FY2024_Q4
"IMPERATIVE CARE, INC",1,FY2024_Q4
"NEUROSPRING, INC.",1,FY2024_Q4
BIALOSKY  PARTNERS ARCHITECTS LLC,1,FY2024_Q4
MELLANOX TECHNOLOGIES,1,FY2024_Q4
SEMTECH CORPORATION,1,FY2024_Q4
KRATON POLYMERS U.S. LLC,1,FY2024_Q4
"IROQUOIS INDUSTRIES, INC.",1,FY2024_Q4
CONFORMAL MEDICAL INC.,1,FY2024_Q4
VAN DYK BALER CORP.,1,FY2024_Q4
"FOUNTAINHEAD FOODSERVICE GROUP, INC.",1,FY2024_Q4
"INNFOCUS, INC.",1,FY2024_Q4
LAW OFFICES OF LORCAN SHANNON,1,FY2024_Q4
"DOVE SCHOOLS, INC.",1,FY2024_Q4
W STERNOFF LLC,1,FY2024_Q4
CARDINAL STRITCH UNIVERSITY,1,FY2024_Q4
DELEGATA CORPORATION,1,FY2024_Q4
RITE AID HDQTRS. CORP.,1,FY2024_Q4
COMPASSIONATE CANCER CARE MEDICAL GROUP,1,FY2024_Q4
"PEDIATRIC SPEECH AND LANGUAGE SERVICES, INC.",1,FY2024_Q4
GLENS FALLS HOSPITAL,1,FY2024_Q4
MOSELLE CARE HOME,1,FY2024_Q4
AGILE HOSPITALITY LLC,1,FY2024_Q4
SK FULL SERVICE CLEANING INC.,1,FY2024_Q4
ERIC C CIOE PENA,1,FY2024_Q4
KRISTINA DIANE PERRY,1,FY2024_Q4
TNW ENTERPRISES LLC,1,FY2024_Q4
FACET OKLAHOMA LLC,1,FY2024_Q4
"NS ENTERPRISES, INC. DBA MOSS STUDIO HOME",1,FY2024_Q4
"J.R. CONSTRUCTION CO., INC.",1,FY2024_Q4
LEGGETT CONTRACTING CORP,1,FY2024_Q4
ACE IRRIGATION DBA WETSCAPE,1,FY2024_Q4
"AAU, INC. DBA ARTHURS AUTO UPHOLSTERY",1,FY2024_Q4
CYTEC ENGINEERED MATERIALS INC.,1,FY2024_Q4
4PX EXPRESS USA,1,FY2024_Q4
FREDERICK WILDMAN  SONS LTD,1,FY2024_Q4
CLARK FOUNDATIONS LLC,1,FY2024_Q4
DELTA RESEARCH CORP.,1,FY2024_Q4
"ALLSTATE INTL FREIGHT USA, INC.",1,FY2024_Q4
"AMF WORLD ENTERPRISE, INC.",1,FY2024_Q4
CHUNGSOO HA INSURANCE AND FINANCIAL SERVICE INC.,1,FY2024_Q4
770R LLC,1,FY2024_Q4
TSINGYUAN VENTURES,1,FY2024_Q4
GLOBAL INFRASTRUCTURE MANAGEMENT LLC,1,FY2024_Q4
AMERICAN EXPRESS NATIONAL BANK,1,FY2024_Q4
"PRIVCO MEDIA, LLC",1,FY2024_Q4
SOFTART INC,1,FY2024_Q4
"ADVENT GLOBAL SOLUTIONS,INC.",1,FY2024_Q4
STEAM SOFTWARE INC,1,FY2024_Q4
"A9.COM, INC.",1,FY2024_Q4
"EDUCATION SERVICE CENTER, REGION 20",1,FY2024_Q4
AMERIDGE CORPORATION,1,FY2024_Q4
ATHOC INC.,1,FY2024_Q4
ADVANCE AUTO BUSINESS SUPPORT LLC,1,FY2024_Q4
AGILITY ROBOTICS,1,FY2024_Q4
"ENTERPRISE SOLUTIONS CONSULTING, LLC",1,FY2024_Q4
ARGENTO SC BY SICURA INC.,1,FY2024_Q4
GEOENV ENGINEERS,1,FY2024_Q4
DANSONS USA INC.,1,FY2024_Q4
FEDERALMOGUL MOTORPARTS LLC,1,FY2024_Q4
"ARCOSA, INC.",1,FY2024_Q4
SETTY  ASSOCIATES,1,FY2024_Q4
"BARAJA, INC.",1,FY2024_Q4
SPECTRUS LLC,1,FY2024_Q4
ARGUELLES LEGAL PL,1,FY2024_Q4
"AGUAMARINA GALERIA, INC",1,FY2024_Q4
SCIENCE ACADEMIES OF NEW YORK,1,FY2024_Q4
EHOMIE CHICAGO INC.,1,FY2024_Q4
"APOTHECARY RX, INC DBA THE MEDINE SHOPPE",1,FY2024_Q4
VIVAAN DENTAL SYSTEMS INC,1,FY2024_Q4
"SERENITY HOUSE ASSISTED LIVING, INC.",1,FY2024_Q4
"FAMILY AFFAIR CARE HOME, INC.",1,FY2024_Q4
A PARENTS PARADISE  CARE LLC,1,FY2024_Q4
"WHEATS LAWN  CUSTOM LANDSCAPING, INC.",1,FY2024_Q4
CAROL LEE,1,FY2024_Q4
ARMS TRANS INC.,1,FY2024_Q4
"TURKISH AMERICAN SOCIETY,INC.",1,FY2024_Q4
"SARA YEWON KIM, CPA, AN ACCOUNTANCY CORPORATION",1,FY2024_Q4
ZS DEV CORP,1,FY2024_Q4
BOORES TOWING AND STORAGE INC.,1,FY2024_Q4
C  R SURFACES LLC,1,FY2024_Q4
LIFE LINE FOODS LLC DBA BURIED TREASURE,1,FY2024_Q4
"CV AND ASSOCIATES, INC DBA CABINET REFRESH",1,FY2024_Q4
"KASTEN, INC.",1,FY2024_Q4
"CIRCADIAN HOLDINGS, LLC",1,FY2024_Q4
YUMMY PHO  BO NE LLC,1,FY2024_Q4
INTESA SANPAOLO,1,FY2024_Q4
LEGACY PLUS REALTY,1,FY2024_Q4
KEVIN LI ACCOUNTANCY CORP,1,FY2024_Q4
MHI RJ AVIATION INC.,1,FY2024_Q4
INSTITUTE OF ELECTRICAL  ELECTRONIC ENGINEERS,1,FY2024_Q4
MCA CONNECT LLC,1,FY2024_Q4
KEY CUBE CONSULTING LLC,1,FY2024_Q4
"HORIZON SYSTEMS, INC.",1,FY2024_Q4
"ICONOLOGY, INC.",1,FY2024_Q4
"INSIGNEO SECURITIES, LLC",1,FY2024_Q4
INTERGRAPH CORPORATION,1,FY2024_Q4
COMBOCURVE INC,1,FY2024_Q4
"HIVEMAPPER, INC.",1,FY2024_Q4
HOMECARE SOFTWARE SOLUTIONS DBA HHAEXCHANGE,1,FY2024_Q4
"BILLOW MYNDBEND, INC.",1,FY2024_Q4
LAFAYETTE 148 INC.,1,FY2024_Q4
"HORNBLOWER GROUP, INC.",1,FY2024_Q4
GENISYS SOFTWARE LTD,1,FY2024_Q4
HOTWIRE,1,FY2024_Q4
"JOBCASE, INC.",1,FY2024_Q4
BIORASI LLC,1,FY2024_Q4
"KOCH METHANOL ST. JAMES ,LLC",1,FY2024_Q4
MANTIS INNOVATION,1,FY2024_Q4
GRANTEK SYSTEMS INTEGRATION CORP,1,FY2024_Q4
INDUSPAD LLC,1,FY2024_Q4
GREENERGY RESOURCES CORP.,1,FY2024_Q4
"LITTLER MENDELSON, P.C.",1,FY2024_Q4
CHILDRENS HUT LLC,1,FY2024_Q4
MEADOW OAKS EDUCATION FOUNDATION,1,FY2024_Q4
H.C. FOODS CO LTD,1,FY2024_Q4
"MASTER  S, INC.",1,FY2024_Q4
"GREATER PHOENIX COLLABORATIVE CARE, PC",1,FY2024_Q4
LA CARRETA,1,FY2024_Q4
"KSF GROOMING, LLC",1,FY2024_Q4
JUAN BOCANEGRA,1,FY2024_Q4
ODDO BHF NEW YORK CORPORATION,1,FY2024_Q4
LEBLUE LLC,1,FY2024_Q4
4MDM INC,1,FY2024_Q4
LIANDA CONSTRUCTION LLC,1,FY2024_Q4
COLLECTIF ENGINEERING PLLC,1,FY2024_Q4
MACKAY CONSTRUCTION SERVICES INC,1,FY2024_Q4
HOUSTON POLO CLUB,1,FY2024_Q4
RAHI SYSTEMS INC.,1,FY2024_Q4
LOCAL BOUNTI CORPORATION,1,FY2024_Q4
"SDI INTERNATIONAL, CORP.",1,FY2024_Q4
CRRC MA,1,FY2024_Q4
"SHUSHA, INC.",1,FY2024_Q4
"AIR EXPRESS INTERNATIONAL USA, INC. DBA DHL GLOB",1,FY2024_Q4
"QUORUM ANALYTICS, INC.",1,FY2024_Q4
"EXOME ASSET MANAGEMENT, LLC.",1,FY2024_Q4
"RADIX GROUP INTERNATIONAL, INC",1,FY2024_Q4
"ROSE INTERNATIONAL, INC.",1,FY2024_Q4
COLORADO WEST CONSTRUCTION,1,FY2024_Q4
ELLID EXPRESS FREIGHT LLC,1,FY2024_Q4
"OLD CHICAGO CONSTRUCTION, INC.",1,FY2024_Q4
SOLUTIONS SYNC LLC,1,FY2024_Q4
"RUE DE CAN, INC.",1,FY2024_Q4
HAWKEYE CLAIMS LLC,1,FY2024_Q4
SINGERLEWAK LLP,1,FY2024_Q4
HAMILTON ENTERPRISES LLC,1,FY2024_Q4
"AMERISHAL INVESTMENTS, LLC.",1,FY2024_Q4
SPRUCE HOUSE INVESTMENT MANAGEMENT LLC,1,FY2024_Q4
SURGE OPERATING LLC,1,FY2024_Q4
SIERRA GLOBAL MANAGEMENT LLC,1,FY2024_Q4
NY SYSTEMS INC.,1,FY2024_Q4
ECFMG,1,FY2024_Q4
SCOTTLINE LLC,1,FY2024_Q4
PIKTORLABS,1,FY2024_Q4
FLORIDA BUSINESS TECHNOLOGIES LLC,1,FY2024_Q4
SAANSOL INC.,1,FY2024_Q4
SYNAPSE TECH SERVICES INC.,1,FY2024_Q4
"FUTUREVEST, INC. DBA THE FLOOR TRADER",1,FY2024_Q4
PLATFORM9 SYSTEMS INC,1,FY2024_Q4
GREAT LAKES CHEESE,1,FY2024_Q4
SUNNYS EXECUTIVE SEDAN SERVICE INC,1,FY2024_Q4
ONTO INNOVATION,1,FY2024_Q4
REVENUE ANALYTICS,1,FY2024_Q4
ROKO LABS LLC,1,FY2024_Q4
"TECHTU BUSINESS SOLUTIONS INC,",1,FY2024_Q4
SPREETAIL LLC,1,FY2024_Q4
REDIS,1,FY2024_Q4
HYLAND SOFTWARE,1,FY2024_Q4
OJO LABS LLC,1,FY2024_Q4
TC SERVICES,1,FY2024_Q4
MOBACK INC.,1,FY2024_Q4
NTERSOL CONSULTING LLC,1,FY2024_Q4
PHOENIX INNOVATIONS LLC,1,FY2024_Q4
RIOS,1,FY2024_Q4
JMORTON PLANNING AND LANDSCAPE ARCHITECTURE,1,FY2024_Q4
SABO STRUCTURAL ENGINEERING,1,FY2024_Q4
HUBBARD CONSTRUCTION COMPANY,1,FY2024_Q4
MITSUBISHI LOGISNEXT AMERICAS MARENGO,1,FY2024_Q4
"DSPACE, INC.",1,FY2024_Q4
GERS  USA LLC,1,FY2024_Q4
ITC HOLDINGS CORP,1,FY2024_Q4
"PRIMED MANAGEMENT CONSULTING SERVICES, INC.",1,FY2024_Q4
"DPT LABORATORIES, LTD.",1,FY2024_Q4
KLAR STUDIO INC.,1,FY2024_Q4
"NEOCOIL, LLC",1,FY2024_Q4
ADVANCED BIOTECH,1,FY2024_Q4
GIANT CEMENT COMPANY,1,FY2024_Q4
"SHELTON LAND AND CATTLE, LTD.",1,FY2024_Q4
NEW YORK BLOOD CENTER,1,FY2024_Q4
"PREFERRED FAMILY HEALTHCARE, INC.",1,FY2024_Q4
MADISON PARISH SCHOOL BOARD,1,FY2024_Q4
DEMOCRACY PREP NEW YORK CHARTER SCHOOLS,1,FY2024_Q4
HINDUJA TECH INC,1,FY2024_Q4
"GREG T. HARVEY, DMD, P.C.",1,FY2024_Q4
RESPECTFUL NUTRITION LLC,1,FY2024_Q4
NEW YORK STATE OFFICE OF MENTAL HEALTH,1,FY2024_Q4
INDIANA UNIVERSITY HEALTH SOUTHERN INDIANA PHYSICI,1,FY2024_Q4
"DOMINION CARDIOLOGY, PC",1,FY2024_Q4
PERSONALIZED HOME CARE SERVICES,1,FY2024_Q4
"AG FAMILY MEDICINE, PC",1,FY2024_Q4
PIE CASTLE INC,1,FY2024_Q4
PIE INVESTMENTS PINE HILL LLC,1,FY2024_Q4
FAKHRUDDIN AHMED,1,FY2024_Q4
"NEW GREEN LEAF, INC",1,FY2024_Q4
"NOSTEMO DINER, LLC DBA ANDYS DINER  PUB",1,FY2024_Q4
"SHIRO, INC.",1,FY2024_Q4
BRAZILIAN GRILL INC.,1,FY2024_Q4
"J T LANDSCAPES AND HYDROSEEDING, LLC",1,FY2024_Q4
AKASH KHAN INC,1,FY2024_Q4
M. TISHAD CORPORATION,1,FY2024_Q4
MASS PARTNERS LLC,1,FY2024_Q4
"DAVID SHIN, CPA, PC",1,FY2024_Q4
"ANGELS CREATION REPRODUCTIVE CENTER, INC.",1,FY2024_Q4
STIMULUS ATHLETIC LLC,1,FY2024_Q4
ROCKAWAY PRODUCE INC.,1,FY2024_Q4
"DUANES CRAWFISH FARMS, INC.",1,FY2024_Q4
"OZBNSC, LLC",1,FY2024_Q4
ARROYO ROOFING LLC,1,FY2024_Q4
"SKYRIDGE HOMES, INC",1,FY2024_Q4
HTI VISIONS LLC,1,FY2024_Q4
"PROJECT RESOURCES GROUP, INC",1,FY2024_Q4
IMAGE AUTO BODY,1,FY2024_Q4
CP AUTO SALES INC,1,FY2024_Q4
DOUCE FRANCE BAKERY,1,FY2024_Q4
IRON HORSE TRANSPORT,1,FY2024_Q4
"TOUCHPOINT MEDICAL, INC.",1,FY2024_Q4
"SMITH GARDENS, INC.",1,FY2024_Q4
KEYSTONE CONSTRUCTION CORP,1,FY2024_Q4
"VERSACE USA, INC.",1,FY2024_Q4
"UTASUSA, LTD.",1,FY2024_Q4
"FURNITURE OF AMERICA CALIFORNIA, INC.",1,FY2024_Q4
"GROVE COLLABORATIVE, INC.",1,FY2024_Q4
THE GLEASON WORKS,1,FY2024_Q4
KEYRUS USA INC,1,FY2024_Q4
CROSSCOUNTRY CONSULTING,1,FY2024_Q4
"GABRIEL BROS, INC",1,FY2024_Q4
"TS TECH AMERICAS, INC.",1,FY2024_Q4
WW INTERNATIONAL CONSULTING,1,FY2024_Q4
STAMBUL CONSTRUCTION LLC,1,FY2024_Q4
CABRERA CAPITAL MARKETS,1,FY2024_Q4
FREEMAN DIGITAL VENTURES LLC,1,FY2024_Q4
CONTAINER AND PACKAGING,1,FY2024_Q4
"CLOUDSUFI, INC.",1,FY2024_Q4
"VF OUTDOOR, LLC",1,FY2024_Q4
"TILLSTER, INC.",1,FY2024_Q4
NEPTUNE TECHNOLOGY GROUP,1,FY2024_Q4
CSXPERTS LLC,1,FY2024_Q4
FCI LENDER SERVICES INC,1,FY2024_Q4
VISITING NURSE SERVICE OF NEW YORK,1,FY2024_Q4
"WEGMANS FOOD MARKETS, INC.",1,FY2024_Q4
"UNICOM TECHNOLOGIES, INC.",1,FY2024_Q4
"CARE EVERYWHERE, LLC",1,FY2024_Q4
CENTRIC SOFTWARE,1,FY2024_Q4
"EAST WEST HAULING, INC.",1,FY2024_Q4
"CONCEPT SOFTWARE  SERVICES, INC",1,FY2024_Q4
JC USA INC,1,FY2024_Q4
"CSI GEO, INC.",1,FY2024_Q4
BRIERLEY ASSOCIATES CORPORATION,1,FY2024_Q4
MECA ENGINEERING CORPORATION OF AMERICA INC.,1,FY2024_Q4
"UPSHERSMITH LABORATORIES, LLC",1,FY2024_Q4
VERISILICON INC.,1,FY2024_Q4
WACKER POLYSILICON NORTH AMERICA LLC,1,FY2024_Q4
MISSION DESIGN AND AUTOMATION,1,FY2024_Q4
WHITE DRIVE MOTORS AND STEERING LLC,1,FY2024_Q4
ROCKFORD PUBLIC SCHOOL DISTRICT #205,1,FY2024_Q4
FULTON SCIENCE ACADEMY PRIVATE SCHOOL,1,FY2024_Q4
"COGENT HEALTHCARE OF JACKSONVILLE, LLC",1,FY2024_Q4
COGENT HEALTHCARE OF MONTANA PC,1,FY2024_Q4
COGENT HEALTHCARE OF IOWA PC,1,FY2024_Q4
VIRGINIA H. BROWN,1,FY2024_Q4
THE BARBER OF  SEVILLE INC,1,FY2024_Q4
JANEY BAKER,1,FY2024_Q4
"FOGGY FROG CEDAR, INC.",1,FY2024_Q4
NAZU ENTERPRISES INC,1,FY2024_Q4
LENORA ENTERPRISE MANAGEMENT LLC,1,FY2024_Q4
"COMMUNITY PROFESSIONAL HOSPICE CARE, LLC",1,FY2024_Q4
UNIVERSAL EXPRESS TRANSPORTSTION INC,1,FY2024_Q4
BRAZJET SYSTEM LLC,1,FY2024_Q4
DANIELS TABLE INC,1,FY2024_Q4
BLAXTON LLC,1,FY2024_Q4
BRAGA CONSTRUCTION CO. INC.,1,FY2024_Q4
"TURBOS REPAIR, LLC",1,FY2024_Q4
"WILD 57S, INC",1,FY2024_Q4
GHIRARDELLI CHOCOLATE CO,1,FY2024_Q4
"VSP GEORGIA, LLC",1,FY2024_Q4
THE CHALMERS CENTER FOR ECONOMIC DEVELOPMENT AT CO,1,FY2024_Q4
"WEBASTO ROOF SYSTEMS, INC.",1,FY2024_Q4
INTEGRITY SECURITY SERVICES LLC,1,FY2024_Q4
"LARLIN EMPLOYMENT AGENCY, INC.",1,FY2024_Q4
OL WAREHOUSE LLC,1,FY2024_Q4
MARKETPLACE GRILLE,1,FY2024_Q4
"HSU, YAO, THUANG  CHIANG CPAS, LLP",1,FY2024_Q4
JMP SECURITIES LLC,1,FY2024_Q4
GRADY HEALTH SYSTEM,1,FY2024_Q4
GUARDIAN ACCOUNTNG  FINANCIAL SOLUTIONS LLC,1,FY2024_Q4
LANDING AI US CORP,1,FY2024_Q4
MIKAN ASSOCIATES LLC,1,FY2024_Q4
BRIGHT BIRD TECHNOLOGIES INC,1,FY2024_Q4
RIA ADVISORY LLC,1,FY2024_Q4
HALLMARK FINANCIAL SERVICES,1,FY2024_Q4
SPORTON INTERNATIONAL USA INC.,1,FY2024_Q4
"LG ELECTRONICS ALABAMA, INC.",1,FY2024_Q4
LUMILEDS LLC,1,FY2024_Q4
"NUTRITION FORMULATORS, INC",1,FY2024_Q4
HD BIOSCIENCES INC.,1,FY2024_Q4
MADISON ENERGY HOLDINGS LLC,1,FY2024_Q4
ORAL ROBERTS UNIVERSITY,1,FY2024_Q4
HOSPITALIST MEDICINE PHYSICIANS OF OHIO PC,1,FY2024_Q4
REID TESCHNER,1,FY2024_Q4
ROBERT BRAND,1,FY2024_Q4
"TOTAL CARE ASSISTED LIVING HOME, LLC TC ALH, LLC",1,FY2024_Q4
ND LAUNDRY SERVICES LLC DBA QUICK VAPE,1,FY2024_Q4
TROPICAL RJ IMPORT AND EXPORT INC.,1,FY2024_Q4
XCEL LIFE SCIENCES LLC,1,FY2024_Q4
YOUR CHOICE AUTO SALES INC,1,FY2024_Q4
MILLSAPS TRAINING FACILITY,1,FY2024_Q4
INNOVATIVE MARKETING  DISTRIBUTION INC.,1,FY2024_Q4
IYENGAR DELIVERY CORPORATION  WORCESTER,1,FY2024_Q4
MASH ACCOUNTING  CONSULTING LLP,1,FY2024_Q4
"ALVAREZ  MARSAL NORTH AMERICA, LLC",1,FY2024_Q4
PARTPOINT INC,1,FY2024_Q4
KFW INVESTMENTS INC. DBA NEW SMART PHONES,1,FY2024_Q4
CLASSIC COMPUTERS CORPORATION,1,FY2024_Q4
"PARADOX, INC.",1,FY2024_Q4
QCRAFT INC,1,FY2024_Q4
COLUMBIA SPORTSWEAR COMPANY,1,FY2024_Q4
"QUIKNODE, INC.",1,FY2024_Q4
E.  J. GALLO WINERY,1,FY2024_Q4
"LEGACY ENGINEERING GROUP, PLLC",1,FY2024_Q4
"RZ DESIGN ASSOCIATES, INC.",1,FY2024_Q4
THERMA SERVICES LLC,1,FY2024_Q4
"GORDON REES SCULLY MANSUKHANI, LLP",1,FY2024_Q4
TRUSTEES OF BOSTON UNIVERSITY,1,FY2024_Q4
INTEGRATIVE SKIN SCIENCE AND RESEARCH CORP,1,FY2024_Q4
ACCESS COMMUNITY HEALTH NETWORK,1,FY2024_Q4
LA MOON CP THAI SPA LLC,1,FY2024_Q4
LEGENDARY PPT LLC,1,FY2024_Q4
LIBERTY D S LLC DBA PEPE DELGADOS MEXICAN RESTAURA,1,FY2024_Q4
JITESH SOARES,1,FY2024_Q4
RIGHTEOUS ACTS LLC  7ELEVEN,1,FY2024_Q4
THE LOST HORIZONS NURSERY INC,1,FY2024_Q4
GO SMART CAR SALES LLC,1,FY2024_Q4
RIVERBEND PLANTATION,1,FY2024_Q4
JBS ENTERPRISES 357 LLC,1,FY2024_Q4
CLINICAL RESEARCH INVESTMENT LLC,1,FY2024_Q4
"KINETIC PARTNERS MANAGEMENT, LP",1,FY2024_Q4
VEDHI SOLUTIONS LLC,1,FY2024_Q4
"VIRGIN PULSE, INC.",1,FY2024_Q4
IDT,1,FY2024_Q4
RWS DESIGN AND CONTROLS INC.,1,FY2024_Q4
"INFRASTRUCTURE FACTOR CONSULTING, INC.",1,FY2024_Q4
DEEPCELL INC,1,FY2024_Q4
IRELL  MANELLA,1,FY2024_Q4
EDUCATIONAL SOLUTIONS COMPANY,1,FY2024_Q4
"KW ABSC, INC. DBA LEA AND VIOLA INCORPORATED",1,FY2024_Q4
TRINITY BLESSED HOMECARE,1,FY2024_Q4
THE MISSION MB,1,FY2024_Q4
SHREE RAM ENTERPRISES LLC,1,FY2024_Q4
SAFARI TRAMPOLINE LLC,1,FY2024_Q4
DON TEXTILE INC,1,FY2024_Q4
"BEAUTY PLUS TRADING CO., INC",1,FY2024_Q4
TEAKLITE FLOORING INC,1,FY2024_Q4
PRESERVATION OF ATRISK WILDLIFE PAW FOUNDATION,1,FY2024_Q4
BEACON PLATFORM INCORPORATED,1,FY2024_Q4
"CAPSTONE IT, INC.",1,FY2024_Q4
SOUTH STATE BANK NATIONAL ASSOCIATION,1,FY2024_Q4
STEPHEN F. AUSTIN STATE UNIVERSITY,1,FY2024_Q4
LA SCUOLA,1,FY2024_Q4
CELESTE H. BOYD,1,FY2024_Q4
DAVID HOTSON ARCHITECT,1,FY2024_Q4
MORTGAGE BANK OF CALIFORNIA,1,FY2024_Q4
"SYCOMP, A TECHNOLOGY COMPANY, INC.",1,FY2024_Q4
EDWARD JONES,1,FY2024_Q4
FP MAILING SOLUTIONS,1,FY2024_Q4
DATASYS CONSULTING AND SOFTWARE INC,1,FY2024_Q4
"ADVANCED MOBILE PAYMENT, INC.",1,FY2024_Q4
"CDBMPB, INC. DBA PACIFIC BALLET CONSERVATORY",1,FY2024_Q4
WESTERN ALLIED CORPORATION,1,FY2024_Q4
"PATH DIGITAL ADVISORS, LLC",1,FY2024_Q4
"FORMA ENGINEERING, INC.",1,FY2024_Q4
COVERED BRIDGE ACADEMY LLC,1,FY2024_Q4
"SOUTHWEST CHILDCARE CENTER, INC.",1,FY2024_Q4
JONATHANS LANDING GOLF CLUB,1,FY2024_Q4
"FOOD F  C, INC.",1,FY2024_Q4
FUEL ENTERPRISES INC,1,FY2024_Q4
DANTE LAMA TRUCKING INC,1,FY2024_Q4
EXPO NAILS SPA,1,FY2024_Q4
"24 HOUR FITNESS USA, LLC",1,FY2024_Q4
"DISPATCHTRACK, LLC",1,FY2024_Q4
"KNOWLES ELECTRONICS, LLC",1,FY2024_Q4
"MONTEREY MUSHROOMS, INC",1,FY2024_Q4
SAHAJANAND HEALTHCARE LLC,1,FY2024_Q4
GR2 ENGINEERING INC.,1,FY2024_Q4
"EUROMONITOR INTERNATIONAL, INC.",1,FY2024_Q4
"PERCENTS, INC.",1,FY2024_Q4
COMPANY CC INC DBA SAGA,1,FY2024_Q4
SKYLINE RESTORATION INC,1,FY2024_Q4
THE INSTITUTE OF INTERNAL AUDITORS,1,FY2024_Q4
THE BERKELEY PARTNERSHIP US LP,1,FY2024_Q4
"DYNAXE CAPITAL, LLC",1,FY2024_Q4
"ADG, LLC",1,FY2024_Q4
"TOTAL CIVIL CONSTRUCTION  ENGINEERING, LLC",1,FY2024_Q4
FUTURALIS LLC,1,FY2024_Q4
"PYXUS HOLDINGS, INC.",1,FY2024_Q4
BILLD LLC,1,FY2024_Q4
"OLD WORLD INDUSTRIES, LLC",1,FY2024_Q4
"ABACUS.AI, INC.",1,FY2024_Q4
"PROLOGUE TECHNOLOGY, LLC",1,FY2024_Q4
STRATEGIC SOLUTIONS GROUP LLC,1,FY2024_Q4
ARCH INSURANCE GROUP INC.,1,FY2024_Q4
"KELLER SCHROEDER  ASSOCIATES, INC.",1,FY2024_Q4
JMRT SOLUTIONS,1,FY2024_Q4
"JBTP, LLC.",1,FY2024_Q4
RELIANT STAFFING SYSTEMS DBA CAREER START,1,FY2024_Q4
GERBER PRODUCTS COMPANY,1,FY2024_Q4
"ADIVO ASSOCIATES, LLC",1,FY2024_Q4
"SAATCHI  SAATCHI NORTH AMERICA, LLC",1,FY2024_Q4
THE FIDELIS GROUP INC,1,FY2024_Q4
CHRISTIE ENGINEERING,1,FY2024_Q4
VIA MERIDIANA CONTRACTORS LLC,1,FY2024_Q4
"TUM LOGISTICS CARRIER DIVISION, INC",1,FY2024_Q4
"PACDENT, INC",1,FY2024_Q4
"COMPUTER AIDED TECHNOLOGY, LLC",1,FY2024_Q4
HEICA CONSTRUCTION CORP.,1,FY2024_Q4
PARKER UNIFIED SCHOOL DISTRICT,1,FY2024_Q4
TRIPLE ACCESSORIES INC. DBA UNDERONESKY,1,FY2024_Q4
DEPARTMENT OF STATE HOSPITALS NAPA,1,FY2024_Q4
AIN DENTAL CARE PLLC,1,FY2024_Q4
"LEL PATRON, INC",1,FY2024_Q4
LUCKDEE LLC DBA SISTERS THAI,1,FY2024_Q4
SUNDARI PAREKH,1,FY2024_Q4
BEST PIZZA RIVERDALE INC,1,FY2024_Q4
ANDBANC WEALTH MANAGEMENT LLC,1,FY2024_Q4
OPTIVER SERVICES US LLC,1,FY2024_Q4
THE AMY MCDANIEL REAL ESTATE GROUP LLC,1,FY2024_Q4
HANA MART NY CORP,1,FY2024_Q4
R  A LAKE STORE INC,1,FY2024_Q4
"TOP CARS OF BOSTON, LLC",1,FY2024_Q4
HADAS ACCOUNTING  TAX SERVICES INC,1,FY2024_Q4
CODEMAX MEDICAL BILLING,1,FY2024_Q4
MILLS FOUNDATIONS LLC,1,FY2024_Q4
HUDSONS PAINTING AND SERVICES INC,1,FY2024_Q4
TAILOR MAID SF,1,FY2024_Q4
SHAWN JEWELERS,1,FY2024_Q4
WORLD LAB USA INC,1,FY2024_Q4
"BLUE NILE, INC.",1,FY2024_Q4
TRISPAN USA LLC,1,FY2024_Q4
FINALSHIP LLC,1,FY2024_Q4
"MK CONSTRUCTION  BUILDERS, INC.",1,FY2024_Q4
PHARMA NATURAL INC,1,FY2024_Q4
HALO PRODUCTS GROUP LLC,1,FY2024_Q4
"ENVERUS, INC.",1,FY2024_Q4
GLASSDOOR INC,1,FY2024_Q4
FINSERV CONSULTING LLC,1,FY2024_Q4
RMA RESTAURANT GROUP LLC DBA DOLCE OSTERIA,1,FY2024_Q4
SIMPLEFILE LLC,1,FY2024_Q4
FLORIDA RISK INSURANCE GROUP LLC,1,FY2024_Q4
"RG NIEDERHOFFER CAPITAL MANAGEMENT, INC.",1,FY2024_Q4
"KEY MANAGEMENT GROUP, INC.",1,FY2024_Q4
IQ SPECTRA INC,1,FY2024_Q4
"PIONEER WORKS, INC. DBA HOMEBASE",1,FY2024_Q4
MEDIARADAR,1,FY2024_Q4
"247.AI, INC.",1,FY2024_Q4
DISTRIBUTOR CORPORATION OF NEW ENGLAND,1,FY2024_Q4
VITG CORP,1,FY2024_Q4
"QUMULO, INC",1,FY2024_Q4
"OKERA, INC.",1,FY2024_Q4
"SHAREG, INC.",1,FY2024_Q4
"SPORTVISION, INC.",1,FY2024_Q4
"EKSOURCE TECHNOLOGIES, INC",1,FY2024_Q4
LOGIC PLANET CS INC,1,FY2024_Q4
"QUADGRAPHICS, INC.",1,FY2024_Q4
"CAPE ANALYTICS, INC",1,FY2024_Q4
DASHER HURST ARCHITECTS,1,FY2024_Q4
HYBRID ARCHITECTS LLC,1,FY2024_Q4
"ICM VENTURES, INC.",1,FY2024_Q4
"EXCELLENCE OPTO, INC.",1,FY2024_Q4
SIMA TECHNOLOGIES INC,1,FY2024_Q4
CSDA DESIGN GROUP,1,FY2024_Q4
"SAFEX, INC.",1,FY2024_Q4
PHARMAVITE,1,FY2024_Q4
FREUDENBERG MEDICAL,1,FY2024_Q4
ZAHRA STITOU DBA TECH WORLD,1,FY2024_Q4
"EVOTEC US, INC.",1,FY2024_Q4
"LANCETTI DBA OXYGENDEVELOPMENT, LLC",1,FY2024_Q4
ROBINSON  COLE LLP,1,FY2024_Q4
ORANGEBURG COUNTY SCHOOL DISTRICT,1,FY2024_Q4
KITBASH3D LLC,1,FY2024_Q4
E MERCHANT SUPPLIES,1,FY2024_Q4
"HERITAGE MANORELGIN, LLC DBA HERITAGE HEALTHELGI",1,FY2024_Q4
THE HOLY FAMILY INC. DBA BILLS HOUSE OF PIZZA,1,FY2024_Q4
"LOVEGOD123, INC.",1,FY2024_Q4
JENNIFER R FONES,1,FY2024_Q4
FATIMA FOOD MART LLC,1,FY2024_Q4
FIVE POINTS CORNER INC,1,FY2024_Q4
400 SLBW LLC,1,FY2024_Q4
"PALM BEACH IMPORTS, INC., DBA BRAMAN MOTORCARS",1,FY2024_Q4
"MIRAGE GRANITO CERAMICO USA, INC.",1,FY2024_Q4
"HYUNDAI ELECTRIC MACHINERY AMERICA, INC",1,FY2024_Q4
JANG  COMPANY ACCOUNTANCY CORPORATION,1,FY2024_Q4
IPLAZA NORTH MOORE INC,1,FY2024_Q4
FIBERPRO NETWORK SERVICES,1,FY2024_Q4
SANTOS LAW FIRM PL,1,FY2024_Q4
TRUE POSA LLC,1,FY2024_Q4
KEITH  JANA COOK JV,1,FY2024_Q4
WILLIAM GWYN CONSTRUCTION LLC,1,FY2024_Q4
UNIQUE AUTO BODY SOUTH JORDAN,1,FY2024_Q4
FJS SERVICES INC. DBA USA DIGITIZERS,1,FY2024_Q4
AMPHENOL FIBER OPTIC PRODUCTS,1,FY2024_Q4
GRAMMER INC,1,FY2024_Q4
FUDI FOOD CORP,1,FY2024_Q4
"SPECTRA LABORATORIES, INC., A FRESENIUS MEDICAL CA",1,FY2024_Q4
"ZENITH MEDIA SERVICES, INC.",1,FY2024_Q4
WELL MORE WELL INC,1,FY2024_Q4
"HITACHI RAIL STS USA, INC.",1,FY2024_Q4
"AMTRUST FINANCIAL SERVICES, INC",1,FY2024_Q4
BRIGHTREE LLC,1,FY2024_Q4
"EVIDERA, INC.",1,FY2024_Q4
"AMES ENGINEERING, INC.",1,FY2024_Q4
RCM TECHNOLOGIES,1,FY2024_Q4
"SEKISUI VOLTEK, LLC",1,FY2024_Q4
MCDERMOTT WILL  EMERY,1,FY2024_Q4
BARNWELL SCHOOL DISTRICT 45,1,FY2024_Q4
SMURFIT KAPPA NORTH AMERICA LLC,1,FY2024_Q4
"CHINA FURNITURE  ARTS ENTERPRISES, INC.",1,FY2024_Q4
SPARK PLUS,1,FY2024_Q4
"PEDIATRIX MEDICAL GROUP OF WASHINGTON, INC. P.S.",1,FY2024_Q4
FRESH GREEN OLIVE NO 5 INC.,1,FY2024_Q4
NVVDLLC,1,FY2024_Q4
ET CORPORATION,1,FY2024_Q4
STUART VAN LEENEN,1,FY2024_Q4
MASSIEL N SILVA,1,FY2024_Q4
CAMPBELL FOOD MART LLC DBA SWIFT MART,1,FY2024_Q4
SFA INTERIORS INC.,1,FY2024_Q4
GOVAL AUTO SALES,1,FY2024_Q4
SAYMAGROUP LC,1,FY2024_Q4
ADVANCED INTEGRATED MEDICINE LLC,1,FY2024_Q4
PASSAGEWAY FARMS,1,FY2024_Q4
FUTURE SOUND  TECHNOLOGY INC,1,FY2024_Q4
ALSTOM SIGNALING OPERATION LLC,1,FY2024_Q4
"PULMUONE FOODS USA, INC.",1,FY2024_Q4
"THE MAIMON GROUP, INC.",1,FY2024_Q4
"MINITABLE TECH, INC.",1,FY2024_Q4
FOOD PARTNERS INC.,1,FY2024_Q4
BROOKLYN AMITY SCHOOL,1,FY2024_Q4
MENGTORUN TRADING LLC,1,FY2024_Q4
PRUDENT ACCOUNTANTS INC,1,FY2024_Q4
MAIMONIDES MEDICAL CENTER,1,FY2024_Q4
NOVATEK NORTH AMERICA,1,FY2024_Q4
"CLEVERSPECK, LLC",1,FY2024_Q4
MITAJA CORPORATION,1,FY2024_Q4
"TAKEDA PHARMACEUTICALS AMERICA, INC.",1,FY2024_Q4
APPS LOGISTICS INC,1,FY2024_Q4
"SKIN RESEARCH INSTITUTE, LLC",1,FY2024_Q4
98POINT6 INC.,1,FY2024_Q4
PROGRESS SOFTWARE CORPORATION,1,FY2024_Q4
"3QI LABS, INC",1,FY2024_Q4
WEEE INC,1,FY2024_Q4
NBBJ LP,1,FY2024_Q4
"ALFA TECH CONSULTING ENGINEERS, INC.",1,FY2024_Q4
"APPLIED INDUSTRIAL TECHNOLOGIES, INC.",1,FY2024_Q4
AUGUSTANA UNIVERSITY,1,FY2024_Q4
BAMBERG COUNTY SCHOOL DISTRICT,1,FY2024_Q4
CHINESE CULTURE FOUNDATION OF SAN FRANCISCO,1,FY2024_Q4
WORD OF GOD FELLOWSHIP INC DBA DAYSTAR TELEVISION,1,FY2024_Q4
"NEPHROLOGY MEDICAL ASSOCIATES OF GEORGIA, LLC",1,FY2024_Q4
COMPASSIONATE CARE HOME LLC,1,FY2024_Q4
BENGASI CORPORATION,1,FY2024_Q4
"8IGHT IZAKAYA, LLC",1,FY2024_Q4
RAFIQ ENTERPRISES LLC,1,FY2024_Q4
JAMES N ROMANELLI,1,FY2024_Q4
ROCCO MACCHIA INCORPORATED,1,FY2024_Q4
GALAXY WHOLESALE LLC,1,FY2024_Q4
"WILLIS TOWERS WATSON, CAC, INC.",1,FY2024_Q4
"BOSTON LAW GROUP, PC",1,FY2024_Q4
LANDON O ORMAN DBA ORMAN FARMS,1,FY2024_Q4
CAMP WESTMONT,1,FY2024_Q4
"BURR RIDGE TRUCK REPAIR, INC.",1,FY2024_Q4
OLIGROW LLC,1,FY2024_Q4
TAGOVE LIMITED,1,FY2024_Q4
"ATLANTIC SEAFOOD INTERNATIONAL GROUP, INC.",1,FY2024_Q4
OLD TOWN DESIGN GROUP,1,FY2024_Q4
DOT COMPLIANCE GROUP,1,FY2024_Q4
"SUN BELT CAPITAL MANAGEMENT, LLC",1,FY2024_Q4
"BWT INSURANCE SERVICES, INC",1,FY2024_Q4
THAI COMMUNITY DEVELOPMENT CENTER,1,FY2024_Q4
BAYONE SOLUTIONS,1,FY2024_Q4
ETW MEDICAL TRAVEL LLC,1,FY2024_Q4
YUMMY PIE INC.,1,FY2024_Q4
SUPERMERCADOS MORELOS LLC,1,FY2024_Q4
BIG HORIZONS LLC,1,FY2024_Q4
AIC CAPITAL LLC,1,FY2024_Q4
CARL ZEISS VISION,1,FY2024_Q4
SULTANETE LLC DBA SILICONSTAR TECH,1,FY2024_Q4
PUBLIC STORAGE,1,FY2024_Q4
SMART DATA SYSTEMS LLC,1,FY2024_Q4
HARRIS COUNTY HOSPITAL DISTRICT,1,FY2024_Q4
BEQOM NORTH AMERICA INC,1,FY2024_Q4
"RCUBE TECHNOLOGY INC.,",1,FY2024_Q4
ADIGE LLC,1,FY2024_Q4
SEES CANDIES INC.,1,FY2024_Q4
MEDACUITY LLC,1,FY2024_Q4
BULLISH US LLC,1,FY2024_Q4
FERROVIAL IT US LLC,1,FY2024_Q4
"ML TECH IP, INC.",1,FY2024_Q4
HANSONLA,1,FY2024_Q4
CHEMTRON BIOTECH INC,1,FY2024_Q4
ALL STATE 12 GENERAL CONTRACTING CORP,1,FY2024_Q4
AMA ENGINEERS,1,FY2024_Q4
HOLMES STRUCTURES,1,FY2024_Q4
"FERROVIAL CONSTRUCTION EAST, LLC",1,FY2024_Q4
MICROWAVE NETWORKS INCORPORATED,1,FY2024_Q4
AVIVA LINKS INC,1,FY2024_Q4
AMERICAN JEREH INTERNATIONAL CORP.,1,FY2024_Q4
MEADOW BURKE,1,FY2024_Q4
"CHA CONSULTING, INC.",1,FY2024_Q4
EDAG,1,FY2024_Q4
EMPOWER CLINIC SERVICES LLC DBA EMPOWER PHARMACY,1,FY2024_Q4
"APPLIED ENGINEERING SOLUTIONS, INC.",1,FY2024_Q4
SAINT VLADIMIRS ORTHODOX THEOLOGICAL SEMINARY,1,FY2024_Q4
ANDERSON AND ASSOCIATES LAW P.C.,1,FY2024_Q4
"TEACHERS COLLEGE, COLUMBIA UNIVERSITY",1,FY2024_Q4
"SEACOAST UNITED SPORTS CLUB, INC.",1,FY2024_Q4
HOUSTON GYMNASTICS ASSO,1,FY2024_Q4
"DR. HARSIMRAN CHADHA DDS, INC.",1,FY2024_Q4
ORIENTAL PETITE BISTRO LLC,1,FY2024_Q4
"CHINESE PARTNER GROUP, LLC",1,FY2024_Q4
ENGLEWOOD BAGELS INC,1,FY2024_Q4
ITRUST DIGITAL LLC DBA ITRUST HOME SERVICES,1,FY2024_Q4
TEDDY EMIL VIVIT VITE,1,FY2024_Q4
SMILEY NAILS  SPA INC.,1,FY2024_Q4
HANNAH GANJEI,1,FY2024_Q4
AAYAN 786 LLC PRINCE DIAMONDS,1,FY2024_Q4
"CROSSLINK LIFE SCIENCES, LLC",1,FY2024_Q4
SOLACE US INC.,1,FY2024_Q4
BILO INTERNATIONAL INC,1,FY2024_Q4
"OMEGA PAVING, INC.",1,FY2024_Q4
"B  M MACHINING, INC.",1,FY2024_Q4
NEXTWAY TRUCKING COMPANY,1,FY2024_Q4
MARIFEL PAGKALINAWAN,1,FY2024_Q4
"HIPPOCRATES HEALTH INSTITUTE, INC.",1,FY2024_Q4
YVONNE T. DEMESA DMD A PROFESSIONAL CORP,1,FY2024_Q4
BRYL CUSTOM HARVESTING,1,FY2024_Q4
"Z F Z CONSTRUCTION,INC",1,FY2024_Q4
SONU BROTHERS INC,1,FY2024_Q4
ARIZONA DAIRY COMPANY LLP,1,FY2024_Q4
DEVOVE US INC,1,FY2024_Q4
"PEARL MERCHANDISING AND DISTRIBUTION, INC.",1,FY2024_Q4
SCHMIDT AUTOMOTIVE USA LP,1,FY2024_Q4
"ECKMAN CONSTRUCTION, LLC",1,FY2024_Q4
KINJA INC.,1,FY2024_Q4
MILLS COMPANIES 1 LLC DBA RICKHOUSE MARKETING,1,FY2024_Q4
"INSPIRED SOLUTIONS USA, INC",1,FY2024_Q4
HOFFMANN FILTER CORPORATION,1,FY2024_Q4
"KINETIC SOLUTIONS, INC. DBA RABBIT AIR",1,FY2024_Q4
"PROJECT RISK ANALYTICS, LLC",1,FY2024_Q4
"HITE USA, INC.",1,FY2024_Q4
ASIAN GARDEN,1,FY2024_Q4
PROGRESS100 LLC,1,FY2024_Q4
ENF KYLE TECHNOLOGY LLC,1,FY2024_Q4
WATCH GANG INC,1,FY2024_Q4
IA CONSULTING LLC,1,FY2024_Q4
STANDARD GLOBAL BUSINESS AND FINANCIAL SERVICESLLC,1,FY2024_Q4
UNIMEX LOGISTICS LLC,1,FY2024_Q4
"YUMAWORKS,INC.",1,FY2024_Q4
"HDVI TECHNOLOGY SERVICES, INC.",1,FY2024_Q4
VIDEOPORT IPTV LLC,1,FY2024_Q4
"AMAZON REGISTRY SERVICES, INC.",1,FY2024_Q4
SIFY TECHNOLOGIES NORTH AMERICA CORPORATION,1,FY2024_Q4
PB TECH  ADVISORY LLC DBA POINTSBET,1,FY2024_Q4
CAR TECH LLC,1,FY2024_Q4
HYGIENA LLC,1,FY2024_Q4
"BUDGET VAN LINES, INC.",1,FY2024_Q4
BUSINESS RISK PARTNERS,1,FY2024_Q4
"VIRA INSIGHT, LLC",1,FY2024_Q4
TREO CONSTUCTION LLC,1,FY2024_Q4
"HSA  ASSOCIATES, INC.",1,FY2024_Q4
NEW YORK AIR BRAKE LLC,1,FY2024_Q4
TRONAIR INC,1,FY2024_Q4
IDA INTERNATIONAL INC.,1,FY2024_Q4
RUSTOLEUM CORPORATION,1,FY2024_Q4
HOFSTRA UNIVERSITY,1,FY2024_Q4
"OTA AMERICA, INC.",1,FY2024_Q4
BERGEN AVE DRUGS INC,1,FY2024_Q4
"HOLYOKE HEALTH CENTER, INC.",1,FY2024_Q4
LUSKY CORP DBA ISHITANI HEALTH CENTER,1,FY2024_Q4
PETER C LEE MD A MEDICAL CORP,1,FY2024_Q4
"VALAI, LLC.",1,FY2024_Q4
CHOUDHURY ENTERPRISE LLC,1,FY2024_Q4
"UNITED KOREAN FOOD, INC.",1,FY2024_Q4
"MCNAIR HOUSEHOLD, INC.",1,FY2024_Q4
AFIA  RAAIA BUSINESS LLC,1,FY2024_Q4
AMELINA PARAISO INC,1,FY2024_Q4
"CONTINENTAL BROADCASTING GROUP, INC",1,FY2024_Q4
COHENGIRLS LLC,1,FY2024_Q4
CIHAN CORPORATION,1,FY2024_Q4
"JK HEALTH CARE GROUP, INC.",1,FY2024_Q4
AMBITION LIVING CONSTRUCTION LLC,1,FY2024_Q4
"FIDELITY DENTAL LAB, INC.",1,FY2024_Q4
BURMA JEWELERS INC,1,FY2024_Q4
AQUARECYCLE LLC,1,FY2024_Q4
KIDS CHOICE LEARNING CENTER,1,FY2024_Q4
BOOKING.COM USA INC.,1,FY2024_Q4
"PORTALONE, INC.",1,FY2024_Q4
SPECTRANETICS LLC,1,FY2024_Q4
TEMSA NORTH AMERICA INC,1,FY2024_Q4
GARBATELLA OSTERIA BAR,1,FY2024_Q4
FRANJO CONSTRUCTION CORPORATION,1,FY2024_Q4
TENNECO AUTOMOTIVE OPERATING COMPANY INC.,1,FY2024_Q4
"AVARA PHARMACEUTICAL TECHNOLOGIES, INC.",1,FY2024_Q4
ARSENAL CAPITAL MANAGEMENT LP,1,FY2024_Q4
"ASTARAS, INC.",1,FY2024_Q4
GRAND JUNCTION INN LLC,1,FY2024_Q4
"COLT 804, LLC D.B.A COLT GRILL",1,FY2024_Q4
"CITIGROUP TECHNOLOGY, INC.",1,FY2024_Q4
"CONSTRUCTION AND DESIGN GROUP OF FLORIDA, LLC",1,FY2024_Q4
PAVLOS PETROVAS,1,FY2024_Q4
"PINHEIRO CONSTRUCTION, INC.",1,FY2024_Q4
"CHIA PROJECTS, LLC",1,FY2024_Q4
PUERTO VIEJO WINES LLC,1,FY2024_Q4
ANA HOSPITALITY INC,1,FY2024_Q4
AVIAGAMES INC,1,FY2024_Q4
"JDM TITLE, LLC",1,FY2024_Q4
"WEBASTO CHARGING SYSTEMS, INC.",1,FY2024_Q4
"GLOBAL FINANCIAL SERVICES, LLC",1,FY2024_Q4
"BRANDES INVESTMENT PARTNERS, LP",1,FY2024_Q4
SHELL TRADING SERVICES COMPANY,1,FY2024_Q4
"CENTURA STAFFING, LLC",1,FY2024_Q4
DSYS INC,1,FY2024_Q4
"ALLSCRIPTS HEALTHCARE, LLC",1,FY2024_Q4
"ENTERPRISE BUSINESS  TECHNOLOGY SOLUTIONS, INC.",1,FY2024_Q4
"BLUBRACKET, INC.",1,FY2024_Q4
"RAE INTERNET, INC.",1,FY2024_Q4
BUFFALO ACADEMY OF SCIENCE CHARTER SCHOOL,1,FY2024_Q4
"CRIMSONBRIDGE FOUNDATION, INC.",1,FY2024_Q4
TEXAS AM FOREST SERVICE,1,FY2024_Q4
"UPLANDME, INC.",1,FY2024_Q4
BEACON DATA INC,1,FY2024_Q4
AMERICAN TECHNOLOGY CONNEXIONS INC,1,FY2024_Q4
CLARIVATE ANALYTICS US LLC,1,FY2024_Q4
"EMPOWER PROFESSIONALS, INC",1,FY2024_Q4
ALPHA TECHNOLOGIES USA INC.,1,FY2024_Q4
LABATT FOOD SERVICE,1,FY2024_Q4
DXA STUDIO ARCHITECTURE PLLC,1,FY2024_Q4
EDWARDS VACUUM LLC,1,FY2024_Q4
"TOTAL SOLUTION AMERICA, LLC",1,FY2024_Q4
"PANG LAW GROUP, INC. DBALAW OFFICES OF FEI PANG",1,FY2024_Q4
VIDEO RESOURCES INCORPORATED,1,FY2024_Q4
NATCHEZ MEDICAL ASSOCIATES,1,FY2024_Q4
ALABAMA INFECTIOUS DISEASE CENTER,1,FY2024_Q4
SATELLITE MEDICAL LLC,1,FY2024_Q4
INHEALTH LIFE SCIENCES,1,FY2024_Q4
SPY COAST FARM HOME OFFICE LLC,1,FY2024_Q4
"ETV CARE HOME, INC.",1,FY2024_Q4
BENCHARONG THAI HOUSE,1,FY2024_Q4
"SPICE N RICE, INC.",1,FY2024_Q4
SIX FLAGS 860 USA LLC,1,FY2024_Q4
BONG INVESTMENTS INC,1,FY2024_Q4
"JARE GROUP, INC.",1,FY2024_Q4
JUVENS INC,1,FY2024_Q4
OCTAVA GROUP INC,1,FY2024_Q4
AQEEL  SONS INC,1,FY2024_Q4
W  L HUNTER ENTERPRISES LLC,1,FY2024_Q4
OLSON SOD FARMS LLC,1,FY2024_Q4
EDDIE  ASSOC INVESTMENTS INC,1,FY2024_Q4
"THE RANJACK GROUP, INC.",1,FY2024_Q4
"EVENTBRITE, INC.",1,FY2024_Q4
DATAMATICS ROBOTICS SOFTWARE INC,1,FY2024_Q4
"IDC RESEARCH, INC.",1,FY2024_Q4
"EUROSTAMPA NORTH AMERICA, INC.",1,FY2024_Q4
AMERICAN BRIDGE COMPANY,1,FY2024_Q4
"OU MEDICINE, INC.",1,FY2024_Q4
"PTR MANAGEMENT, INC.",1,FY2024_Q4
TECNO INTERNATIONAL NA,1,FY2024_Q4
"MORAVIA IT, LLC",1,FY2024_Q4
TRADE AND BUSINESS PARTNERS LLC,1,FY2024_Q4
GOLDNDIAMONDS INC,1,FY2024_Q4
GAMMA USA INC,1,FY2024_Q4
"CS DISCO, INC.",1,FY2024_Q4
"HOUSE OF CODE, INC",1,FY2024_Q4
SENTRY INSURANCE,1,FY2024_Q4
ACI INFOTECH INC,1,FY2024_Q4
FORBES MEDIA LLC,1,FY2024_Q4
"FIDUCIAL SUPPORT SYSTEMS, INC.",1,FY2024_Q4
LINX SYSTEMS INC,1,FY2024_Q4
"DICE COMMUNICATIONS, INC.",1,FY2024_Q4
TEXAS CHILDRENS HOSPITAL,1,FY2024_Q4
PIONEER CONSULTING SERVICES INC,1,FY2024_Q4
"FLOCK IS, INC",1,FY2024_Q4
JULIAN WEBER ARCHITECTURE AND DESIGN LLC,1,FY2024_Q4
"COOPER, ROBERTSON  PARTNERS",1,FY2024_Q4
"UNITED ENGINEERS AND CONSTRUCTORS, INC.",1,FY2024_Q4
RACAR ENGINEERING LLC,1,FY2024_Q4
SPIVAK ARCHITECTS,1,FY2024_Q4
3 E INTERNATIONAL EDUCATION   CONSULTING LLC,1,FY2024_Q4
GOODWIN PROCTER LLP,1,FY2024_Q4
"PIVOTAL LAW GROUP, PLLC",1,FY2024_Q4
"IMMIGRATION LAW OFFICES OF ANASTASIA WHITE, P.A.",1,FY2024_Q4
OLIVET UNIVERSITY,1,FY2024_Q4
SAN CARLOS UNIFIED SCHOOL DISTRICT #20,1,FY2024_Q4
JUNS CORPORATION DBA JOY LAND BEAUTY SUPPLY,1,FY2024_Q4
IDEAL DENTAL OF LAKEWOOD,1,FY2024_Q4
"HUMMINGBIRD CARE HOME, LLC",1,FY2024_Q4
CHEF CHEN LLC DBA PEKING EXPRESS,1,FY2024_Q4
PHO TIME,1,FY2024_Q4
"MARY E. EPPLER RACING STABLES, INC.",1,FY2024_Q4
"IDEAL FURNITURE  MORE, INC.",1,FY2024_Q4
CLOUDPAY SOLUTIONS INC,1,FY2024_Q4
"LA MERIDIANA 1, LTD",1,FY2024_Q4
"WETRANS, INC.",1,FY2024_Q4
DANIEL MILLER FARM PARTNERSHIP,1,FY2024_Q4
JERRY ANDERSON FARMS,1,FY2024_Q4
PROTO RESTORATION CONSTRUCTION LLC,1,FY2024_Q4
"BARRACUDA NETWORKS, INC.",1,FY2024_Q4
"CHOWBUS, INC.",1,FY2024_Q4
DACHSER USA AIR  SEA LOGISTICS INC.,1,FY2024_Q4
"MONTENEGRO INVESTMENTS, LLC",1,FY2024_Q4
"AMERICARIBE, INC.",1,FY2024_Q4
PPE LLC,1,FY2024_Q4
"MARYLAND HEALTHCARE CLINICS, LLC",1,FY2024_Q4
CAROL PHARMACY LLC,1,FY2024_Q4
THE AMERICAN IRELAND FUND,1,FY2024_Q4
"COPEX INTERNATIONAL, INC.",1,FY2024_Q4
MEADEN  MOORE,1,FY2024_Q4
FRANKLIN MUTUAL ADVISERS LLC,1,FY2024_Q4
DHAWAN INC DBA 909 TECHNOLOGIES,1,FY2024_Q4
"OPENBOXSOLUTIONS, INC.",1,FY2024_Q4
"UNIPLUS CONSULTANTS, INC.",1,FY2024_Q4
MEDSTAR HEALTH RESEARCH INSTITUTE,1,FY2024_Q4
"GEOPIER FOUNDATION COMPANY, INC.",1,FY2024_Q4
LND TECHNICAL SERVICES LLC,1,FY2024_Q4
"PRAGMATIC PE, INC.",1,FY2024_Q4
"4D SYSTEMS, LLC",1,FY2024_Q4
PJP4,1,FY2024_Q4
"DISTRIBUTED SOLAR DEVELOPMENT, LLC",1,FY2024_Q4
PRINCIPE AMERICA LLC,1,FY2024_Q4
"TULEX PHARMACEUTICALS, INC.",1,FY2024_Q4
FORT HANCOCK ISD,1,FY2024_Q4
CIENA HEALTH CARE MANAGEMENT INC,1,FY2024_Q4
"PQH GROUP DESIGN, INC.",1,FY2024_Q4
"COLUMBIA ST. MARYS HOSPITAL MILWAUKEE, INC.",1,FY2024_Q4
SI RIN LLC,1,FY2024_Q4
OLLE INC DBA SOORA,1,FY2024_Q4
JUSTINA M DIAZ,1,FY2024_Q4
DAVID KAUL,1,FY2024_Q4
COME TO FLORIDA LLC,1,FY2024_Q4
MUZAFFAR MIRZA DDS LLC DBA TAYLOR DENTAL CENTER,1,FY2024_Q4
"DAMAR CONSTRUCTION, INC",1,FY2024_Q4
"PAVA LOGISTICS, INC.",1,FY2024_Q4
PALO ASSETS LLC,1,FY2024_Q4
REDECOP FAMILY CHAIR COMPANY,1,FY2024_Q4
ALPHA EVERGREEN LLC,1,FY2024_Q4
JUNG AND HANNA INC,1,FY2024_Q4
P.T.K. INC. DBA PTK GALLERY,1,FY2024_Q4
DENTOPIA INC.,1,FY2024_Q4
SAGEBRUSH TRANSPORTATION,1,FY2024_Q4
SHIN HWA LLC,1,FY2024_Q4
"EUSU LOGISTICS, INC.",1,FY2024_Q4
PRODALIM USA INC.,1,FY2024_Q4
DISCOVER BANK,1,FY2024_Q4
"SOFTWAREONE, INC.",1,FY2024_Q4
VERVANTIS INC,1,FY2024_Q4
WINDSOR WILLITS COMPANY,1,FY2024_Q4
"REWARDSWEB, INC",1,FY2024_Q4
3CON CORPORATION,1,FY2024_Q4
"EXPLANET ENTERPRISE, INC.",1,FY2024_Q4
TRUSLI,1,FY2024_Q4
J. D. DESIGN AND DEVELOPER LLC,1,FY2024_Q4
"THE CATHOLIC SCHOOLS FOUNDATION, INC.",1,FY2024_Q4
NATIONAL COMMITTEE FOR QUALITY ASSURANCE,1,FY2024_Q4
"KCRN RESEARCH, INC",1,FY2024_Q4
PERIMETER INTERNATIONAL,1,FY2024_Q4
TILES R US,1,FY2024_Q4
KISMET FOODS LLC,1,FY2024_Q4
KITSBY LLC,1,FY2024_Q4
LONGHORN WAREHOUSES INC,1,FY2024_Q4
"PACIFIC MARKETING ALLIANCE, INC.",1,FY2024_Q4
"QWINTRY, LLC",1,FY2024_Q4
SIMON  EDWARD LLP,1,FY2024_Q4
ORIGENE,1,FY2024_Q4
"KERKERING, BARBERIO  CO.",1,FY2024_Q4
VENTURE WHOLESALE LLC,1,FY2024_Q4
MOTO ACCESSORIES INC,1,FY2024_Q4
PSEG SERVICES CORPORATION,1,FY2024_Q4
"PCS RETIREMENT, LLC",1,FY2024_Q4
"PARK HOLDING PHI SERVICE, LLC",1,FY2024_Q4
"ISR INFO WAY,INC",1,FY2024_Q4
OREGON HEALTH  SCIENCE UNIVERSITY,1,FY2024_Q4
"ARETEK SOLUTIONS, INC.",1,FY2024_Q4
"ISLAND PACIFIC SYSTEMS, INC.",1,FY2024_Q4
"PULTE HOME COMPANY, LLC",1,FY2024_Q4
"LEADER BANK, NATIONAL ASSOCIATION",1,FY2024_Q4
BAZAARVOICE INC. U.S.,1,FY2024_Q4
"PN AUTOMATION, INC.",1,FY2024_Q4
ENERGY EXEMPLAR LLC,1,FY2024_Q4
"LONZA BIOLOGICS, INC",1,FY2024_Q4
WINDSOR ENGINEERS,1,FY2024_Q4
"KG CONSTRUCTION SERVICES,INC.",1,FY2024_Q4
OXFORD INSTRUMENTS,1,FY2024_Q4
"LAMBDA, INC.",1,FY2024_Q4
"SPECIAL MINE SERVICES, INC",1,FY2024_Q4
KYSOR WARREN EPTA US CORPORATION,1,FY2024_Q4
GROUPS LLC DBA ENPOWER GROUP,1,FY2024_Q4
SSOE INC.,1,FY2024_Q4
"BIONTECH,US",1,FY2024_Q4
ARLINGTON SCHOOL DISTRICT,1,FY2024_Q4
NEIGHBORHOOD TENNIS LLC,1,FY2024_Q4
NEW HEART MUSIC MINISTRIES,1,FY2024_Q4
LOBSERVATOIRE INTERNATIOINAL INC.,1,FY2024_Q4
KB DENTISTRY,1,FY2024_Q4
"NEW YORK VETERINARY ASSOCIATE, P.C.",1,FY2024_Q4
"PEKING DUCK USA, INC DBA LAO SZE CHUAN DOWNTOWN",1,FY2024_Q4
"CUATRO AMIGOS, INC DBA HACIENDA REAL",1,FY2024_Q4
ORIGINAL RESTAURANT INC DBA ZAIKA INDIAN CUISINE,1,FY2024_Q4
JEONG YOOK CORP,1,FY2024_Q4
ABDUL HAI HAIDER,1,FY2024_Q4
JV LAWN SERVICES LLC,1,FY2024_Q4
ANN,1,FY2024_Q4
JAID CORPORATION,1,FY2024_Q4
LAWRENCE EMARKET INC.,1,FY2024_Q4
WASHINGTON SAWYER INC,1,FY2024_Q4
BOSHIER GROUP CORP,1,FY2024_Q4
OSVEGO INC.,1,FY2024_Q4
"PARADIGM TECHNOLOGY CONSULTING, LLC",1,FY2024_Q4
FC SNACKS INC.,1,FY2024_Q4
ISOKAITIS REALTY SERVICES LLC,1,FY2024_Q4
"KG LATIROVIAN, INC. DBA KAHGO TRUCK PARTS",1,FY2024_Q4
YH1L INC.,1,FY2024_Q4
REYNOLDS CAPITAL MANAGEMENT LLC,1,FY2024_Q4
KENT S PFAFF,1,FY2024_Q4
JERLAND FARM,1,FY2024_Q4
OLYMPUS PRECAST,1,FY2024_Q4
THE SAFE MAN LLC,1,FY2024_Q4
"LI  CONSTRUCTION MANUFACTURING AND SUPPLY, INC.",1,FY2024_Q4
JMC LOGISTICS LLC,1,FY2024_Q4
"DSG CONSULTING, LLC",1,FY2024_Q4
CX PHARMACY INC,1,FY2024_Q4
"VORWERK, LLC",1,FY2024_Q4
ALEPH GRAPHICS INC.,1,FY2024_Q4
BORO PARK CENTER,1,FY2024_Q4
MALAY FOODS LLC,1,FY2024_Q4
REES DRAPER WRIGHT INC.,1,FY2024_Q4
CNO SERVICES LLC,1,FY2024_Q4
DEEPHOW CORP,1,FY2024_Q4
THE LIFE IS GOOD COMPANY,1,FY2024_Q4
"WILLETT, HOFMANN  ASSOCIATES, INC.",1,FY2024_Q4
DIAMOND CUSTOM HOMES INC.,1,FY2024_Q4
ILLINOIS INSTITUTE OF TECHNOLOGY,1,FY2024_Q4
ALIUS CORPORATION,1,FY2024_Q4
"CORNERSTONE COMMUNITY CHIROPRACTIC, INC.",1,FY2024_Q4
BARTLETT REGIONAL HOSPITAL,1,FY2024_Q4
"WASH N DRY, INC.",1,FY2024_Q4
ZANS FLAMINGO GROUP INC,1,FY2024_Q4
"DAVAR US, INC.",1,FY2024_Q4
ULTRA BADIGLIAN ENTERPRISES INC,1,FY2024_Q4
DIEGO CONSTRUCTION INC,1,FY2024_Q4
BELLEVUE SERVICE COMPANY,1,FY2024_Q4
"FIRST TITLE GROUP, INC",1,FY2024_Q4
AGS AMERICA INC,1,FY2024_Q4
GLEEDS USA INC,1,FY2024_Q4
DHE UNLIMITED LLC,1,FY2024_Q4
"UBEES CALIFORNIA, LLC",1,FY2024_Q4
"USA AUTO WASH, INC. DBA WATERS CARWASH",1,FY2024_Q4
"DCM USA, INC.",1,FY2024_Q4
"INFINITY GLOBAL, INC.",1,FY2024_Q4
"CONCEPT ART HOUSE, INC",1,FY2024_Q4
"REINS INTERNATIONAL CALIFORNIA, INC.",1,FY2024_Q4
HRSS LLP,1,FY2024_Q4
"ATLANTIX PARTNERS, LLC",1,FY2024_Q4
BEN CLYMERS THE BODYSHOP INC,1,FY2024_Q4
"BANK OF COMMUNICATIONS CO., LTD.,",1,FY2024_Q4
GOOD DEAL INSURANCE SERVICES,1,FY2024_Q4
"AGREEYA SOLUTIONS, INC.",1,FY2024_Q4
"SUPPLY CHAIN TECHNOLOGIES, LLC",1,FY2024_Q4
GREAT OCEAN SOLUTIONS,1,FY2024_Q4
"APARTMENT LIST, INC.",1,FY2024_Q4
FORTNA INC.,1,FY2024_Q4
LYFT INC,1,FY2024_Q4
MACHINERY MARKETING INTERNATIONAL,1,FY2024_Q4
A.R. SANTEX LLC,1,FY2024_Q4
"ASTIR IT SOLUTIONS, INC",1,FY2024_Q4
ANALYSTS INTERNATIONAL CORPORATION,1,FY2024_Q4
"ARBORMETRIX, INC",1,FY2024_Q4
BAHWAN CYBERTEK INC,1,FY2024_Q4
"LOVVORN CONSTRUCTION, INC",1,FY2024_Q4
GOLDIN AND STAFFORD,1,FY2024_Q4
WMR AND ASSOCIATES LLC,1,FY2024_Q4
ATLAS COPCO COMPTEC LLC,1,FY2024_Q4
ELEVATEBIO BASE CAMP INC.,1,FY2024_Q4
GODBERSENSMITH CONTSRUCTION COMPANY DBA GOMACO CO,1,FY2024_Q4
"AZZUR GROUP LLC DBA AZZUR OF NE, LLC",1,FY2024_Q4
CANYON CONSULTING ENGINEERS LLC,1,FY2024_Q4
D.J. DEBBIE II CORP,1,FY2024_Q4
"ASCENSION MEDICAL GROUP VIA CHRISTI, P.A.",1,FY2024_Q4
GOLDEN PROFESSIONAL CORPORATION,1,FY2024_Q4
"HWANGS, INC. DBA HI SUSHI",1,FY2024_Q4
PRAPATSORN GROUP INC,1,FY2024_Q4
"HOLE IN ONE, INC",1,FY2024_Q4
"SINABRO, INC.",1,FY2024_Q4
CRICKET STAR BD INC.,1,FY2024_Q4
"WINDY CITY RESTAURANT MANAGEMENT, LLC",1,FY2024_Q4
"ELEFANT MEMORIES, INC.",1,FY2024_Q4
"CASTLES OF THE WORLD, INC",1,FY2024_Q4
"FANCY CREATIONS, INC",1,FY2024_Q4
TREND MALL LLC,1,FY2024_Q4
QUAKER RIDGE GOLF CLUB,1,FY2024_Q4
EMMM CORPORATION,1,FY2024_Q4
"ACOLT FARM SERVICES, LLC",1,FY2024_Q4
D10 CONTRACTING,1,FY2024_Q4
FORREST CITY FARMS,1,FY2024_Q4
TROTTA TIRE OF MIAMI,1,FY2024_Q4
"A PLUS DENTAL LAB, INC DBA A PLUS DENTAL LAB",1,FY2024_Q4
JADE GROUP INC,1,FY2024_Q4
"APRIORI TECHNOLOGIES, INC",1,FY2024_Q4
SID VENTURES LLC DBA AFFORDABLE WIPERS,1,FY2024_Q4
"AIP, LLC",1,FY2024_Q4
"FUMO NOVELTIES, INC.",1,FY2024_Q4
"SERENA WHOLESALE, INC.",1,FY2024_Q4
BORRIES MARKING SYSTEMS,1,FY2024_Q4
"DOCOMO PACIFIC, INC.",1,FY2024_Q4
TECOWESTINGHOUSE MOTOR COMPANY,1,FY2024_Q4
18 KT JEWELRY INC,1,FY2024_Q4
"ALPINE ENGINEERING AND DEVELOPMENT, CORP.",1,FY2024_Q4
"IPOX SCHUSTER, LLC",1,FY2024_Q4
"DLD ASSET MANAGEMENT, LP",1,FY2024_Q4
AUTOMATIC CHEF INC,1,FY2024_Q4
AMERICAN BUSINESS INSTITUTE CORP,1,FY2024_Q4
ZIDAN MANAGEMENT GROUP INC.,1,FY2024_Q4
"ULTRAMAIN SYSTEMS, INC.",1,FY2024_Q4
"CT SOLUTIONS, INC.",1,FY2024_Q4
FOVEONICS IMAGING TECHNOLOGIES,1,FY2024_Q4
FUERZA LATINA CORP,1,FY2024_Q4
KINGSISLE ENTERTAINMENT INC,1,FY2024_Q4
APEX HEALTH,1,FY2024_Q4
"EJ2 COMMUNICATIONS, INC.",1,FY2024_Q4
FAST SWITCHGREAT LAKES LLC,1,FY2024_Q4
GRINDR LLC,1,FY2024_Q4
"ALLOCATERITE, LLC",1,FY2024_Q4
SARGENT MANUFACTURING COMPANY,1,FY2024_Q4
ALPHA AND OMEGA SEMICONDUCTOR INCORPORATED,1,FY2024_Q4
CIBO VITA INC.,1,FY2024_Q4
G3 DESIGN BUILD LLC,1,FY2024_Q4
"KOLLINS COMMUNICATIONS, INC.",1,FY2024_Q4
NOOR DENTAL PLLC,1,FY2024_Q4
COTTAGE GROVE HOME CARE INC.,1,FY2024_Q4
THE FAIRGROUND DINER LLC,1,FY2024_Q4
GUS AND SAL LLC DBA GRILL CIR COLONIAL ITALIAN RESTAURANT,1,FY2024_Q4
JENIFER BUTLER,1,FY2024_Q4
"CRUSHER WORKS, LLC",1,FY2024_Q4
SABIC INNOVATIVE PLASTICS US LLC,1,FY2024_Q4
USHR2 ENTERPRISES INC.,1,FY2024_Q4
PERSHING  LYON PARK INC,1,FY2024_Q4
TRIMPIA INC,1,FY2024_Q4
FUTURE MEDICAL TRANSPORTATION INC,1,FY2024_Q4
DESPACHANTE 55 LLC,1,FY2024_Q4
DWC CONSTRUCTION INC,1,FY2024_Q4
"CORONET CONSTRUCTION, INC.",1,FY2024_Q4
ALS PAINTING,1,FY2024_Q4
INT INC.,1,FY2024_Q4
"RICEBELT DISTRIBUTORS, INC",1,FY2024_Q4
"KOCH  CO., INC",1,FY2024_Q4
SEAZEN CAPITAL PARTNERS LIMITED,1,FY2024_Q4
JC ENTERPRISES INC,1,FY2024_Q4
ROLLSROYCE NORTH AMERICA INC.,1,FY2024_Q4
STARLIGHT RETAIL LLC,1,FY2024_Q4
ARRAS CORP,1,FY2024_Q4
RAJSHREE GLOBAL FOODS AND SPICES,1,FY2024_Q4
"ABACO STRATEGY, LLC",1,FY2024_Q4
PROMISE LAND INSURANCE AGENCY INC,1,FY2024_Q4
SBS MAINTENANCE AND CLEANING LLC,1,FY2024_Q4
"MICROVENTION, INC.",1,FY2024_Q4
"INTERNATIONAL TRADING PARTNERS, LLC.",1,FY2024_Q4
MERCADITO EXPRESS LLC,1,FY2024_Q4
NTSYS INC,1,FY2024_Q4
FOCCO CONSTRUCTION  DESIGN CORP,1,FY2024_Q4
"JPI TECHNOLOGY, LLC",1,FY2024_Q4
"ADSWERVE, INC.",1,FY2024_Q4
INNOWI INC.,1,FY2024_Q4
"EXPRESS SCRIPTS PHARMACY, INC.",1,FY2024_Q4
AGMA SYSTEMS LLC,1,FY2024_Q4
FREEDOMCARE LLC,1,FY2024_Q4
TECHSPACEIT LLC,1,FY2024_Q4
"ALIRA HEALTH BOSTON, LLC",1,FY2024_Q4
PRINCETON TECHNICAL SERVICES INC.,1,FY2024_Q4
"ARBOR LAND DESIGN, LLC.",1,FY2024_Q4
GLOBAL UNICHIP CORPORATIONNA,1,FY2024_Q4
"AVP TECHNOLOGY, LLC",1,FY2024_Q4
"AUTOMATED ENGINEERING SERVICES, INC",1,FY2024_Q4
"SORENSEN ARCHITECTS, INC.",1,FY2024_Q4
"PENN LIFE SCIENCES, LLC",1,FY2024_Q4
FEDERAL RESERVE BANK OF NEW YORK,1,FY2024_Q4
PALISADES MONTESSORI LLC,1,FY2024_Q4
MACOUPIN COUNTY PUBLIC HEALTH DEPARTMENT,1,FY2024_Q4
"PURPOSE DRIVEN HOME HEALTH, INC.",1,FY2024_Q4
ESOSA J NWAMBUONWO,1,FY2024_Q4
ANGELA DEROSE,1,FY2024_Q4
ARI SCHMORAK,1,FY2024_Q4
ALEXIS HILTON MINTZ,1,FY2024_Q4
ANGELA AMUDHA XAVIER,1,FY2024_Q4
NEW EDGE ENTERPRISE INC,1,FY2024_Q4
"HUMANWARE USA, INC.",1,FY2024_Q4
WCGRM LLC,1,FY2024_Q4
"FISH TIME, INC",1,FY2024_Q4
RISACHER FARMS TRUCKING LLC,1,FY2024_Q4
ANNAPOLIS CARPET  FLOORS LLC,1,FY2024_Q4
MOMENTOUSR LLC,1,FY2024_Q4
TIME DEFINITE SERVICES INC,1,FY2024_Q4
"ALLA MODA GROUP, INC",1,FY2024_Q4
"LANDOR  FITCH, LLC",1,FY2024_Q4
"CARISAMSAMUEL MEISEL FL, INC.",1,FY2024_Q4
GREEN ROCKS PRODUCTS LLC.,1,FY2024_Q4
"ADMEDES, INC",1,FY2024_Q4
APPSFLYER,1,FY2024_Q4
COLUMBIA TRANSPORT INC.,1,FY2024_Q4
"SENKO U.S.A., INC.",1,FY2024_Q4
FLOWERMART CORP,1,FY2024_Q4
REGINALD D. RICE JR. MD PROFESSIONAL CORPORATION,1,FY2024_Q4
2ND ORDER SOLUTIONS INC,1,FY2024_Q4
"ALARM.COM, INC.",1,FY2024_Q4
"IBA AMERICA, LLC",1,FY2024_Q4
"HELIX OPCO, LLC",1,FY2024_Q4
FIRST CLASS PARKING SYSTEMS LLC,1,FY2024_Q4
APTTUS CORPORATION,1,FY2024_Q4
"SPOTTER, INC.",1,FY2024_Q4
INFOWAVE SYSTEMS INC,1,FY2024_Q4
HARTMAN ENGINEERING INC,1,FY2024_Q4
"SMITH INTERNATIONAL, INC.",1,FY2024_Q4
"ARCBEST TECHNOLOGIES, INC.",1,FY2024_Q4
BUILD BLOCK INC,1,FY2024_Q4
SANNOVA ANALYTICAL INC,1,FY2024_Q4
JURYSYNC LLC,1,FY2024_Q4
RRA MACHADO JIUJITSU LLC,1,FY2024_Q4
"SOUTHERN GRAPHIC SYSTEMS, LLC",1,FY2024_Q4
AIR JOURNEY LLC,1,FY2024_Q4
SUNRISE FOODS LLC,1,FY2024_Q4
RAJIB CHOUDHURY,1,FY2024_Q4
ICE LAND ENTERPRISE LLC,1,FY2024_Q4
"BEANCUBE, INC.",1,FY2024_Q4
SDVI CORPORATION,1,FY2024_Q4
"ATX ENVIRONMENTAL SOLUTIONS, LLC",1,FY2024_Q4
"SHARMAWASSON AND ASSOCIATES, INC.",1,FY2024_Q4
ILOGISTICS USA LLC,1,FY2024_Q4
KAYLA INTERNATIONAL LLC,1,FY2024_Q4
ACTIVE CARGO COMPANY INC,1,FY2024_Q4
"INES ROSALES USA, LLC",1,FY2024_Q4
"SUPERIORFLORIDARENTALS.COM, LLC",1,FY2024_Q4
PACKAGING AVENUE LLC,1,FY2024_Q4
REELAND INVESTMENTS,1,FY2024_Q4
REY REY  BROS LLC,1,FY2024_Q4
"TK MINING TECHNOLOGIES USA, INC.",1,FY2024_Q4
"ARTE BRONCE LAPIDAS MEMORIALES, INC.",1,FY2024_Q4
D. ONE VISION MANAGEMENT LLC DBA DOV,1,FY2024_Q4
MOTHER INDUSTRIES LLC,1,FY2024_Q4
"SUNSHINE HEALTH PRODUCTS, INC",1,FY2024_Q4
"MS HOME POOL SERVICES, INC.",1,FY2024_Q4
"LEE  ASSOCIATES USA, INC.",1,FY2024_Q4
COMMONWEALTH RETIREMENT INVESTMENTS LLC,1,FY2024_Q4
"VISTRIA GROUP, LP",1,FY2024_Q4
3K TECHNOLOGIES LLC,1,FY2024_Q4
AUDACIOUS INQUIRY,1,FY2024_Q4
4G CLINICAL,1,FY2024_Q4
NEWDAY USA,1,FY2024_Q4
INTELLIGENT MEDICAL OBJECTS INC.,1,FY2024_Q4
BLACKBAUD INC,1,FY2024_Q4
"JAB WIRELESS, INC.",1,FY2024_Q4
"SELECT EQUITY GROUP, L.P.",1,FY2024_Q4
SAINSTORE INC,1,FY2024_Q4
SAM ANALYTIC SOLUTIONS LLC,1,FY2024_Q4
THE CLOROX COMPANY,1,FY2024_Q4
ALL STAR DIRECTORIES,1,FY2024_Q4
ACBEL USA POLYTECH INC.,1,FY2024_Q4
RARITAN PHARMACEUTICALS,1,FY2024_Q4
"ATLANTA PROMISE CHURCH, INC",1,FY2024_Q4
ACS MANAGEMENT GROUP LLC,1,FY2024_Q4
"A2 RELIABLE CARE,LLC",1,FY2024_Q4
"KINDEE, LLC DBA TARA THAI NW",1,FY2024_Q4
MG MAX INC.,1,FY2024_Q4
"FLOYD E. DAVIS, III",1,FY2024_Q4
GLOBAL EDUCATION CONSULTING,1,FY2024_Q4
"EXPRO AMERICAS, LLC",1,FY2024_Q4
"JACK CHEN CPA, INC.",1,FY2024_Q4
PREMIUM QUALITY GROUP OF COMPANIES LLC,1,FY2024_Q4
"SAFEGUARD FIRE PROTECTION, LLC",1,FY2024_Q4
MIDWEST DRIVING SCHOOL INC,1,FY2024_Q4
LONGSON AMERICA CORP,1,FY2024_Q4
YELLOW CROSS MEDICAL CLINIC INC,1,FY2024_Q4
C AND C GRAIN INC.,1,FY2024_Q4
"ECLIPSE COMPANIES, LLC",1,FY2024_Q4
ISMAILANJI LLC,1,FY2024_Q4
"RELISH LABS, LLC DBA HOME CHEF",1,FY2024_Q4
"GRAPHIC PACKAGING INTERNATIONAL, LLC",1,FY2024_Q4
KBE BUILDING CORPORATION,1,FY2024_Q4
METRO GOODIES LLC,1,FY2024_Q4
"BENLIAN BROS. CONSTRUCTION, INC.",1,FY2024_Q4
CENTURY SHIP SERVICE INC,1,FY2024_Q4
DR GOLDRING AESTHETIC AND WELLNESS CENTER CORPORAT,1,FY2024_Q4
EZZI SIGNS,1,FY2024_Q4
KRUGER PRODUCTS USA INC,1,FY2024_Q4
KRA OPERATIONS LLC,1,FY2024_Q4
"KMIN USA, INC.",1,FY2024_Q4
CAMPBEELL OIL CO INC,1,FY2024_Q4
"ALPHABOLD, INC",1,FY2024_Q4
PARAG DIAMONDS INC DBA PARAMOUT GEMS,1,FY2024_Q4
"LEADING INSURANCE SERVICES, INC.",1,FY2024_Q4
SEATTLE PUBLIC SCHOOLS,1,FY2024_Q4
IGT,1,FY2024_Q4
CARDINAL GROUP MANAGEMENT  ADVISORY,1,FY2024_Q4
BLUE ARCUS TECHNOLOGIES INC,1,FY2024_Q4
BEACONFIRE STAFFING SOLUTIONS INC.,1,FY2024_Q4
COMMUNITY CARE HEALTH NETWORK,1,FY2024_Q4
"COHERENT, INC",1,FY2024_Q4
"KMC, INC.",1,FY2024_Q4
SOFTENGINE INC,1,FY2024_Q4
"GIGAMON, INC.",1,FY2024_Q4
"AGILE GLOBAL SOLUTIONS, INC",1,FY2024_Q4
LOBDOTCOM INC,1,FY2024_Q4
ARMSTRONG ROOFING CORP.,1,FY2024_Q4
CORNING OPTICAL COMMUNICATIONS LLC,1,FY2024_Q4
CUBITEK INC.,1,FY2024_Q4
"AZZUR GROUP, LLC DBA AZZUR AUSTIN, LLC",1,FY2024_Q4
"BITZER US, INC",1,FY2024_Q4
AYULLA INC.,1,FY2024_Q4
AEPC GROUP LLC,1,FY2024_Q4
ABIMAN ENGINEERING USA INC.,1,FY2024_Q4
KUENY LAW LLC,1,FY2024_Q4
SONY PICTURES TELEVISION INC.,1,FY2024_Q4
AIRCRAFT DEVELOPMENT FLIGHT AIRWAYS CORP,1,FY2024_Q4
LIME GRANITE LLC,1,FY2024_Q4
KRUSH BRAU LLC,1,FY2024_Q4
DENTAL DREAMS,1,FY2024_Q4
DENTAL DREAMS PLLC,1,FY2024_Q4
"CPS PAINTING AND WATERPROOFING, INC.",1,FY2024_Q4
RAMEN.COM CORPORATION,1,FY2024_Q4
"SUSHI DARUMA, INC.",1,FY2024_Q4
MI CASA,1,FY2024_Q4
TOMS PAINTING INC,1,FY2024_Q4
BANDALUX USA,1,FY2024_Q4
"MICHAEL A. WILLIAMS  ASSOCIATES, LLC",1,FY2024_Q4
"SPECIALTY MD, INC",1,FY2024_Q4
"CARGOIS, INC.",1,FY2024_Q4
PERFUME OUTLET LLC,1,FY2024_Q4
"RELIANT MEDICAL SUPPLIES, INC.",1,FY2024_Q4
7 HORSE RANCH,1,FY2024_Q4
FM HOME MAINTENANCE  REMODELING INC,1,FY2024_Q4
AA PAINTING,1,FY2024_Q4
PROBST ELECTRIC INC.,1,FY2024_Q4
TYLER HVAC,1,FY2024_Q4
"TOTAL SOURCE, LLC",1,FY2024_Q4
JRT CORPORATION,1,FY2024_Q4
OCHIR CORPORATION,1,FY2024_Q4
HAN TANG REALTY INC.,1,FY2024_Q4
WORKIVA INC.,1,FY2024_Q4
HIMAGINE SOLUTIONS LLC,1,FY2024_Q4
"PUBLICIS,INC.",1,FY2024_Q4
"EARTHLY GOURMET DISTRIBUTION, LLC",1,FY2024_Q4
NORTHERN BULL LLC,1,FY2024_Q4
IKEGAMI MOLD CORPORATION OF AMERICA,1,FY2024_Q4
"PUROCOL, LLC",1,FY2024_Q4
"PARADOCX VINEYARD, LLC",1,FY2024_Q4
"IPS STRUCTURAL ADHESIVES, INC.",1,FY2024_Q4
"CYRIL OVUWORIE, MD PROF. CORP",1,FY2024_Q4
PHD MEDIA,1,FY2024_Q4
INFINITE AMUSEMENT LLC,1,FY2024_Q4
"USA WHEEL  TIRE OUTLET, INC.",1,FY2024_Q4
DUCKSUNG INC,1,FY2024_Q4
WINWIRE TECHNOLOGIES INC,1,FY2024_Q4
AKOYA LLC,1,FY2024_Q4
"XCHANGING SOLUTIONS USA, INC.",1,FY2024_Q4
"WILLIAM BLAIR  COMPANY, LLC",1,FY2024_Q4
"PARADIGM DKD GROUP, LLC",1,FY2024_Q4
CATACHI CO. DBA COMPLIANCE.AI,1,FY2024_Q4
"BUDDERFLY, INC.",1,FY2024_Q4
"BRAZE, INC",1,FY2024_Q4
"PERFORCE SOFTWARE, INC.",1,FY2024_Q4
DURHAM SCHOOL SERVICES LP,1,FY2024_Q4
DYNO NOBEL LOUISIANA AMMONIA LLC,1,FY2024_Q4
REYES HOLDINGS,1,FY2024_Q4
"THE ROCKPORT COMPANY, LLC",1,FY2024_Q4
REDSPIX LLC,1,FY2024_Q4
CORE  MAIN LP,1,FY2024_Q4
SV TECHNOLOGY SERVICES,1,FY2024_Q4
"NETGEAR, INC.",1,FY2024_Q4
TREXQUANT INVESTMENT LP,1,FY2024_Q4
EDP LLC,1,FY2024_Q4
"GRAHAM PACKAGING COMPANY, L.P.",1,FY2024_Q4
W. SOULE  COMPANY,1,FY2024_Q4
INDUSTRIAL FLOW SOLUTIONS OPERATING LLC,1,FY2024_Q4
"FABRIC8LABS, INC.",1,FY2024_Q4
IAQ SYSTEMS INC,1,FY2024_Q4
STRONGARM DESIGNS,1,FY2024_Q4
SOUTH CENTRAL MANUFACTURING CORPORATION,1,FY2024_Q4
BECHTEL ENERGY INC.,1,FY2024_Q4
PARI ROBOTICS INC.,1,FY2024_Q4
"PACIFIC COMMUNITIES BUILDER, INC.",1,FY2024_Q4
ROPES AND GRAY LLP,1,FY2024_Q4
ASSEMBLY OF GOD BETHLEHEM MINISTRY,1,FY2024_Q4
"HB CHO DDS, INC.",1,FY2024_Q4
SPARKLE DENTAL CORP,1,FY2024_Q4
HEALTH CARE AUTHORITY OF THE CITY OF HUNTSVILLE,1,FY2024_Q4
HARBOR CITY RESTAURANT INC,1,FY2024_Q4
JAM BORO INC.,1,FY2024_Q4
BRAHMERS BRAZILIAN CUISINE INC,1,FY2024_Q4
"EXPRESS CLEANING SERVICE, INC.",1,FY2024_Q4
MUNYARADZI KANAVENTI,1,FY2024_Q4
"MARKS PRO SERVICES, LLC",1,FY2024_Q4
ALLURE NAILS AND SPA INC,1,FY2024_Q4
DEBORA HERNANDEZ DBA KIDLANDIA FAMILY DAY CARE,1,FY2024_Q4
ORITSEMATOSAN ISEMEDE,1,FY2024_Q4
LAUREN NABIYEV,1,FY2024_Q4
AIDAN HAYES PRIVATE HOUSEHOLD,1,FY2024_Q4
PRO PAD LLC,1,FY2024_Q4
"BOOTECH, INC.",1,FY2024_Q4
TD SECURITIES USA LLC,1,FY2024_Q4
"ENTER COMMERCE, INC.",1,FY2024_Q4
"NUVOHAUS HOME IMPROVEMENT, INC.",1,FY2024_Q4
BLUE APPLE ECLC INC,1,FY2024_Q4
"HUTTON DEVELOPMENT, LLC",1,FY2024_Q4
BROS SHIPPING LLC,1,FY2024_Q4
"RC CONTRACTOR, LLC",1,FY2024_Q4
CPM PROFESSIONAL SERVICES INC,1,FY2024_Q4
PEDERSON BROTHERS PARTNERSHIP,1,FY2024_Q4
THE GREY HOUSE INC DBA AS SWEET GLORY,1,FY2024_Q4
"DT CRAWFISH, LLC",1,FY2024_Q4
KISMET RUG GALLERY LLC,1,FY2024_Q4
ATI JET INC,1,FY2024_Q4
"LABRADOR RECYCLING, INC.",1,FY2024_Q4
"AMBIENT AI, INC.",1,FY2024_Q4
MERASTAR INSURANCE COMPANY,1,FY2024_Q4
"KARLIN ASSET MANAGEMENT, INC.",1,FY2024_Q4
"METTLERTOLEDO AUTOCHEM, INC.",1,FY2024_Q4
"EMPOWER CLINIC SERVICES, LLC",1,FY2024_Q4
ITALY BLUE AUTO SALES LLC,1,FY2024_Q4
JAE HOON CORPORATION,1,FY2024_Q4
"CGI INVESTMENT MANAGEMENT, LLC",1,FY2024_Q4
SIGMATRON INTERNATIONAL,1,FY2024_Q4
"TECHNIPFMC USA, INC.",1,FY2024_Q4
HYPERSPACE VENTURES,1,FY2024_Q4
"SEOUL BROADCASTING SYSTEM INTERNATIONAL, INC.",1,FY2024_Q4
THYSSEN MINING INC,1,FY2024_Q4
CHAN LUU LLC,1,FY2024_Q4
PRODUCT DEVELOPMENT INTERNATIONAL,1,FY2024_Q4
TAX UNION LLC,1,FY2024_Q4
"TAX BY SAM, INC.",1,FY2024_Q4
GENERAL PARTNER INVESTMENT FUND LLC,1,FY2024_Q4
"ANKURA CONSULTING GROUP, LLC",1,FY2024_Q4
"BELWO, INC.",1,FY2024_Q4
ATSEC INFORMATION SECURITY CORPORATION,1,FY2024_Q4
MERCURY SYSTEMS INC.,1,FY2024_Q4
SARAYU CONSULTANTS INC,1,FY2024_Q4
ENYA INC.,1,FY2024_Q4
TEACH FOR AMERICA,1,FY2024_Q4
"UR INTERNATIONAL, INC.",1,FY2024_Q4
NET NV LLC,1,FY2024_Q4
"GXO LOGISTICS CORPORATE SERVICES, INC.",1,FY2024_Q4
MILLIMAN,1,FY2024_Q4
"YODLEE, INC.",1,FY2024_Q4
ECONSULTANTS INC,1,FY2024_Q4
SWARTEK CORPORATION,1,FY2024_Q4
"SHAKTI GROUP, INC.",1,FY2024_Q4
S3STAFFINGUSA INC,1,FY2024_Q4
TAPJOY,1,FY2024_Q4
LONGEVITY HOLDINGS INC.,1,FY2024_Q4
LEGO CONSTRUCTION CO,1,FY2024_Q4
"RAYMOND ENGINEERINGGEORGIA, INC.",1,FY2024_Q4
MAGNA ELECTRONICS TECHNOLOGY INC.,1,FY2024_Q4
TESTEK INC,1,FY2024_Q4
"KARTECH, INC.",1,FY2024_Q4
WET,1,FY2024_Q4
"PYONGSAN AMERICA , INC",1,FY2024_Q4
SEBIT CHURCH INC,1,FY2024_Q4
INTERNATIONAL SCHOOL OF ARIZONA,1,FY2024_Q4
"COOPER CARRY, INC.",1,FY2024_Q4
THE MARY LANNING MEMORIAL HOSPITAL ASSOCIATION,1,FY2024_Q4
SWAMI PRAMUKH LLC,1,FY2024_Q4
"YOROKOBI INC, DBA TOKYO SUSHI",1,FY2024_Q4
NEW TONYS HONG KONG LLC,1,FY2024_Q4
THAISAKONNAKHONCITY LLC,1,FY2024_Q4
DUY CO INVESTMENTS,1,FY2024_Q4
LANGS LAWNCARE,1,FY2024_Q4
AWARD NAILS  SPA INC,1,FY2024_Q4
JAMIL LIMITED COMPANY,1,FY2024_Q4
KHOWAJA BROTHERS LLC DBA POPEYES LOUISIANA KITCH,1,FY2024_Q4
"ATLANTA FOUNDATIONS, INC.",1,FY2024_Q4
ALPHA OMEGA CONSTRUCTION INC,1,FY2024_Q4
RIVIERA FOOD USA INC,1,FY2024_Q4
"ORION FLOORING, INC.",1,FY2024_Q4
AV CARRIERS INC,1,FY2024_Q4
GREAT LOGISTICS GROUP,1,FY2024_Q4
SCHUR STAR SYSTEMS INC.,1,FY2024_Q4
TROMBETTA FAMILY WINES LLC,1,FY2024_Q4
TITLE21 SOFTWARE,1,FY2024_Q4
"SUPER 1 HANNAM, INC.",1,FY2024_Q4
DEVSQUAD LLC,1,FY2024_Q4
"SUMMIT CONSULTING, LLC",1,FY2024_Q4
SUPRA NATIONAL EXPRESS,1,FY2024_Q4
ELITE PERMITS,1,FY2024_Q4
JADE CENTURY PROPERTIES INC,1,FY2024_Q4
"STRATERA TECHNOLOGIES, INC.",1,FY2024_Q4
"SELECTHEALTH, INC.",1,FY2024_Q4
MLSLISTINGS INC,1,FY2024_Q4
"FREEOSK, INC.",1,FY2024_Q4
"SECURENDS, INC.",1,FY2024_Q4
"SPECTRUM LABS, INC.",1,FY2024_Q4
"WHITEFLASH, INC.",1,FY2024_Q4
DISNEY STREAMING SERVICES LLC,1,FY2024_Q4
"MODERN INTERNATIONAL, INC.",1,FY2024_Q4
"AXIS ARCHITECTURE  DESIGN, INC.",1,FY2024_Q4
SULZER GTC TECHNOLOGY US INC,1,FY2024_Q4
"BLOSSOM FOOTWEAR., INC",1,FY2024_Q4
"ALLPRO CONSULTING GROUP, INC",1,FY2024_Q4
TOPCON POSITIONING SYSTEMS,1,FY2024_Q4
THE HAMILTON CASTER  MFG. CO.,1,FY2024_Q4
"SAG HARBOR INDUSTRIES, INC.",1,FY2024_Q4
AVALANCHE STUDIOS,1,FY2024_Q4
SELECT REHABILITATION INC,1,FY2024_Q4
SPECIALTY SURGICAL CENTER,1,FY2024_Q4
SUSHI YASUDA LLC,1,FY2024_Q4
TERIYAKI HOUSE INC.,1,FY2024_Q4
DAO INC,1,FY2024_Q4
LUCKY INN LLC,1,FY2024_Q4
LS HOSPITALITY LA ESCONDIDA MEXICAN GRILL,1,FY2024_Q4
"LOCA SUMMERLIN, INC",1,FY2024_Q4
"DOGGYS CLOTHING,INC.",1,FY2024_Q4
"LACS REALTOR, INC",1,FY2024_Q4
"THE CELLPHONE SPOT, INC",1,FY2024_Q4
"SHIN RESTAURANT, INC.",1,FY2024_Q4
SILVA COMMUNICATIONS,1,FY2024_Q4
"PMD CLEANING SERVICE, INC.",1,FY2024_Q4
SCHLICHT FARMS ENTERPRISES,1,FY2024_Q4
"MN HOME DESIGNER, INC",1,FY2024_Q4
SPECTRUM CONCRETE RESTORATION INC,1,FY2024_Q4
ALL CONCRETE CHICAGO INC.,1,FY2024_Q4
RANTOUL FOODS LLC,1,FY2024_Q4
"POLISH FOLKLORE IMPORT CO.,INC",1,FY2024_Q4
KWA INC,1,FY2024_Q4
"TOUSI RUGS, INC.",1,FY2024_Q4
MICHAELS ORGANIZATION LLC,1,FY2024_Q4
SKY WAIKIKI LLC,1,FY2024_Q4
AZURE MEDICAL INNOVATION CORPORATION,1,FY2024_Q4
ECOSAVE INC.,1,FY2024_Q4
SUNSHINE MEDICAL AESTHETICS LLC,1,FY2024_Q4
"GOLDEN CITY MORTGAGE, CORP.",1,FY2024_Q4
SKYLIGHT DEVELOPMENT INC.,1,FY2024_Q4
"YAYA APPAREL, INC.",1,FY2024_Q4
OCEAN MOVERS INC,1,FY2024_Q4
YONSEI LAW LLC,1,FY2024_Q4
"PALIZZI AND SON, INC DBA PALIZZI FARM",1,FY2024_Q4
"ARK GLASS OF CHICAGO, INC.",1,FY2024_Q4
"BHULLAR EXPRESS TRUCKING, LLC",1,FY2024_Q4
CENTERFIELD MEDIA HOLDING COMPANY,1,FY2024_Q4
"MEI PARTNERS, LLC",1,FY2024_Q4
BIDELL GAS COMPRESSION,1,FY2024_Q4
ARMENIAN MISSIONARY ASSOCIATION OF AMERICA,1,FY2024_Q4
"FLORIDA VEIN CENTER, INC.",1,FY2024_Q4
RESPLANDECER INC,1,FY2024_Q4
NEW THAI ELEPHANT INC.,1,FY2024_Q4
"ASSURANCE MEZZANINE CAPITAL, LLC",1,FY2024_Q4
YEES FAMILY CORP.,1,FY2024_Q4
"LOGISTICSOS, INC.",1,FY2024_Q4
ST. PHILOPATEER AND ST. ANTHONY INC.,1,FY2024_Q4
ANNELISE PETERSON WINTER,1,FY2024_Q4
SYEDA ALEYA LLC,1,FY2024_Q4
MSS BUSINESS LLC,1,FY2024_Q4
SHOUGAN INC,1,FY2024_Q4
TREASURE INC. DBA PRINCE JEWELERS,1,FY2024_Q4
10570 FUQUA LLC,1,FY2024_Q4
SAMER MOHAMED ELFALLAL,1,FY2024_Q4
ALY USA LLC,1,FY2024_Q4
UACJ AUTOMOTIVE WHITEHALL INDUSTRIES INC,1,FY2024_Q4
JOHNSON PROJECT MANAGMENT INC,1,FY2024_Q4
EMBASSAIR GROUP US,1,FY2024_Q4
NEW WAVE INTERNATIONAL CARGO LLC,1,FY2024_Q4
DIVINE GLOBAL SOLUTIONS LLC,1,FY2024_Q4
"LOGICALIS, INC.",1,FY2024_Q4
"CONVERSANTIT, INC",1,FY2024_Q4
CONFERRA SOFTWARE,1,FY2024_Q4
"BROOKLYN M.A. CENTER, INC.",1,FY2024_Q4
THE CUPBOARD LLC,1,FY2024_Q4
"SIAM FOOD, LLC DBA SIAM GRILL",1,FY2024_Q4
DIXIE BBQ LLC,1,FY2024_Q4
YAFA HALAL MARKET,1,FY2024_Q4
DESERT STAR TRANSPORTATION LC,1,FY2024_Q4
CALIFORNIA CAREER INSTITUTE,1,FY2024_Q4
BLUETECH GLOBAL LLC,1,FY2024_Q4
A  B LOGISTICS INTERNATIONAL LLC,1,FY2024_Q4
FLORIDA CASA LLC,1,FY2024_Q4
HFNY GROUP CORP.,1,FY2024_Q4
"EMISSARY, INC.",1,FY2024_Q4
SPERTA INC.,1,FY2024_Q4
TN MARKETING,1,FY2024_Q4
MILL CITY ROASTERS LLC,1,FY2024_Q4
"ALTA FIRE PROTECTION, INC.",1,FY2024_Q4
WOLFSDORF ROSENTHAL LLP,1,FY2024_Q4
CHINALANE RESTAURANT INC.,1,FY2024_Q4
"ARCHES THAI,INC.DBA ARCHES THAI",1,FY2024_Q4
TUMMA KHAKUEN INC.,1,FY2024_Q4
KIMBERLY PRINCE LLC,1,FY2024_Q4
WESTERNTECHSYSTEMS INC.,1,FY2024_Q4
CENTRAL IRRIGATION SUPPLY CO. DBA CISCO INTL,1,FY2024_Q4
CIFARELLIS CRYSTAL CLEAR CLEANING CORP,1,FY2024_Q4
PM DELIVERY SERVICE,1,FY2024_Q4
ELKAMET INC.,1,FY2024_Q4
"BLUESTONE SPECIALTY CHEMICALS, LLC",1,FY2024_Q4
"FUYAO GLASS ILLINOIS, INC.",1,FY2024_Q4
GRANIX INC.,1,FY2024_Q4
EMMAR 22 CORP.,1,FY2024_Q4
INTELLECT DESIGN ARENA INC.,1,FY2024_Q4
ADVANCED ELECTRONIC COMPONENTS LLC,1,FY2024_Q4
AMERICANA PACIFIC LAW GROUP,1,FY2024_Q4
CHOU  CCH ACCOUNTANCY CORP,1,FY2024_Q4
"CARIBBEAN SUN AIRLINES, INC",1,FY2024_Q4
PATRICK SUN CPA,1,FY2024_Q4
NEXTOGEN,1,FY2024_Q4
"BLOOMY, LLC",1,FY2024_Q4
"A TO Z JEWELRY TOOLS AND SUPPLY, INC.",1,FY2024_Q4
"PROTRANS INTERNATIONAL, INC.",1,FY2024_Q4
"NIMBL WORLDWIDE, INC.",1,FY2024_Q4
"NEXT TRUCKING, INC.",1,FY2024_Q4
OMNILIFE SCIENCE INC,1,FY2024_Q4
"J HERNANDEZ AND ASSOCIATES, INC",1,FY2024_Q4
"LITENS AUTOMOTIVE OF AMERICA, INC.",1,FY2024_Q4
"NUTRACAP HOLDINGS, LLC",1,FY2024_Q4
"KELLOGG, HANSEN, TODD, FIGEL,  FREDERICK, P.L.L.C",1,FY2024_Q4
LEADERSHIP PUBLIC SCHOOLS,1,FY2024_Q4
WORLD CHAMPION TKD ACADEMY,1,FY2024_Q4
M  N DENTAL MANAGEMENT LLC,1,FY2024_Q4
"PEDIATRIC GROUP, LLC",1,FY2024_Q4
PISTOS LEADERSHIP LLC,1,FY2024_Q4
ELEPHANT JUMPS LLC,1,FY2024_Q4
"PLAINFIELD HOTEL PARTNERS, LLC",1,FY2024_Q4
LOG COUNTRY COVE,1,FY2024_Q4
HTM FOOD MART CORP,1,FY2024_Q4
YASMEEN 786 LLC,1,FY2024_Q4
PRIME HOME LOANS INC ISAOAATIMA,1,FY2024_Q4
WEST WIND EXPRESS INC.,1,FY2024_Q4
REFINED HOME CONSTRUCTION INC,1,FY2024_Q4
JAHYA INC,1,FY2024_Q4
JJ MILLWORK DESIGNS INC,1,FY2024_Q4
INVERTECH SOLUTIONS LLC,1,FY2024_Q4
PETERBILT STORE SOUTH FLORIDA LLC,1,FY2024_Q4
"ALMA PLANTATION, LLC",1,FY2024_Q4
"CHINA MED DEVICE, LLC",1,FY2024_Q4
"CORNER CUKE MARKET, INC.",1,FY2024_Q4
SENOR LATINO LLC,1,FY2024_Q4
THE FROST GROUP LLC,1,FY2024_Q4
"FLASHHORSE TRUCKING, INC",1,FY2024_Q4
PRISTINE LIFESTYLE GROUP LLC,1,FY2024_Q4
"TRAXION GROUP, INC",1,FY2024_Q4
"TADA COGNITIVE SOLUTIONS, LLC",1,FY2024_Q4
OSEH INC.,1,FY2024_Q4
"TRC SOLUTIONS, INC",1,FY2024_Q4
"HOYA OPTICAL LABS OF AMERICA, INC.",1,FY2024_Q4
OPEN CHURCH OF CHARLOTTE DBA KOREAN BAPTIST CHURCH,1,FY2024_Q4
TUFTS UNIVERSITY,1,FY2024_Q4
"DRESS FORUM, INC",1,FY2024_Q4
EZZI SIGNS INC.,1,FY2024_Q4
SDS BETHEL LLC,1,FY2024_Q4
TLC HOLDINGS LLC DBA TLC CARE CENTER,1,FY2024_Q4
DRITA FOODS LLC,1,FY2024_Q4
TIMOTHY PIASTRELLI,1,FY2024_Q4
SCOPE PARTNERS INC,1,FY2024_Q4
"SILK ENTERPRISES, INC",1,FY2024_Q4
CHARLES BAKER FARMS,1,FY2024_Q4
"MILK SOURCE, LLC",1,FY2024_Q4
"T.M.C. IMPORT  EXPORT COMPANY, LLC",1,FY2024_Q4
ROCHESTER CENTER FOR CHILDREN,1,FY2024_Q4
WDEVS,1,FY2024_Q4
"RADLEY STAFFING, LLC.",1,FY2024_Q4
EASY RIDERS BIKE RENTALS,1,FY2024_Q4
"RRC POWER  ENERGY, LLC",1,FY2024_Q4
RADIUS MANAGEMENT CORP,1,FY2024_Q4
VIAAN LLC,1,FY2024_Q4
WINNIE COMMUNITY HOSPITAL,1,FY2024_Q4
"WSD DIGITAL, LLC",1,FY2024_Q4
GESU PARISH DETROIT,1,FY2024_Q4
RESONANT LINK,1,FY2024_Q4
FAVRE MOTORCYCLES  LUI INC.,1,FY2024_Q4
RENAISSANCE CARDIOLOGY GROUP,1,FY2024_Q4
CAOS FAMILY RESTAURANT LLC,1,FY2024_Q4
CFS LAKE NONA LLC,1,FY2024_Q4
ALISA RUGGIERO,1,FY2024_Q4
LUCKY RETAIL LLC,1,FY2024_Q4
RAINFACTORY INC,1,FY2024_Q4
"VOCAL, INC.",1,FY2024_Q4
MG POWER TRANSPORT LLC,1,FY2024_Q4
VIDEOELEPHANT INC,1,FY2024_Q4
SINICO MTM US INC.,1,FY2024_Q4
ATLANTICO CAPITAL PARTNERS LLC,1,FY2024_Q4
"HP COMMUNICATIONS, INC.",1,FY2024_Q4
"A TEAM PACIFIC ROOFING, INCORPORATED",1,FY2024_Q4
"MR MEDICAL SOLUTIONS, LLC",1,FY2024_Q4
"NOODLEME, LLC DBA THAI NOODLE ETC",1,FY2024_Q4
"DANCE FASHIONS, INC",1,FY2024_Q4
"CS WHOLESALE GROCERS, INC",1,FY2024_Q4
SORTHOPE LLC,1,FY2024_Q4
CARGOMATRIX INC,1,FY2024_Q4
AMERICAN RAINBOW HOME FASHIONS INC,1,FY2024_Q4
"CRESCENT HOTELS AND RESORTS, LLC",1,FY2024_Q4
SOUTHWEST CAPITAL BANK,1,FY2024_Q4
"ACM TECHNOLOGIES, INC.",1,FY2024_Q4
BRIDGE INVESTMENT GROUP LLC,1,FY2024_Q4
AVENUES WORLD HOLDINGS,1,FY2024_Q4
"CANYON PARTNERS, LLC",1,FY2024_Q4
KEMPEN  CO U.S.A. INC,1,FY2024_Q4
QUANTBOT TECHNOLOGIES LP,1,FY2024_Q4
CA SENIOR LIVING LLC,1,FY2024_Q4
BRAUN WEISS INC.,1,FY2024_Q4
SAN DIEGO HOSPITAL ASSOCIATION,1,FY2024_Q4
"REDSTONE UNDERWRITERS, LLC",1,FY2024_Q4
E.K. TECHNOLOGIES DBA E.K. ASSOCIATES,1,FY2024_Q4
BRASIL PLURAL SECURITIES LLC,1,FY2024_Q4
"VALORX, INC.",1,FY2024_Q4
ACCIDENT FUND INSURANCE COMPANY OF AMERICA,1,FY2024_Q4
JACKSON LEWIS P.C.,1,FY2024_Q4
"U.S. RENAL CARE, INC.",1,FY2024_Q4
SONICWALL INC,1,FY2024_Q4
SIMPLAIN SOFTWARE SOLUTIONS LLC,1,FY2024_Q4
RELI GROUP INC.,1,FY2024_Q4
M2K,1,FY2024_Q4
AIT GLOBAL INC,1,FY2024_Q4
"AUGUST HOME, INC.",1,FY2024_Q4
"BRIGHTSTAR DEVICE PROTECTION, LLC",1,FY2024_Q4
SC ELECTRIC COMPANY,1,FY2024_Q4
"YAKSHNA SOLUTIONS, INC.",1,FY2024_Q4
"ADP TOTALSOURCE SERVICES, INC.",1,FY2024_Q4
"HOME PARTNERS OF AMERICA, LLC",1,FY2024_Q4
RADIUS GLOBAL INFRASTRUCTURE,1,FY2024_Q4
"NOX US, LLC.",1,FY2024_Q4
SUMMERHILL LANDSCAPES INC,1,FY2024_Q4
"MATERIALS MANAGERS AND ENGINEERS, INC.",1,FY2024_Q4
EVAPCO DRY COOLING,1,FY2024_Q4
"HI TORK POWER, INC.",1,FY2024_Q4
PLANET INNOVATION INC,1,FY2024_Q4
BROANNUTONE LLC.,1,FY2024_Q4
ALL NATIONS MISSION CHURCH INC,1,FY2024_Q4
ARNOLD  PORTER KAYE SCHOLER LLP,1,FY2024_Q4
"DOWNING  PECK, P.C.",1,FY2024_Q4
BROOKLYN FRIENDS SCHOOL,1,FY2024_Q4
BEFUN INC.,1,FY2024_Q4
BU SUNG AMERICA CORPORATION,1,FY2024_Q4
FPMFLORIDA PROPERTY MANAGEMENT LLC,1,FY2024_Q4
CGN AMERICA,1,FY2024_Q4
EDP OF WISCONSIN SC,1,FY2024_Q4
"DUNCAN REGIONAL HOSPITAL, INC.",1,FY2024_Q4
"NEW CHINA SALES, LLC",1,FY2024_Q4
GENIUS LOUNGE INC.,1,FY2024_Q4
TOLEDO 35 INC.,1,FY2024_Q4
SHERIDAN CAFE,1,FY2024_Q4
JUN ROSE ABELLA,1,FY2024_Q4
KELLY WATSON,1,FY2024_Q4
ENDERSON MIRANDA,1,FY2024_Q4
CAMP BALCONES SPRINGS LP,1,FY2024_Q4
"TCW, LLC.",1,FY2024_Q4
CAMBIOREAL INC.,1,FY2024_Q4
"DORBIN METAL STRIP MANUFACTURING CO., INC.",1,FY2024_Q4
"VITAL AC SOLUTIONS, INC.",1,FY2024_Q4
"AFFORDABLE DENTURES DENTAL LABORATORIES, LLC",1,FY2024_Q4
IADEA AMERICA CORP.,1,FY2024_Q4
ELUCID BIOIMAGING INC.,1,FY2024_Q4
"INSMED, INC.",1,FY2024_Q4
"CTK USA, INC.",1,FY2024_Q4
SR CONSTRUCTION,1,FY2024_Q4
SMTAUTOMATION LLC,1,FY2024_Q4
CHO SAIGON NEW MARKET,1,FY2024_Q4
UNITED STATES TENNIS ASSOCIATION,1,FY2024_Q4
"SOUNDEXCHANGE, INC.",1,FY2024_Q4
"SORRENTO THERAPEUTICS, INC.",1,FY2024_Q4
"ALLEN EXPLORATION, LLC",1,FY2024_Q4
WELCH  ASSOCIATES,1,FY2024_Q4
"SRS INVESTMENT MANAGEMENT, LLC",1,FY2024_Q4
BUNGE MANAGEMENT SERVICES INC.,1,FY2024_Q4
"INNEALTA CAPITAL, LLC",1,FY2024_Q4
ACLARA TECHNOLOGIES LLC,1,FY2024_Q4
VKORE SOLUTIONS LLC,1,FY2024_Q4
SAYEON LLC,1,FY2024_Q4
ALFA FINANCIAL SOFTWARE INC.,1,FY2024_Q4
"SPIRALEDGE, INC",1,FY2024_Q4
SKILLNET SOLUTIONS INC,1,FY2024_Q4
STAR EV CORPORATION,1,FY2024_Q4
STATE CAREER SCHOOL INC,1,FY2024_Q4
ROOTS AUTOMATION,1,FY2024_Q4
"GRAPHISOFT NORTH AMERICA, INC.",1,FY2024_Q4
"VCIT SOLUTIONS, INC.",1,FY2024_Q4
FOUR PILLARS INFOSYS INC,1,FY2024_Q4
SYMBOL SOFTWARE SERVICES INC,1,FY2024_Q4
"GEAKMINDS, INC",1,FY2024_Q4
INSURANCE OFFICE OF AMERICA,1,FY2024_Q4
"SONOSIM, INC.",1,FY2024_Q4
ARGUS SERVICES INC,1,FY2024_Q4
"GLADYS INTERNATIONAL, INC.",1,FY2024_Q4
"BE AEROSPACE, INC.",1,FY2024_Q4
ASW LLC,1,FY2024_Q4
"CORNERSTONE CONTRACTORS, LLC",1,FY2024_Q4
HEBREW REHABILIATATION CENTER,1,FY2024_Q4
HAOMIL INC,1,FY2024_Q4
IMMIGRATION LAW PLLC,1,FY2024_Q4
CONGREGATION LEVI YITZCHOK LUBAVITCH INC,1,FY2024_Q4
KIDS ISLAND AVDVENTURES INC.,1,FY2024_Q4
"D14N, LLC",1,FY2024_Q4
GREEN IVY SCHOOLS,1,FY2024_Q4
INTERNATIONAL SCHOOL OF LOUISIANA,1,FY2024_Q4
COMMUNITY PRESCHOOLS CORPORATION,1,FY2024_Q4
HUGGA LLC,1,FY2024_Q4
"REVENUE, INC.",1,FY2024_Q4
GABELLINI SHEPPARD ASSOCIATES LLP,1,FY2024_Q4
CAMPBELLSVILLE UNIVERSITY,1,FY2024_Q4
HEMSING ASSOCIATES INC.,1,FY2024_Q4
PREPEDU CONSULTING LLC,1,FY2024_Q4
COMMUNITY DENTAL CLINIC DBA PIC PLACE,1,FY2024_Q4
"GEORGIA HEART INSTITUTE, LLC FKA THE HEART CENTE",1,FY2024_Q4
HEART AND VASCULAR CLINIC P. A.,1,FY2024_Q4
"AHS OKLAHOMA HEART, LLC",1,FY2024_Q4
MERCYONE NORTH IOWA MEDICAL CENTER,1,FY2024_Q4
ASANTE PHYSICIAN PARTNERS,1,FY2024_Q4
KOERICH  KOERICH DDS PLLC,1,FY2024_Q4
"CHANIN AND DIREK, LLC DBA SIAM VILLAGE THAI CUISIN",1,FY2024_Q4
EDGARS YARD SERVICE LLC,1,FY2024_Q4
RODRIGUEZHAYS HOUSEHOLD,1,FY2024_Q4
KIMBERLY NIXON,1,FY2024_Q4
B4U TEMPLE HILL INC,1,FY2024_Q4
DR NEIDE COUTINHO  ASSOCIATES PC,1,FY2024_Q4
"JUICE  JAVA, INC",1,FY2024_Q4
SKYWAY CHARTER CORP,1,FY2024_Q4
TECHCO CONTRACTING LLC,1,FY2024_Q4
GREGG LAHNERS,1,FY2024_Q4
COPELAND UNITED INC.,1,FY2024_Q4
GIL SEWING CORPORATION,1,FY2024_Q4
"FE DENTAL LAB, INC.",1,FY2024_Q4
KGZ TRANSPORT CORP,1,FY2024_Q4
JGB VENTURES LLC,1,FY2024_Q4
LAUNDRYSUCKS.IO INC,1,FY2024_Q4
ANDREWS  SON TRADING,1,FY2024_Q4
VERITRAN LLC,1,FY2024_Q4
"UDACITY, INC",1,FY2024_Q4
"PACIFIC CYCLE, INC.",1,FY2024_Q4
"NV2A GROUP, LLC",1,FY2024_Q4
MILAGRO TRADING COMPANY INC.,1,FY2024_Q4
NANOBIOTIX CORP,1,FY2024_Q4
ORIENTA BEACH CLUB,1,FY2024_Q4
PHONE STATE LLC,1,FY2024_Q4
ESPER REGULATORY TECHNOLOGIES,1,FY2024_Q4
"ICE CHALLENGE ENTERPRISES, LLC",1,FY2024_Q4
PLEASANT WAYS INC,1,FY2024_Q4
"CARCOUSTICS TCNA, INC",1,FY2024_Q4
WBA CORPORATION,1,FY2024_Q4
"JTE GLOBAL TRADINGINVESTMENT GROUP, INC",1,FY2024_Q4
VR 360 ACTION LLC,1,FY2024_Q4
NC TRADING LLC,1,FY2024_Q4
"VERIMATRIX, INC.",1,FY2024_Q4
"MMR CONSTRUCTORS, INC.",1,FY2024_Q4
AMHERST SERVICES CORPORATION,1,FY2024_Q4
"KING STREET CAPITAL MANAGEMENT, L.P.",1,FY2024_Q4
SADDLEBACK VALLEY COMMUNITIES LLC,1,FY2024_Q4
"CHAMCAL ENGINEERING, CO.",1,FY2024_Q4
CERIDIAN HCM INC.,1,FY2024_Q4
USTRING SOLUTIONS LLC,1,FY2024_Q4
"INFOSYTECH SOLUTIONS, INC.",1,FY2024_Q4
"HUB GROUP, INC.",1,FY2024_Q4
BOSCH REXROTH CORPORATION,1,FY2024_Q4
SUVODA LLC,1,FY2024_Q4
"BEYONDID, INC.",1,FY2024_Q4
"VECTRA AI, INC",1,FY2024_Q4
"MIMEDX GROUP, INC.",1,FY2024_Q4
"NAGRA USA, LLC",1,FY2024_Q4
VISUAL CONCEPTS ENTERTAINMENT,1,FY2024_Q4
FANTAS EYES INC,1,FY2024_Q4
MENASHA CORPORATION,1,FY2024_Q4
"INTERACTIVE STRENGTH, INC.",1,FY2024_Q4
FIRST ORION CORP,1,FY2024_Q4
MOBLAB INC,1,FY2024_Q4
BILTCO LLC,1,FY2024_Q4
MEDINA FIBER,1,FY2024_Q4
"VISION SYSTEMS INTELLIGENCE, LLC",1,FY2024_Q4
NUWAY HEATING  COOLING,1,FY2024_Q4
"CONSTRUCTION COMPONENTS TRUSS DIVISION, LLC",1,FY2024_Q4
"PIC USA, INC.",1,FY2024_Q4
"BIOCONSORTIA, INC.",1,FY2024_Q4
"INTERNATIONAL CENTER FOR NOTFORPROFIT LAW, INC.",1,FY2024_Q4
BARD COLLEGE AT SIMONS ROCK,1,FY2024_Q4
MINNETONKA PUBLIC SCHOOLS,1,FY2024_Q4
P1 ESPORTS LLC,1,FY2024_Q4
"B2Y, INC.",1,FY2024_Q4
BEST CARE GUEST HOME,1,FY2024_Q4
"MAMA THAI, INC.",1,FY2024_Q4
SIAMSQUARE LLC,1,FY2024_Q4
"THAI CHILI, INC. DBA THAI CHILI  PHO",1,FY2024_Q4
SHARON OH LLC,1,FY2024_Q4
H  H CLEANING SERVICES LLC,1,FY2024_Q4
"MARIPOSA CHILD CARE CENTER, INC.",1,FY2024_Q4
"RAMARSR ENTERPRISES , INC",1,FY2024_Q4
ASR PETROLEUM LLC DBA DELTA FOOD 7,1,FY2024_Q4
"JFC INTERNATIONAL, INC.",1,FY2024_Q4
"UTILITY SYSTEMS SCIENCE  SOFTWARE, INC.",1,FY2024_Q4
"AVETISYAN  ASSOCIATES, INC.",1,FY2024_Q4
LEE STREET MGMT LLC,1,FY2024_Q4
"PH  MC INC, DBA GOLD7 BEAUTY SUPPLY",1,FY2024_Q4
"ING  ELNAGGAR, LLC, DBA PARCEL PLUS OF MCLEAN",1,FY2024_Q4
BOLD EXCLUSIVE REALTY LLC,1,FY2024_Q4
INTERPRISE USA,1,FY2024_Q4
MLI HOME IMPROVEMENTS LLC,1,FY2024_Q4
GREINER BALSIGER ROHWEDER DAIRY LLP,1,FY2024_Q4
BUESCHER FARMS GENERAL PARTNERSHIP,1,FY2024_Q4
LATITUDE HOME IMPROVEMENT,1,FY2024_Q4
BRITISH AIRWAYS PLC,1,FY2024_Q4
MCNC PRECISION ENGINEERING CORP.,1,FY2024_Q4
UNITED GRANITE PENNA LLC,1,FY2024_Q4
"VAEZ AND CO., INC.",1,FY2024_Q4
KOOL LEGACY LLC,1,FY2024_Q4
AMORINO DFW2 LLC,1,FY2024_Q4
"THOROUGHBRED SOLUTIONS, LLC",1,FY2024_Q4
"MARTIN HARRIS CONSTRUCTION, LLC",1,FY2024_Q4
"PARAMOUNT RESTYLING AUTOMOTIVE, INC.",1,FY2024_Q4
"IRON SYSTEMS,INC.",1,FY2024_Q4
SONOMA BIOTHERAPEUTICS INC.,1,FY2024_Q4
UNITED ACCOUNTING SERVICES CORP,1,FY2024_Q4
CHURCHILL ASSET MANAGEMENT LLC,1,FY2024_Q4
"CANADIAN IMPERIAL HOLDINGS, INC.",1,FY2024_Q4
PURPLE WEB INC,1,FY2024_Q4
OPENWAVE COMPUTING LLC,1,FY2024_Q4
ERPLABS INC,1,FY2024_Q4
"CENTRAL TECHNOLOGY SERVICES, INC.",1,FY2024_Q4
ALTIUM LLC,1,FY2024_Q4
LAZEN POWER ENGINEERING LLC,1,FY2024_Q4
KYLE TWITCHELL  ASSOCIATES CONSULTING ENGINEERS,1,FY2024_Q4
ASPIRE VAPE CO.,1,FY2024_Q4
LEGEND BIOTECH USA INC,1,FY2024_Q4
BENME CORP,1,FY2024_Q4
"AMERICAN INTERNATIONAL MONTESSORI SCHOOL, INC.",1,FY2024_Q4
DC BILINGUAL PUBLIC CHARTER SCHOOL,1,FY2024_Q4
RANDOLPH COUNTY BOARD OF EDUCATION,1,FY2024_Q4
BLUE STAR MANAGEMENT SERVICES LLC,1,FY2024_Q4
"305 PLASTIC SURGERY, CORP.",1,FY2024_Q4
BILLYS SUBS AND PIZZA INC,1,FY2024_Q4
ANCHORAGE MOTOR INN OF OGUNQUIT INC,1,FY2024_Q4
MBT TRANSPORT INC.,1,FY2024_Q4
BMC AUTO SALES LLC,1,FY2024_Q4
BAXCELL ELECTRONIC INC,1,FY2024_Q4
SOLOMON AGENCY CORP.,1,FY2024_Q4
"AMERICAN QUALITY CARE FOR THE ELDERLY, INC.",1,FY2024_Q4
AMY DAVIDSON,1,FY2024_Q4
MALCOLM DRILLING COMPANY INC.,1,FY2024_Q4
LAND AESTHETIC,1,FY2024_Q4
AAA RENOVATION AND CONSTRUCTION LLC,1,FY2024_Q4
CHESAPEAKE FURNITURE CONTRACTORS INC,1,FY2024_Q4
"BLUE VALLEY VINEYARD  WINERY, LLC",1,FY2024_Q4
CJH VINTAGE INC.,1,FY2024_Q4
"KRIKOR BARDAKJIAN, DDS, INC.",1,FY2024_Q4
"TIMESCALE, INC.",1,FY2024_Q4
MORI FOOD INC,1,FY2024_Q4
"SHOCKWAVE MEDICAL, INC.",1,FY2024_Q4
WALBRIDGE ALDINGER COMPANY,1,FY2024_Q4
DRACO FREIGHT LOGISTICS CORPORATION,1,FY2024_Q4
"SEABOLD CONSTRUCTION CO., INC.",1,FY2024_Q4
"WEST PALM HOMES, LLC",1,FY2024_Q4
ESHOPEX LLC,1,FY2024_Q4
ROMA SCAFFOLDING INC.,1,FY2024_Q4
NESTLE PURINA PETCARE,1,FY2024_Q4
CSB SYSTEM INTERNATIONAL INC.,1,FY2024_Q4
"GEX MANAGEMENT, INC",1,FY2024_Q4
WASHINGTON PROPERTY GROUP LLC,1,FY2024_Q4
RUSA CX PHARMACY INC,1,FY2024_Q4
TURNER ACCEPTANCE CORP.,1,FY2024_Q4
TIBER CAPITAL GROUP LLC,1,FY2024_Q4
THE TAUBMAN COMPANY,1,FY2024_Q4
"MIO PARTNERS, INC.",1,FY2024_Q4
ETRADE SECURITIES LLC,1,FY2024_Q4
MOBOLUTIONS LLC,1,FY2024_Q4
WALLEYE CAPITAL LLC,1,FY2024_Q4
NORTEK SECURITY  CONTROL,1,FY2024_Q4
TECHNOWARE SOLUTIONS LLC,1,FY2024_Q4
NOVO PROSO INC,1,FY2024_Q4
TELESCOPE PARTNERS,1,FY2024_Q4
"UPCLEAR, INC.",1,FY2024_Q4
NOVELSAT INC,1,FY2024_Q4
"NEXT PHASE SOLUTIONS AND SERVICES, INC.",1,FY2024_Q4
"TEKSTREAM SOLUTIONS, LLC",1,FY2024_Q4
CLAIRES STORES INC.,1,FY2024_Q4
BRAINHR IT SOLUTIONS,1,FY2024_Q4
"MIKELE INTERNATIONAL GROUP, LLC DBA DAVILA HOMES",1,FY2024_Q4
TXU ENERGY RETAIL COMPANY LLC,1,FY2024_Q4
"SCOOP TECHNOLOGIES, INC.",1,FY2024_Q4
SABIC AMERICAS LLC,1,FY2024_Q4
"NOVA GEOTECHNICAL  INSPECTION SERVICES, LLC",1,FY2024_Q4
CARDINAL GLASS INDUSTRIES INC.,1,FY2024_Q4
"DIGIT SYSTEMS INTERNATIONAL, LLC",1,FY2024_Q4
"DNV ENERGY INSIGHTS USA, INC",1,FY2024_Q4
GBC KITCHEN AND BATH LLC,1,FY2024_Q4
MIROCULUS,1,FY2024_Q4
NUVERA LLC,1,FY2024_Q4
THE FIRST PRESBYTERIAN CHURCH OF ORANGE COUNTY,1,FY2024_Q4
"SHAMAYEVLAW, PA",1,FY2024_Q4
NATIONAL CAPITAL LEGAL CERVICES,1,FY2024_Q4
SACRAMENTO CITY UNIFIED SCHOOL DISTRICT,1,FY2024_Q4
CAVE CREEK UNIFIED SCHOOL DISTRICT,1,FY2024_Q4
"THE HEREAFTER, INC.",1,FY2024_Q4
"SKIN FX, INC.",1,FY2024_Q4
"NITTANY HEARTS, INC",1,FY2024_Q4
"XEN MEDIA, INC.",1,FY2024_Q4
BATH RX INC DBABATH DRUG,1,FY2024_Q4
"HD MANAGED CARE, LLC",1,FY2024_Q4
SHELBINA FAMILY RESTAURANT LLC,1,FY2024_Q4
THE MOUNTAIN RIDGE COUNTRY CLUB,1,FY2024_Q4
"EVEREST BREW HOUSE, INC",1,FY2024_Q4
CASS INC,1,FY2024_Q4
NOURYON PULP AND PERFORMANCE CHEMICALS LLC,1,FY2024_Q4
"CMC HARVESTING, INC.",1,FY2024_Q4
"COFFEE HAUS OF SCHAUMBURG, INC.",1,FY2024_Q4
"NEWGARD DEVELOPMENT GROUP, INC",1,FY2024_Q4
"WOON KIM  ASSOCIATES, PC",1,FY2024_Q4
"PANOLAM INDUSTRIES INTERNATIONAL, INC",1,FY2024_Q4
CACHE RIVER FARMS,1,FY2024_Q4
ANDES INSULATION LLC,1,FY2024_Q4
BOREKG,1,FY2024_Q4
BOZZELLI CONCORD LLC,1,FY2024_Q4
YACHTCONTROLLER LLC,1,FY2024_Q4
WOLFFKRAN,1,FY2024_Q4
ITEMIZE CORP.,1,FY2024_Q4
"JPT AMERICA, INC.",1,FY2024_Q4
SOHONET INC.,1,FY2024_Q4
"TMONE, LLC",1,FY2024_Q4
"LONGWOOD MANAGEMENT, LLC",1,FY2024_Q4
SHELDON ACKERSON,1,FY2024_Q4
"TRANSURESTE USA, LLC",1,FY2024_Q4
"CT LAB GLOBAL MEDIA, LLC",1,FY2024_Q4
HEDGEYE RISK MANAGEMENT LLC,1,FY2024_Q4
SUNSHINE OUTDOORS LLC,1,FY2024_Q4
LA ROCA FUTBOL CLUB,1,FY2024_Q4
SPMGHOLDING INC,1,FY2024_Q4
AQUA KITCHEN  BATH DESIGN CENTER,1,FY2024_Q4
"LUMINAR TECHNOLOGIES, INC.",1,FY2024_Q4
J.V.M. SALES CORPORATION DBA QUOT;MILANOS CHEESEQUOT;,1,FY2024_Q4
"J. CREW GROUP, LLC",1,FY2024_Q4
"ANKAR GROUP, LLC",1,FY2024_Q4
"BLUESTAR MARINE SOLUTIONS, INC",1,FY2024_Q4
"SANGHA CPA, P.C.",1,FY2024_Q4
MIDWEST CONSTRUCTION CONCRETE  GENERAL CONTRACTOR,1,FY2024_Q4
"SUR ENTERTAINMENT GROUP, INC. DBA AS SEG UNIVERSE",1,FY2024_Q4
"SUDRAN, DIZENHAUS  ASSOCIATES",1,FY2024_Q4
ATELIER INTERNATIONAL LLC,1,FY2024_Q4
JYK ACCOUNTANCY CORPORATION,1,FY2024_Q4
NEXUSCW INC,1,FY2024_Q4
CARLSEN  CO. INC.,1,FY2024_Q4
SCHRODER INVESTMENT MANAGEMENT N.A. INC.,1,FY2024_Q4
"SOLVING IT INTERNATIONAL, INC.",1,FY2024_Q4
"INDIANA UNIVERSITY HEALTH, INC.",1,FY2024_Q4
SRITA SOLUTIONS INC,1,FY2024_Q4
"OAK STREET HEALTH MSO, LLC",1,FY2024_Q4
SSN GROUP LLC,1,FY2024_Q4
SERCO INC.,1,FY2024_Q4
"EVO MERCHANT SERVICES, LLC",1,FY2024_Q4
"APPLICATION RESOURCES, INC",1,FY2024_Q4
CYBER CHASSE INC,1,FY2024_Q4
"SQUARE ENIX, INC",1,FY2024_Q4
DELL FINANCIAL SERVICES,1,FY2024_Q4
SAVANCYS INC,1,FY2024_Q4
SALESINTEL RESEARCH INC,1,FY2024_Q4
NITS SOLUTIONS INC.,1,FY2024_Q4
VANTAGE POINT CONSULTING INC,1,FY2024_Q4
ST JUDE CHILDRENS RESEARCH HOSPITAL,1,FY2024_Q4
"SMARTY, LLC",1,FY2024_Q4
"YASH  LUJAN CONSULTING, INC.",1,FY2024_Q4
VULTUS INC.,1,FY2024_Q4
"VIRTUAL ADVANTAGE, LLC",1,FY2024_Q4
LORAM PROPERTIES III LP,1,FY2024_Q4
"ADVANCED ACCELERATOR APPLICATIONS USA, INC.",1,FY2024_Q4
THATGAMECOMPANY,1,FY2024_Q4
LANG ARCHITECTURE,1,FY2024_Q4
"SINE DRACO AVIATION TECHNOLOGY, LTD.",1,FY2024_Q4
K S K CONSTRUCTION GROUP LLC,1,FY2024_Q4
LEUTERIO THOMAS LLC,1,FY2024_Q4
"LUZCO TECHNOLOGIES, LLC",1,FY2024_Q4
LIBERTY UTILITIES SERVICE CORP.,1,FY2024_Q4
"OLD PUEBLO RANCH, INC. DBA LA REINA",1,FY2024_Q4
"SAINTGOBAIN CERAMICS  PLASTICS, INC.",1,FY2024_Q4
JARVIS PRODUCTS CORPORATION,1,FY2024_Q4
OPTIMAL INC.,1,FY2024_Q4
MERGE ARCHITECTURAL GROUP LLC,1,FY2024_Q4
"LAW OFFICES OF C.K.  ASSOCIATES, LLC",1,FY2024_Q4
"MERZ  ASSOCIATES, P.C.",1,FY2024_Q4
SOUTHEASTERN OKLAHOMA STATE UNIVERSITY,1,FY2024_Q4
STARBRIDGE FLORAL DESIGN INC.,1,FY2024_Q4
CHINESE OVERSEAS MARKETING SERVICE CORPORATION,1,FY2024_Q4
SANDHYA ANANTUNI DMD PC DBA ANANTUNI FAMILY DENTAL,1,FY2024_Q4
LUMINIS HEALTH MEDICAL GROUP LLC,1,FY2024_Q4
D HILLSIDE PLACE II,1,FY2024_Q4
IDEALSMILE LLC,1,FY2024_Q4
LOMITOS LATIN AMERICAN RESTAURANT. LLC,1,FY2024_Q4
JES  DAN INC. DBA ONE BOWL ASIAN CUISINE,1,FY2024_Q4
FIORDELIA LLC,1,FY2024_Q4
"TABEMEN, INC.",1,FY2024_Q4
TAIKAI INC,1,FY2024_Q4
BEACH PIGS LLC,1,FY2024_Q4
VAYSA ALIPIO,1,FY2024_Q4
KENT SANDS,1,FY2024_Q4
JODI RIESENBERG,1,FY2024_Q4
ROBERT WILLIAM JEFFERIS,1,FY2024_Q4
LUCIANE Q DAVIDSON PRIVATE HOUSEHOLD,1,FY2024_Q4
"T  B SMOKE SHOP, LLC",1,FY2024_Q4
"STEEPLECHASE BUSINESS, INC.",1,FY2024_Q4
"REHOBOTH SUNSATIONS, INC.",1,FY2024_Q4
J. ARON  COMPANY LLC,1,FY2024_Q4
SQUAREPOINT OPS LLC,1,FY2024_Q4
"MOSHERFLO PUMPS, LLC",1,FY2024_Q4
SHIELD ACCOUNTING GROUP INC.,1,FY2024_Q4
DRAWING STUDIO NYC INC,1,FY2024_Q4
"ROOFING CONCEPTS UNLIMITEDFLORIDA, INC",1,FY2024_Q4
"SOUTHERN TRAVEL INTERNATIONAL, CORP.",1,FY2024_Q4
CONNECTION EXPRESS USA INC,1,FY2024_Q4
GLOBAL HAND CONSULTING LLC DBA DT TRANSLATIONS,1,FY2024_Q4
T. AYTAC INSURANCE SERVICES PLLC,1,FY2024_Q4
COLORADO TIMES LLC,1,FY2024_Q4
"LEVATO  SONS, INC.",1,FY2024_Q4
KELLY TRACTOR CO.,1,FY2024_Q4
OMEGA AUTO WERKS LLC,1,FY2024_Q4
STANICO,1,FY2024_Q4
"THE RIGHT CUT LANDSCAPE SERVICES INC., DBA TRC LANDSCAPING SERVICES INC",1,FY2024_Q4
"SAPIA HOSPITALITY, INC.",1,FY2024_Q4
"H. REZA, A DENTAL CORPORATION",1,FY2024_Q4
WORLD EDUCATION SERVICES,1,FY2024_Q4
"FARMERS BUSINESS NETWORK, INC.",1,FY2024_Q4
MOUNTAIN AMERICA FEDERAL CREDIT UNION,1,FY2024_Q4
PROMOTE MEDIA LP,1,FY2024_Q4
ASI OIL TOOLS INC.,1,FY2024_Q4
"DIEFFENBACHER CUSTOMER SUPPORT, LLC",1,FY2024_Q4
PANAMERICAN FOODS CORP,1,FY2024_Q4
"WL MOLDING OF MICHIGAN, LLC",1,FY2024_Q4
ZAO STORES LLC,1,FY2024_Q4
EVERRANK INVESTMENT GROUP INC,1,FY2024_Q4
NW ACCOUNTANTS INC,1,FY2024_Q4
"MARKS BOOKKEEPING SERVICES, LLC",1,FY2024_Q4
"PAUL S. JOO, CPA AN ACCOUNTANCY CORP",1,FY2024_Q4
THE HOLTZ GROUP INC.,1,FY2024_Q4
"M3F, INC.",1,FY2024_Q4
UPTIMA INC,1,FY2024_Q4
"IRONCLAD, INC.",1,FY2024_Q4
EIT PROFESSIONALS CORP.,1,FY2024_Q4
BMR INFOTEK INC,1,FY2024_Q4
XEROX CORPORATION,1,FY2024_Q4
"FIRST EAGLE INVESTMENT MANAGEMENT, LLC",1,FY2024_Q4
WITHIN UNLIMITED INC.,1,FY2024_Q4
"MARKETDIAL, INC.",1,FY2024_Q4
"MACYS.COM, LLC",1,FY2024_Q4
"WORLD WIDE TECHNOLOGY HOLDING COMPANY, LLC",1,FY2024_Q4
PATELCO CREDIT UNION,1,FY2024_Q4
"MS ENGINEERING, LLC",1,FY2024_Q4
"EZ AUTOMATION SYSTEMS, LLC",1,FY2024_Q4
ZENITH ELECTRONICS LLC,1,FY2024_Q4
ZF AXLE DRIVES MARYSVILLE,1,FY2024_Q4
WORLD WILDLIFE FUND,1,FY2024_Q4
MARRIAGE AND FAMILY COUNSELING SERVICE,1,FY2024_Q4
WESTMONT COLLEGE,1,FY2024_Q4
BILINGUALS INC.,1,FY2024_Q4
SASA ENTERPRISES LLC,1,FY2024_Q4
"MM HEADGEAR, INC.",1,FY2024_Q4
MAXY TRADING CORP,1,FY2024_Q4
SHANE RICKEY DESIGN,1,FY2024_Q4
NEVADA HEALTH CENTERS,1,FY2024_Q4
"MERCY MEDICAL CENTER, INC.",1,FY2024_Q4
OM NAMAH 2 LLC,1,FY2024_Q4
YE FAMILY GROUP INC.,1,FY2024_Q4
M TOGETHER INC,1,FY2024_Q4
ZAMINDAR LLC.,1,FY2024_Q4
MM ATHENS CONNECTION INC,1,FY2024_Q4
SOYLEMEZLER ORIENTAL RUGS INC,1,FY2024_Q4
AHJA INVESTMENT LLC,1,FY2024_Q4
MQG LLC,1,FY2024_Q4
COFFEE CREEK FARMS,1,FY2024_Q4
STAPLETON FARMS INC,1,FY2024_Q4
NOCONA RANCH,1,FY2024_Q4
OERLIKON AM US INC.,1,FY2024_Q4
BLUE STREAM COMMUNICATION LLC,1,FY2024_Q4
REPI LLC,1,FY2024_Q4
"GIW INDUSTRIES, INC.",1,FY2024_Q4
ELECNOR HAWKEYE LLC,1,FY2024_Q4
"MOON RIVER FOODS, INC.",1,FY2024_Q4
EILAT INTERNATIONAL INC DBA ESSENCE,1,FY2024_Q4
"GENIA USA, INC.",1,FY2024_Q4
SILON LLC,1,FY2024_Q4
NATURAL STONE LLC,1,FY2024_Q4
"RESPONSIVE TECHNOLOGIES, INC",1,FY2024_Q4
ADIR INTERNATIONAL LLC,1,FY2024_Q4
"PAYCARGO FINANCE GP, LP",1,FY2024_Q4
UNIVERSAL BUSINESS SOLUTIONS INC,1,FY2024_Q4
ALREK BUSINESS SOLUTIONS INC,1,FY2024_Q4
ASCENT INNOVATIONS LLC,1,FY2024_Q4
RHONDOS LLC,1,FY2024_Q4
G.S. GILL MD PC,1,FY2024_Q4
AUTEL US INC.,1,FY2024_Q4
PURDUE PHARMA LP,1,FY2024_Q4
"COCKROACH LABS, INC.",1,FY2024_Q4
"SAINI TECH SERVICES, INC.",1,FY2024_Q4
REVERE CAPITAL MANAGEMENT LP,1,FY2024_Q4
"ROTTET STUDIO, LLC",1,FY2024_Q4
STIHL INCORPORATED,1,FY2024_Q4
"GOLDSTEIN  LEE, P.C.",1,FY2024_Q4
HIMNEL FONTANA INC.,1,FY2024_Q4
PVCI CHARTER SCHOOL,1,FY2024_Q4
FRED ASTAIRE DANCE STUDIO,1,FY2024_Q4
CHICAGO WHITE SOX. LTD.,1,FY2024_Q4
PORT ARTHUR SMILES PLLC,1,FY2024_Q4
SAIKISH LLC,1,FY2024_Q4
"LUCKY GATE, INC. DBA NEW DYNASTY RESTAURANT",1,FY2024_Q4
GABRIELLA RAUSSEO IRREVOCABLE TRUST,1,FY2024_Q4
LUIGI ROSSO,1,FY2024_Q4
RN FOOD AND GAS INC,1,FY2024_Q4
VIAMERICAS CORPORATION,1,FY2024_Q4
PLASTIC OMNIUM AUTO EXTERIORS,1,FY2024_Q4
GENISYS CONTROLS LLC,1,FY2024_Q4
"GARAM, INC.",1,FY2024_Q4
"JHI SERVICES, L.L.C.",1,FY2024_Q4
ELECTROTOPBH TRADING LLC,1,FY2024_Q4
IMPORTADORA GUANGDONG LLC,1,FY2024_Q4
"R. FIOROTI CONSTRUCTION, LLC",1,FY2024_Q4
GENACE HAY CO INC,1,FY2024_Q4
DONGWON TECH CORPORATION,1,FY2024_Q4
RILEY LIVESTOCK INC.,1,FY2024_Q4
QUEST EXPRESS LLC,1,FY2024_Q4
"SELETTI NORTH AMERICA, INC.",1,FY2024_Q4
"IMEX VISION, LLC",1,FY2024_Q4
"GILBERT, BARBEE, MOORE  MCILVOY, PSC",1,FY2024_Q4
SPOTTER GLOBAL INC,1,FY2024_Q4
ROYAL DYNASTY US RESTAURANT MANAGEMENT INC,1,FY2024_Q4
MANDARIN MATHEMATICS CORPORATION,1,FY2024_Q4
GLLV CPA LLC,1,FY2024_Q4
HOLTEC INTERNATIONAL,1,FY2024_Q4
"ICEBERG ENTERPRISES, LLC",1,FY2024_Q4
MEAN GUPPY,1,FY2024_Q4
WELKIN TECHNOLOGIES LLC,1,FY2024_Q4
OPPORTUNITY FINANCIAL LLC,1,FY2024_Q4
"CYXTERA TECHNOLOGIES, INC.",1,FY2024_Q4
"OLO, INC",1,FY2024_Q4
CAREX PHARMACY INC DBA LYDIG PHARMACY,1,FY2024_Q4
"MAPISTRY, INC.",1,FY2024_Q4
ELASTICSEARCH INC,1,FY2024_Q4
MAGNA EXTERIORS BELVIDERE,1,FY2024_Q4
YANFENG US AUTOMOTIVE INTERIOR SYSTEMS I LLC,1,FY2024_Q4
"MEUSBURGER US, INC.",1,FY2024_Q4
SARIN ENERGY SOLUTIONS,1,FY2024_Q4
CASPIAN DENTAL LLC,1,FY2024_Q4
LUCTOM PIZZA CORP,1,FY2024_Q4
WONDERFUL HOUSE RESTAURANT,1,FY2024_Q4
MARYS CLEANING,1,FY2024_Q4
MEAT TOWN DISTRIBUTORS INC,1,FY2024_Q4
"SPOTTED DOG, INC",1,FY2024_Q4
CJPD LLC DBA CJ AUTO MALL,1,FY2024_Q4
"CTP AVIATION, LLC",1,FY2024_Q4
POINT,1,FY2024_Q4
DONATI INDUSTRIES INC,1,FY2024_Q4
SS  MN SERVICES LLC,1,FY2024_Q4
MODULAR STYLE HOMES LLC,1,FY2024_Q4
MIRAI ADVISORY USA INC.,1,FY2024_Q4
MITSUBISHI CEMENT CORPORATION,1,FY2024_Q4
"RADIOPHARMACEUTICAL AND DOSIMETRY IMAGING, LLC",1,FY2024_Q4
SATWIC INC,1,FY2024_Q4
"THE BURGISS GROUP, LLC",1,FY2024_Q4
PACKSIZE LLC,1,FY2024_Q4
ROSEHULMAN INSTITUTE OF TECHNOLOGY,1,FY2024_Q4
INPATIENT MEDICINE ASSOCIATES IMAC PL,1,FY2024_Q4
"MKK HOLDING, INC. DBA BLUE FISH",1,FY2024_Q4
ANDERSON EQUESTRIAN,1,FY2024_Q4
FT TYSONS LLC,1,FY2024_Q4
ROADWAY INC,1,FY2024_Q4
ROUND HILL FURNITURE,1,FY2024_Q4
"IMPULLITTI LANDSCAPING, INC.",1,FY2024_Q4
FARBEST FOODS INC,1,FY2024_Q4
ISLAND UNIVERSE HARDWARE INC,1,FY2024_Q4
SPIKE INC,1,FY2024_Q4
LEGACY SINK,1,FY2024_Q4
NEW AGE ROCKS INC,1,FY2024_Q4
BROOKFIELD PROPERTIES USA LLC,1,FY2024_Q4
PRESS GANEY ASSOCIATES LLC.,1,FY2024_Q4
"NAKASHIMA INDIANA MFG., INC.",1,FY2024_Q4
PILGRIMS PRIDE CORPORATION,1,FY2024_Q4
"HENRY TONGZHAO U.S.A. CONSULTING, INC",1,FY2024_Q4
"NEWMARK  COMPANY REAL ESTATE, INC DBA NEWMARK",1,FY2024_Q4
"SOUTHLAND EMPLOYMENT SERVICES, INC.",1,FY2024_Q4
SONDER HOSPITALITY USA INC.,1,FY2024_Q4
CAN SOFTTECH INC,1,FY2024_Q4
NOMIS SOLUTIONS INC.,1,FY2024_Q4
SUPER7UI LLC,1,FY2024_Q4
SHEMSHAD FOOD PRODUCTS INC.,1,FY2024_Q4
MANASI INFORMATION TECHNOLOGIES INC,1,FY2024_Q4
"TTI CONSUMER POWER TOOLS, INC.",1,FY2024_Q4
"SISENSE, INC.",1,FY2024_Q4
BIZINTEX INC,1,FY2024_Q4
TECHBOW,1,FY2024_Q4
BRIGHT HORIZONS CHILDRENS CENTERS LLC,1,FY2024_Q4
TENCENT CLOUD LLC,1,FY2024_Q4
"REGMI ENTERPRISES, LLC",1,FY2024_Q4
SMART CHARGING TECHNOLOGIES LLC,1,FY2024_Q4
TWINBEECH CAPITAL LP,1,FY2024_Q4
HUSKY MARKETING AND SUPPLY COMPANY,1,FY2024_Q4
"SUNDT CONSTRUCTION, INC.",1,FY2024_Q4
"ZHENG  ASSOCIATES, LLC",1,FY2024_Q4
STANTEC ARCHITECTURE INC.,1,FY2024_Q4
HZS ENGINEERING INC,1,FY2024_Q4
"STODDARD POWER SYSTEMS, LLC",1,FY2024_Q4
BROOKS AUTOMATION,1,FY2024_Q4
"HEALTH  PROSPERITY GROUP, LLC",1,FY2024_Q4
BLOSSOMING CHERRY MENTAL HEALTH COUNSELING SERVICE,1,FY2024_Q4
SOUTHERN ILLINOIS UNIVERSITY EDWARDSVILLE,1,FY2024_Q4
ST. CLOUD AREA SCHOOL DISTRICT,1,FY2024_Q4
"REFIK ANADOL STUDIO, LLC",1,FY2024_Q4
IBELIEVEINSWORDFISH INC.,1,FY2024_Q4
LAKEVIEW CHRISTIAN HOME,1,FY2024_Q4
LCM FOOD SERVICE LLC,1,FY2024_Q4
"SUGITA FOODS, INC.",1,FY2024_Q4
"CHINA DOLL RESTAURANT, INC",1,FY2024_Q4
PNP BBQ,1,FY2024_Q4
BENGAL TIGER INC,1,FY2024_Q4
"BOBA KING, LLC",1,FY2024_Q4
SUNNY  PS INC DBA THAI TANIUM,1,FY2024_Q4
GIRI OGUNQUIT 74 INC,1,FY2024_Q4
VALLEY SMOKE  VAPE LLC,1,FY2024_Q4
"THE CHATHAM T COMPANY, INC.",1,FY2024_Q4
OAKRIDGE DAIRY LLC,1,FY2024_Q4
SIGN LINE LLC,1,FY2024_Q4
LEEHAN AMERICA,1,FY2024_Q4
PREMIUM MOTORS INC.,1,FY2024_Q4
SKY AUTO BODY REPAIR INC.,1,FY2024_Q4
KUKDONG APPAREL AMERICA INC,1,FY2024_Q4
TCI CRM LLC,1,FY2024_Q4
"PUSAN PIPE AMERICA, INC.",1,FY2024_Q4
TAXBIT INC.,1,FY2024_Q4
IKAV ENERGY INC.,1,FY2024_Q4
"TAURUS SERVICES, LLC",1,FY2024_Q4
"ISANIC TRADING, INC.",1,FY2024_Q4
"INTERNATIONAL AIR RESPONSE, INC.",1,FY2024_Q4
LA CUISINE INTERNATIONAL DISTRIBUTORS INC,1,FY2024_Q4
"TELEFONICA GLOBAL SOLUTIONS USA, INC.",1,FY2024_Q4
SHINHAN BANK NEW YORK BRANCH,1,FY2024_Q4
"KOMOS AUTOMOTIVE AMERICA, INC.",1,FY2024_Q4
SOFTWEB SOLUTIONS INC,1,FY2024_Q4
BECKS REALTY INC. DBA THE JANICE OVERBECK REAL E,1,FY2024_Q4
"VIAX DENTAL TECHNOLOGIES, LLC",1,FY2024_Q4
"LP CPAS, INC.",1,FY2024_Q4
"UNITED CPAS  CO., LLC",1,FY2024_Q4
"TRANSTECH ENGINEERS, INC.",1,FY2024_Q4
TEGUS,1,FY2024_Q4
SMART DECK SOLUTIONS INC,1,FY2024_Q4
TRISTAR RISK MANAGEMENT,1,FY2024_Q4
TAYLOR MADE GOLF COMPANY INC,1,FY2024_Q4
VACO LLC,1,FY2024_Q4
"DR. SQUATCH, LLC",1,FY2024_Q4
"UPLIGHT, INC.",1,FY2024_Q4
ENEXT WIRELESS INC.,1,FY2024_Q4
TUNEIN INC.,1,FY2024_Q4
INTERNATIONAL INFORMATION TECHNOLOGY TEAM INC,1,FY2024_Q4
"ELDER RESEARCH, INC.",1,FY2024_Q4
"UNDER ARMOUR, INC",1,FY2024_Q4
DELOITTE FINANCIAL ADVISORY SERVICES LLP,1,FY2024_Q4
B A ARCHITECTURE LLC,1,FY2024_Q4
"PGAL, INC.",1,FY2024_Q4
"BT ENGINEERING, INC.",1,FY2024_Q4
SV PROBE INC,1,FY2024_Q4
"IPE HOLDINGS, LLC",1,FY2024_Q4
"ISE TECHNOLOGY, INC",1,FY2024_Q4
VISUALAIM LLC,1,FY2024_Q4
TES ENGINEERING,1,FY2024_Q4
TOLEDO TOOL AND DIE COMPANY,1,FY2024_Q4
BASTIAN SOLUTIONS,1,FY2024_Q4
LG ELECTRONICS VEHICLE COMPONENTS USA LLC,1,FY2024_Q4
"AURORA ORGANIC FARMS, INC.",1,FY2024_Q4
SHANZE PARTNERS PLLC,1,FY2024_Q4
WOFFORD COLLEGE,1,FY2024_Q4
BEINTERIORS BEA INC,1,FY2024_Q4
"AVP MULTIMEDIA, INC DBA AVP LEDTECH",1,FY2024_Q4
PRINCIE LLC,1,FY2024_Q4
PRIVATE HEALTH TESTING LLC,1,FY2024_Q4
"SIGMA ENDODONTICS, PLLC",1,FY2024_Q4
POSITANO PIZZA NAPOLETANA  PEACHTREE CITY LLC,1,FY2024_Q4
SOPHIA SAHOURI HOUSEHOLD,1,FY2024_Q4
THE CREW  SORA INC,1,FY2024_Q4
"EL AMATE 2 RESTAURANT, INC.",1,FY2024_Q4
ELIZABETH GARVISH,1,FY2024_Q4
RICHA TALWAR PRIVATE HOUSEHOLD,1,FY2024_Q4
TERESA KUMOR,1,FY2024_Q4
SMARTSHOP MOTORS LLC,1,FY2024_Q4
"DTRANSPORT SOLUTION, INC.",1,FY2024_Q4
"SOUTH LAKE MEDICAL CENTER, INC",1,FY2024_Q4
"NORTHEAST MONITORING, INC.",1,FY2024_Q4
SVENSKA VOLVO SPECIALIST INC.,1,FY2024_Q4
IMASTER CORP,1,FY2024_Q4
TURN KEY OPERATIONS MAINTENANCE LLC,1,FY2024_Q4
J.ONE BAKERY CORP.,1,FY2024_Q4
SPROULE FARMS,1,FY2024_Q4
THOMAS  SONS DISTRIBUTORS,1,FY2024_Q4
SUPREME DELIVERY TEXAS LLC,1,FY2024_Q4
THE CIRCLE BAR AND GRILL LLC,1,FY2024_Q4
THE JACKSON LABORATORY,1,FY2024_Q4
THE ROCKEFELLER FOUNDATION,1,FY2024_Q4
TOTAL DIRECTIONAL SERVICES LLC,1,FY2024_Q4
"CARWAY, CORP",1,FY2024_Q4
"CONTINENTAL COATINGS, INC.",1,FY2024_Q4
TRANSPOREON GROUP AMERICAS INC,1,FY2024_Q4
CLINISYS INC,1,FY2024_Q4
THINK ACADEMY INTL EDUCATION INC,1,FY2024_Q4
"THE OGILVY GROUP, LLC  OGILVY  MATHER",1,FY2024_Q4
SWD INTERACTIVE LLC,1,FY2024_Q4
"THE FLOWER PARROT COMPANY, INC.",1,FY2024_Q4
"CLEVELAND ASIA SUPERMARKET, INC.",1,FY2024_Q4
DEDE AGOP LLC,1,FY2024_Q4
"TOPP  LAU, INC, AN ACCOUNTANCY CORPORATION",1,FY2024_Q4
THE ROARK GROUP LLC,1,FY2024_Q4
"DOHERTY RESTORATION, INC",1,FY2024_Q4
COOLFIRE SOLUTIONS INC,1,FY2024_Q4
"OCTANE LENDING, INC",1,FY2024_Q4
"COHERENT METAL, INC.",1,FY2024_Q4
POS NETWORK PLUS LLC,1,FY2024_Q4
"POLLEN, INC.",1,FY2024_Q4
"TEXPERTS, INC.",1,FY2024_Q4
PERISHIP GLOBAL LLC,1,FY2024_Q4
DELSON OR SHERMAN ARCHITECTS PC,1,FY2024_Q4
"STRUCTURAL CONCEPTS, INC. CONS. ENG",1,FY2024_Q4
TRANSFORM AUTOMOTIVE L.L.C,1,FY2024_Q4
DIRTT ENVIRONMENTAL,1,FY2024_Q4
ORTHMAN MANUFACTURING INC.,1,FY2024_Q4
STANDARD LLP,1,FY2024_Q4
ZYMO RESEARCH CORPORATION,1,FY2024_Q4
DONG SHIN CHURCH OF SOUTHERN CALIFORNIA,1,FY2024_Q4
SKYDIVE FLORIDA KEYS INC,1,FY2024_Q4
CLEAR CORP.,1,FY2024_Q4
INDIAN AMERICAN MUSLIM COUNCIL,1,FY2024_Q4
"THE LAKES COMMUNITY HEALTH CENTER, INC.",1,FY2024_Q4
PAULA J KRUPPSTADT MD PA DBA HOPE FOR HEALING,1,FY2024_Q4
"COMMUNITY HEALTH NETWORK, INC.",1,FY2024_Q4
"MEXICALI BLUES, INC",1,FY2024_Q4
THOOMS KITCHEN LLC DBA THOOMS THAI KITCHEN,1,FY2024_Q4
TOCHAROEN LLC DBA OCHA NOODLE CAFE,1,FY2024_Q4
TANDOOR INDIA INC,1,FY2024_Q4
"LJ KITCHEN, LLC, DBA BBQ CHICKEN",1,FY2024_Q4
SUGARBOO FARMS LLC.,1,FY2024_Q4
DOMINIC PONCE DE LEON,1,FY2024_Q4
OGARAJETS,1,FY2024_Q4
"TOP TIRE INTERNATIONAL, LLC",1,FY2024_Q4
"OHAE, LLC",1,FY2024_Q4
SUH  KIM CPAS LLC,1,FY2024_Q4
BIG BROTHERS MARBLE AND GRANITE,1,FY2024_Q4
PAYNE FARM AND CATTLE COMPANY,1,FY2024_Q4
CHAD WOSJE,1,FY2024_Q4
"REINO CONSTRUCTION, INC.",1,FY2024_Q4
RED FOX FURNISHINGS,1,FY2024_Q4
D  T PARTNERS INC,1,FY2024_Q4
CLINICAL PHARMACY INC,1,FY2024_Q4
JNS CONTRACTING FLORIDA,1,FY2024_Q4
"CARROT FERTILITY, INC.",1,FY2024_Q4
"ABBOTT CARDIOVASCULAR SYSTEMS, INC.",1,FY2024_Q4
CRCM LP,1,FY2024_Q4
EPRO TECHNOLOGIES LLC,1,FY2024_Q4
"HOMEFREE USA, INCORPORATED",1,FY2024_Q4
"CDK GLOBAL, LLC",1,FY2024_Q4
PRIMEON INC,1,FY2024_Q4
GRAVITY WELL LLC,1,FY2024_Q4
APTUDE INC,1,FY2024_Q4
RESEARCH FOUNDATION OF THE CITY UNIVERSITY OF NEW,1,FY2024_Q4
CODIFLEX INC,1,FY2024_Q4
SAGA CONSTRUCTION INC,1,FY2024_Q4
EXCELSIOR LAND SERVICE INC.,1,FY2024_Q4
CALIFORNIA STATE UNIVERSITY STANISLAUS,1,FY2024_Q4
"ENERGIZED FOR EXCELLENCE ACADEMY, INC.",1,FY2024_Q4
BOOTHE HOME BUYERS LLC,1,FY2024_Q4
JIN NAM BAEK DDS INC,1,FY2024_Q4
"AL REHMAN CO, TA QUOT;KABOB  CHICKENQUOT;",1,FY2024_Q4
DYNAMIC INSURANCE AGENCY,1,FY2024_Q4
CHICAGO ACCOUNTING  TAX SERVICES LTD,1,FY2024_Q4
"BANDERA POOL, INC.",1,FY2024_Q4
BULL RUN KITCHEN  BATH INC.,1,FY2024_Q4
ATG TRUCK LOAD,1,FY2024_Q4
"HELLA CORPORATE CENTER USA, INC",1,FY2024_Q4
PRIME CARGO INC,1,FY2024_Q4
AMBERSTONE BIOSCIENCES INC,1,FY2024_Q4
HIT WORLD CORPORATION,1,FY2024_Q4
"YOUNIQUE, LLC",1,FY2024_Q4
"HIGHLITE ELECTRICAL SERVICES, LLC",1,FY2024_Q4
"ARCADIA TACKLE, INC.",1,FY2024_Q4
IAC INC,1,FY2024_Q4
"LEXINGTON COUNTY HEALTH SERVICE DISTRICT, INC.",1,FY2024_Q4
SOLAR TURBINES INC.,1,FY2024_Q4
PAYACTIV INC,1,FY2024_Q4
SIGMA SOFTWARE LLC,1,FY2024_Q4
SIGNIFY NORTH AMERICA CORPORATION,1,FY2024_Q4
"SUBHASHINI SOFTWARE SOLUTIONS, INC",1,FY2024_Q4
DIAMOND ART CLUB,1,FY2024_Q4
PDF SOLUTIONS,1,FY2024_Q4
APP MAISTERS INC,1,FY2024_Q4
"IMINDS TECHNOLOGY SYSTEMS, INC",1,FY2024_Q4
"ASSET CLASS TECHNOLOGIES, LLC",1,FY2024_Q4
"SEAKEEPER, INC.",1,FY2024_Q4
"HORROCKS ENGINEERS, INC.",1,FY2024_Q4
PEERLESS MANUFACTURING CO.,1,FY2024_Q4
"ARCH MEDICAL SOLUTIONS  NEWTOWN, LLC",1,FY2024_Q4
HOUGHTON COLLEGE,1,FY2024_Q4
"HOWELL DENTAL CARE CENTER, PLLC",1,FY2024_Q4
STAMD HEALTH CARE INCORPORATED,1,FY2024_Q4
2401 RESTAURANT CORP TA MARCELS,1,FY2024_Q4
IAMIX GROUP LLC,1,FY2024_Q4
"ANY KAR AUTO, INC.",1,FY2024_Q4
WOODS FARMS,1,FY2024_Q4
GTM PAINTING LLC,1,FY2024_Q4
ZESTI LLC,1,FY2024_Q4
ARA INC,1,FY2024_Q4
SPARKLES JEWELRY INC,1,FY2024_Q4
DORIAN LOGISTICS INC,1,FY2024_Q4
"GT FULL STACK, INC.",1,FY2024_Q4
"HAYES MANAGEMENT CONSULTING, LLC",1,FY2024_Q4
PIZZA CAPITAL LLC,1,FY2024_Q4
"HAN AND PARK, A PROFESSIONAL CORPORATION",1,FY2024_Q4
"HAPPY SUN ENTERPRISE, INC.",1,FY2024_Q4
SOCIETY MANUFACTURING LLC,1,FY2024_Q4
"HIBBETT SPORTING GOODS, INC",1,FY2024_Q4
LOMA LINDA UNIVERSITY SHARED SERVICES,1,FY2024_Q4
NEC CORPORATION INDIA PRIVATE LIMITED,1,FY2024_Q4
"HAMMERSPACE, INC.",1,FY2024_Q4
SECOND SPECTRUM,1,FY2024_Q4
"GUMGUM, INC.",1,FY2024_Q4
PATIENTNOW LLC,1,FY2024_Q4
MEGATEL NETCOM CORPORATION,1,FY2024_Q4
GREYCROFT LP,1,FY2024_Q4
UNITED SOLUTIONS LLC,1,FY2024_Q4
STOA INTERNATIONAL ARCHITECTS INC.,1,FY2024_Q4
"BLISS  NYITRAY, INC.",1,FY2024_Q4
TITAN FLORIDA LLC,1,FY2024_Q4
"FOCKE  CO., INC.",1,FY2024_Q4
SALISBURY UNIVERSITY,1,FY2024_Q4
YADKIN COUNTY SCHOOLS,1,FY2024_Q4
MUSKEGON CHRISTIAN SCHOOL,1,FY2024_Q4
"KOBO PRODUCTS, INC.",1,FY2024_Q4
"ZEN ACUPUNCTURE, INC.",1,FY2024_Q4
YS OT CORPORATION,1,FY2024_Q4
Y  W TRADING LLC,1,FY2024_Q4
KATANA SUSHI  SAKE,1,FY2024_Q4
"PARKS ACADEMY TAEKWONDO, INC.",1,FY2024_Q4
JEFFREY FRIED,1,FY2024_Q4
"JOHN  JOHN AFFORDABLE SHUTTERS, INC",1,FY2024_Q4
NOVA REAL ESTATE SERVICES INC,1,FY2024_Q4
"RONALD R. HEBERT, INC.",1,FY2024_Q4
GREEN RESTORATION LLC,1,FY2024_Q4
JOE  FRANKS OAK LAWN LLC,1,FY2024_Q4
TRANSLINE LOGISTICS LLC,1,FY2024_Q4
REMA LEE PERRAS PA,1,FY2024_Q4
"ASTRIX TECHNOLOGY, LLC",1,FY2024_Q4
TRAFIGURA TRADING LLC,1,FY2024_Q4
"B PROPERTIES, LLC",1,FY2024_Q4
150BOND,1,FY2024_Q4
"ATHYRIUM CAPITAL MANAGEMENT, LP",1,FY2024_Q4
UNCOMMONX INC.,1,FY2024_Q4
DATAVOX INC.,1,FY2024_Q4
PROPLOGIX,1,FY2024_Q4
"HILEX CONTROLS, INC.",1,FY2024_Q4
"APTONET, INC.",1,FY2024_Q4
HAND HELD PRODUCTS INC.,1,FY2024_Q4
"SPRING DISCOVERY, INC.",1,FY2024_Q4
ANDREW M JORDAN INC DBA A  B CONSTRUCTION,1,FY2024_Q4
"ABS SHORING, INC.",1,FY2024_Q4
PRODES ET INC,1,FY2024_Q4
"XELLIA PHARMACEUTICALS USA, LLC",1,FY2024_Q4
"CUDD PUMPING SERVICES, INC.",1,FY2024_Q4
"AKOUOS, INC",1,FY2024_Q4
NASUFUN CORP.,1,FY2024_Q4
"TRIHEALTH H, LLC",1,FY2024_Q4
PLATINUM CARE,1,FY2024_Q4
THELMAS MORNING CAFE,1,FY2024_Q4
SASSY NAILS  SPA APEX,1,FY2024_Q4
MICHAEL CIARROCHI,1,FY2024_Q4
DYCK FARMS PARTNERSHIP,1,FY2024_Q4
FRANK K PETERS,1,FY2024_Q4
"U.S. STEEL TUBULAR PRODUCTS, INC.",1,FY2024_Q4
SUPPLYHOUSE LLC,1,FY2024_Q4
"A  P ELECTRIC, INC.",1,FY2024_Q4
WHITEBASE CORPORATION,1,FY2024_Q4
DNB MARKETS INC.,1,FY2024_Q4
THE WEBSTER US LLC,1,FY2024_Q4
APPLIED IMAGE REPROGRAPHICS INC,1,FY2024_Q4
WANGS ALLIANCE CORP DBA WAC LIGHTING,1,FY2024_Q4
"TRUECAR, INC",1,FY2024_Q4
XSELL RESOURCES,1,FY2024_Q4
"AMWARE FULFILLMENT, LLC",1,FY2024_Q4
WREATHS OF MAINE LLC,1,FY2024_Q4
"TYCO FIRE PRODUCTS, LP",1,FY2024_Q4
APEX INDUSTRIES INC.,1,FY2024_Q4
"MERSANA THERAPEUTICS, INC.",1,FY2024_Q4
CONCEPT ARTS,1,FY2024_Q4
WHALEN LLC,1,FY2024_Q4
AMERICAN WISDOM ASSOCIATION,1,FY2024_Q4
WINDSOR VENTURE LLC,1,FY2024_Q4
LATINO GAS INC.,1,FY2024_Q4
UNITED STATES STEEL CORPORATION,1,FY2024_Q4
HH KWON INC,1,FY2024_Q4
SURFACE TECHNOLOGY OF FLORIDA LLC,1,FY2024_Q4
RANCHLAND FARMS  PETE FRIESEN,1,FY2024_Q4
US GRANITE MARBLE INC.,1,FY2024_Q4
TRICO INDUSTRIES INC,1,FY2024_Q4
"J OROS ENVIRONMENTAL, INC.",1,FY2024_Q4
"DAS AUDIO OF AMERICA, INC.",1,FY2024_Q4
VONTOBEL ASSET MANAGEMENT INC.,1,FY2024_Q4
VASSAR COMFORT CARE,1,FY2024_Q4
EES ENERGY SERVICES CORPORATION.,1,FY2024_Q4
VALVE,1,FY2024_Q4
VEENA CORP DBA OMEGA HIRES,1,FY2024_Q4
AGORA.IO,1,FY2024_Q4
VICKYNARAK FOODS INC. DBA CRAB 404,1,FY2024_Q4
VPTAX INC.,1,FY2024_Q4
VECTORSOFT LLC,1,FY2024_Q4
VCOM SOLUTIONS INC,1,FY2024_Q4
VCA EQUIPMENT  SUPPLIES LLC,1,FY2024_Q4
VARETO INC.,1,FY2024_Q4
"INTERTEK SURVEYING SERVICES USA, LLC",1,FY2024_Q4
VEOLIA,1,FY2024_Q4
VERSAFORM CORPORATION,1,FY2024_Q4
YAO LEGAL GROUP LLC,1,FY2024_Q4
UNIVERSITY OF WISCONSINMADISON,1,FY2024_Q4
"VP BROADCASTING, LLC",1,FY2024_Q4
ARCHANGELS SERVICES LLC,1,FY2024_Q4
A PLUS HOSPICE LLC DBA A1 HEALTHCARE,1,FY2024_Q4
CLAYTON CHASE YANKIE,1,FY2024_Q4
300 SOUTH STREET INC,1,FY2024_Q4
NJ REALTY AND FINANCIAL SERVICES LLC,1,FY2024_Q4
JEFFREY A POTTER DBA NORTH STAR ACRES,1,FY2024_Q4
V.R. CONSTRUCTION LLC,1,FY2024_Q4
YELLOW DOG BREAD COMPANY,1,FY2024_Q4
"NX AUTOMOTIVE LOGISTICS, USA, INC.",1,FY2024_Q4
INTEGRITY HOSPITALITY MANAGEMENT,1,FY2024_Q4
"HEINEMANN AMERICAS, INC.",1,FY2024_Q4
ERVIN INDUSTRIES,1,FY2024_Q4
"OSAKA JAPANESE AND THAI OF MADEIRA BEACH,INC.",1,FY2024_Q4
ASTOUND COMMERCE CORPORATION,1,FY2024_Q4
ALLFASTENERS USA LLC,1,FY2024_Q4
CEMEX CONSTRUCTION MATERIALS FLORIDA LLC,1,FY2024_Q4
DATASTRONG,1,FY2024_Q4
TEKWAY INC,1,FY2024_Q4
"HAWAIIAN AIRLINES, INC.",1,FY2024_Q4
WEB TEAM ASSOCIATES,1,FY2024_Q4
VISUAL SUPPLY COMPANY,1,FY2024_Q4
FULLSTORY INC.,1,FY2024_Q4
BLOCKGRAPH LLC,1,FY2024_Q4
FT PUBLICATIONS INC,1,FY2024_Q4
BOND ENTERPRISES INC DBABOND CONSULTING SERVICES,1,FY2024_Q4
FLORIDA ENGINEERING LLC,1,FY2024_Q4
"TSA GROUP, INC.",1,FY2024_Q4
"BWI NORTH AMERICA, INC.",1,FY2024_Q4
DISCOVERY LIFE SCIENCES,1,FY2024_Q4
CURALLUX,1,FY2024_Q4
WAUKEGAN COMMUNITY UNIT SCHOOL DISTRICT 60,1,FY2024_Q4
DESERT RIDGE MUSIC ACADEMY,1,FY2024_Q4
CALERIE HEALTH HOLDING LLC,1,FY2024_Q4
GO FEDA CORP,1,FY2024_Q4
CREATIVE SMILES DENTAL CARE PLLC,1,FY2024_Q4
ST. CLAIRE HEALTHCARE,1,FY2024_Q4
"VINTAGE HEALTH RESOURCES, LLC",1,FY2024_Q4
MICRONESIA RESORT INC,1,FY2024_Q4
AMBER SHARMA,1,FY2024_Q4
"DHUKANI ENTERPRISES, INC",1,FY2024_Q4
"ENTERPRISE VISION TECHNOLOGIES, INC.",1,FY2024_Q4
BOSL TRUCKING INC,1,FY2024_Q4
AMERICAN HOMECARE EQUIPMENT INC,1,FY2024_Q4
BEI,1,FY2024_Q4
BOSS SYSTEMS LLC,1,FY2024_Q4
DJ DENTAL LAB INC,1,FY2024_Q4
EFFECTUS GROUP LLC,1,FY2024_Q4
"DUAL TEMP OF ILLINOIS, INC. DBA CLAUGER DUAL TEMP",1,FY2024_Q4
FLEXFORM NY LTD,1,FY2024_Q4
TURNERS SCHOOL OF DRIVING INC.,1,FY2024_Q4
"BIG BAKE CARROLLTON LLC, DBA PARIS BAGUETTE",1,FY2024_Q4
"OM VENTURES 2, LLC",1,FY2024_Q4
ZORBA BUDDHA INC.,1,FY2024_Q4
NV PRO LLC DBA NV AUTOPRO SERVICES,1,FY2024_Q4
ENTRUST GLOBAL PARTNERS OFFSHORE LP,1,FY2024_Q4
BECHTEL GLOBAL CORPORATION,1,FY2024_Q4
DYMARK SOLUTIONS,1,FY2024_Q4
"FREEPORTMCMORAN SAFFORD, INC.",1,FY2024_Q4
FIRST AMERICAN TITLE INSURANCE COMPANY,1,FY2024_Q4
"TECHNICAL INFORMATION  PROFESSIONAL SOLUTIONS, IN",1,FY2024_Q4
DYADS CONSULTING,1,FY2024_Q4
"BOEING DIGITAL SOLUTIONS, INC.",1,FY2024_Q4
UNITED GRANITE LLC,1,FY2024_Q4
WPP GROUP USA INC.,1,FY2024_Q4
"FHC, INC.",1,FY2024_Q4
"JADE ESCOW, INC",1,FY2024_Q4
ADVANCED PROPERTY MANAGEMENT LLC,1,FY2024_Q4
BH LOGISTICS CORP,1,FY2024_Q4
ESPERANZA MEDICAL INC.,1,FY2024_Q4
"WINKLEVOSS CAPITAL MANAGEMENT, LLC",1,FY2024_Q4
DOVER CORPORATION,1,FY2024_Q4
"CLOCKWORK LOGISTICS SYSTEMS, INC.",1,FY2024_Q4
COMPROBASE INC,1,FY2024_Q4
TICKLING KEYS INC,1,FY2024_Q4
PATHFINDER SOFTWARE LLC DBA ORTHOGONAL,1,FY2024_Q4
"ELIASSEN GOVERNMENT SERVICES, LLC",1,FY2024_Q4
FORSYS INC,1,FY2024_Q4
ONPOINT KNEE INC,1,FY2024_Q4
ACCESSO LLC,1,FY2024_Q4
"AVIONTE, LLC",1,FY2024_Q4
"CESIUM,INC.",1,FY2024_Q4
"UBISOFT, INC.",1,FY2024_Q4
"EXPONENT, INC.",1,FY2024_Q4
NEWCREST RESOURCES INC.,1,FY2024_Q4
LE PRESTIGE LLC,1,FY2024_Q4
PRIMETIME CONSTRUCTION,1,FY2024_Q4
BARTEC DISPENSING TECHNOLOGY INC. DBA BDTRONIC,1,FY2024_Q4
"CALIFORNIA STATE UNIVERSITY, LONG BEACH",1,FY2024_Q4
KENT STATE UNIVERSITY,1,FY2024_Q4
FAYETTEVILLE STATE UNIVERSITY,1,FY2024_Q4
VIRGINIA MILITARY INSTITUTE,1,FY2024_Q4
FA DANCE STUDIO OF DUTCHESS INC.,1,FY2024_Q4
BROWARD HOME MAGAZINE PUBLISHING DBA THEHOMEMAG,1,FY2024_Q4
ALIFE HEALTH,1,FY2024_Q4
BIJAN AND ASSOCIATES BA DBA BIJAN ARMANDPOUR,1,FY2024_Q4
"FOODEX NEW YORK, INC DBA TONCHIN",1,FY2024_Q4
ZUGOI SUSHI CORPORATION,1,FY2024_Q4
ALEXANDRA ROGERS,1,FY2024_Q4
ZUMA WESTWOOD LLC,1,FY2024_Q4
ETK INC,1,FY2024_Q4
CR KOEHL  SONS INC,1,FY2024_Q4
VIC GROUP LLC,1,FY2024_Q4
OTCEX LLC,1,FY2024_Q4
"MYTHICAL, INC.",1,FY2024_Q4
EATON STEEL BAR CO,1,FY2024_Q4
MODERN THAI RESTAURANT LLC,1,FY2024_Q4
"BRINKS GLOBAL SERVICES, INTERNATIONAL INC",1,FY2024_Q4
"MC NARA, INC.",1,FY2024_Q4
DUTCH BROADWAY PETROLEUM CORP,1,FY2024_Q4
"EDMUNDS.COM, INC.",1,FY2024_Q4
PCA ENTERPRISES INC,1,FY2024_Q4
OCI METHANOL MARKETING LLC,1,FY2024_Q4
"DISHOUT, LLC",1,FY2024_Q4
MICROEXCEL INC,1,FY2024_Q4
"EDGIO, INC.",1,FY2024_Q4
HENSEL PHELPS CONSTRUCTION CO.,1,FY2024_Q4
MAESTRO FOOD CO DBA TOVALA,1,FY2024_Q4
"MITSUI SEIKI U.S.A.,INC",1,FY2024_Q4
FERTILITY INSTITUTE OF HAWAII,1,FY2024_Q4
ACI LAW GROUP PC,1,FY2024_Q4
BETHEL UNIVERSITY,1,FY2024_Q4
ADELPHI UNIVERSITY,1,FY2024_Q4
MTGK ENTERPRISES INC.,1,FY2024_Q4
"DAVID PEYSER SPORTSWEAR, INC. DBA 32 DEGREES",1,FY2024_Q4
"REVADEE TAN VERANUNT, DDS, PROF. DENTAL CORP.",1,FY2024_Q4
ELLA VIEIRA,1,FY2024_Q4
MANISH KHANNA,1,FY2024_Q4
CANNAN ENTERPRISE INC DBA STAR NEON SIGNS,1,FY2024_Q4
INFINIXSOFT GLOBAL LLC,1,FY2024_Q4
KNOWN GLOBAL LLC,1,FY2024_Q4
"DIRECT COMPONENTS, INC.",1,FY2024_Q4
HOUSE OF HUNAN EXPRESS DBA THREE HAPPINESS EXPRESS,1,FY2024_Q4
FIVE STAR GRANITE,1,FY2024_Q4
DLR LLC,1,FY2024_Q4
"NOVO NORDISK PHARMACEUTICAL INDUSTRIES, LP",1,FY2024_Q4
"AIRBUS HELICOPTERS, INC.",1,FY2024_Q4
"GLOBALPOINT, INC",1,FY2024_Q4
"AGASTI, LLC",1,FY2024_Q4
FDRC LLC,1,FY2024_Q4
AG GENERAL CONTRACTOR LLC,1,FY2024_Q4
DOKKEN ENGINEERING,1,FY2024_Q4
ICA NORTHEAST INC,1,FY2024_Q4
GYRODATA,1,FY2024_Q4
GREG MATHIS CHARTER HIGH SCHOOL,1,FY2024_Q4
"GLOBAL HOUSING DEVELOPMENT, INC.",1,FY2024_Q4
MINECON LLC,1,FY2024_Q4
"ALIUSTA DESIGN, LLC",1,FY2024_Q4
"MERCURY AIR GROUP, INC.",1,FY2024_Q4
"ICE DATA PRICING  REFERENCE DATA, LLC",1,FY2024_Q4
"FACEBOOK MIAMI, INC.",1,FY2024_Q4
CAR MART LLC,1,FY2024_Q4
"IMS ENGINEERS, INC.",1,FY2024_Q4
ALLEYCORP ENTERPRISES LLC,1,FY2024_Q4
WINNER LLC,1,FY2024_Q4
"EMPLOYVISION, INC.",1,FY2024_Q4
"TRUCKSMARTER, INC.",1,FY2024_Q4
"HILTI, INC.",1,FY2024_Q4
"AB2 CONSULTING , INC.",1,FY2024_Q4
MIDSOUTH STEEL LLC,1,FY2024_Q4
"KINDRED MOTORWORKS, INC.",1,FY2024_Q4
SAKANA JAPANESE RESTAURANT  SUSHI BAR,1,FY2024_Q4
MONO JB DBA TSURUHASHI,1,FY2024_Q4
LAMBROS PANAKIS  DBA  VILLAGE PIZZA,1,FY2024_Q4
CHICKEN MART INC.,1,FY2024_Q4
"BRYAN PRICE, HEAD OF HOUSEHOLD",1,FY2024_Q4
GATEWAY STORE INC,1,FY2024_Q4
"GLOBAL CONNECT NETWORK, INC",1,FY2024_Q4
"VALLEY VIEW CONSTRUCTION, INC.",1,FY2024_Q4
FRANCO PAINTING LLC,1,FY2024_Q4
ONELIN CAPITAL CORPORATION,1,FY2024_Q4
OXYGEN DEVELOPMENT LLC,1,FY2024_Q4
WAYFAIR LLC,1,FY2024_Q4
TRI STAR PETROLEUM INC,1,FY2024_Q4
SODEL MANAGEMENT DE LLC,1,FY2024_Q4
STANCORP FINANCIAL GROUP,1,FY2024_Q4
NIMBLE DATA TECHNOLOGIES DBA CREST DATA SYSTEMS,1,FY2024_Q4
SRIVEN INFOSYS INC,1,FY2024_Q4
SEEBURGER INC.,1,FY2024_Q4
"DONGWON AUTOPART TECHNOLOGY ALABAMA, LLC",1,FY2024_Q4
"NANOLAB TECHNOLOGIES, INC.",1,FY2024_Q4
NETWORK OF VICTIM ASSISTANCE,1,FY2024_Q4
OKLAHOMA STATE UNIVERSITY,1,FY2024_Q4
"WYE OAK HEALTHCARE SPRINGBROOK, LLC",1,FY2024_Q4
SPICE RESTAURANT LLC,1,FY2024_Q4
ALEXANDERS STEAKHOUSE,1,FY2024_Q4
LOUIES PIZZA  ROAS BEEF LLC,1,FY2024_Q4
GHALEB GHALEB,1,FY2024_Q4
RON SHERMAN,1,FY2024_Q4
WAKIYA CORPORATION,1,FY2024_Q4
MHC 1287LLC,1,FY2024_Q4
BEVERLY HILLS SHIRT COMPANY INC.,1,FY2024_Q4
LULA LOGISTICS INC,1,FY2024_Q4
DATAWALK INC,1,FY2024_Q4
MOVATE INC.,1,FY2024_Q4
ANGSTROM ELECTRIC,1,FY2024_Q4
"FXM INTERNATIONAL, LLC",1,FY2024_Q4
"DESAPRO, INC.",1,FY2024_Q4
EPIC CONSULTANTS INC,1,FY2024_Q4
GIVAUDAN FLAVORS CORPORATION,1,FY2024_Q4
"FELMAN PRODUCTION, LLC",1,FY2024_Q4
GLORY INTERNATIONAL TRADING INC,1,FY2024_Q4
NASDAQ CORPORATE SOLUTIONS LLC,1,FY2024_Q4
"GOODDOLPHIN TECHNOLOGIES, LLC",1,FY2024_Q4
GLOBAL TELLINK CORPORATION DBA VIAPATH TECHNOLO,1,FY2024_Q4
FRUITION PARTNERS INC.,1,FY2024_Q4
"WARNER BROS. ENTERTAINMENT, INC.",1,FY2024_Q4
"ELBE CREATIVE, INC.",1,FY2024_Q4
RUBBY EXPRESS INTERNATIONAL CORP.,1,FY2024_Q4
"ALTO PHARMACY, LLC",1,FY2024_Q4
CRESTA INTELLIGENCE INC.,1,FY2024_Q4
"CLICK THERAPEUTICS, INC.",1,FY2024_Q4
"FIDDLER LABS, INC.",1,FY2024_Q4
GETAROUND INC,1,FY2024_Q4
ALPHA EXPLORATION CO.,1,FY2024_Q4
MIRI INFOTECH INC,1,FY2024_Q4
"AARON BRUMER AND ASSOCIATES ARCHITECTS, INC.",1,FY2024_Q4
"CHI CONSULTING ENGINEERS, LLC",1,FY2024_Q4
"CITRUS PRODUCTS, INC.",1,FY2024_Q4
CLAYTON CONTROLS INC,1,FY2024_Q4
"BIODESIX, INC.",1,FY2024_Q4
"BIG BROS PIZZA INC, DBA BABY BROS PIZZA AND WINGS",1,FY2024_Q4
"AMEDITECH, INC.",1,FY2024_Q4
EPIC FIRE SYSTEMS CORP,1,FY2024_Q4
CALDER PROPERTIES LLC DBA OWNBY DESIGN LLC,1,FY2024_Q4
GONZO TENNIS,1,FY2024_Q4
ALL4J INC.,1,FY2024_Q4
"MUMBAI GRILL, INC",1,FY2024_Q4
MY BIG T CORP DBA JIMMYS BURGER  GRILLE,1,FY2024_Q4
"CAMPBELL CONSTRUCTION MANAGEMENT GROUP, INC",1,FY2024_Q4
"C.G. FARMS, INC.",1,FY2024_Q4
"BRUZA CONSTRUCTION, LLC",1,FY2024_Q4
"FULLERTON LANDSCAPES, LLC",1,FY2024_Q4
WAH HUNG GROUP INC.,1,FY2024_Q4
MARATHON ASSET MANAGEMENT,1,FY2024_Q4
"SAG ENGINEERING  CONSULTING, P.C.",1,FY2024_Q4
WESTFIELD DISTRIBUTING NORTH DAKOTA INC.,1,FY2024_Q4
EMATRIX ENERGY SYSTEMS,1,FY2024_Q4
WATSON INSTITUTE,1,FY2024_Q4
"SEA PAC ENGINEERING, INC.",1,FY2024_Q4
WYNRIGHT CORPORATION,1,FY2024_Q4
OPTECHON INC,1,FY2024_Q4
"ROSAS LAW GROUP, PLLC",1,FY2024_Q4
FUSEIDEAS,1,FY2024_Q4
"MEDPOINT, LLC",1,FY2024_Q4
"UNIVERSAL GRANITE  MARBLE, INC",1,FY2024_Q4
"GROMA, LLC",1,FY2024_Q4
"CHI LOVES THAI, INC.",1,FY2024_Q4
EXCEL SECURITY CORP,1,FY2024_Q4
"MARCOS FRANCHISING, LLC",1,FY2024_Q4
"VANDIS, INC",1,FY2024_Q4
SYSTEL INC OF DELAWARE,1,FY2024_Q4
A10 CONSULTANCY INC,1,FY2024_Q4
EXCHANGE HUB LLC,1,FY2024_Q4
"CONTRIBUTION LABS, INC.",1,FY2024_Q4
"EMPINFO,INC.",1,FY2024_Q4
PRINCETON ONE STOP LLC,1,FY2024_Q4
"VOX MEDIA, LLC",1,FY2024_Q4
"EDMUND D. HOLLANDER LANDSCAPE ARCHITECT DESIGN, PC",1,FY2024_Q4
PHOENIX ELECTRIC COMPANY,1,FY2024_Q4
GEOTECHNICAL RESOURCES INC,1,FY2024_Q4
"M.C.DEAN, INC.",1,FY2024_Q4
"SENON ASSOCIATES, INC",1,FY2024_Q4
VIRGINIA ELECTRIC AND POWER COMPANY,1,FY2024_Q4
SERVICE SUPPORT SPECIALTIES INC,1,FY2024_Q4
"PARK PLUS, INC.",1,FY2024_Q4
GENCURE,1,FY2024_Q4
TRACE INC.DBA TCOMPLIANCE,1,FY2024_Q4
MIKKON CORP,1,FY2024_Q4
MCKINNEY IMMIGRATION LAW,1,FY2024_Q4
"SIBI, LLC",1,FY2024_Q4
DALLA DENTAL GROUP INC. DBA ORA DENTISTRY,1,FY2024_Q4
WEST PHYSICS CONSULTING,1,FY2024_Q4
DCB ENTERPRISES INC,1,FY2024_Q4
SHAHINI CORPORATION,1,FY2024_Q4
MARIANA TRAN,1,FY2024_Q4
CONTEMPORARY AMPEREX TECHNOLOGY USA INC,1,FY2024_Q4
FOOD ONE INC,1,FY2024_Q4
PARAMOUNT ENGINEERNIG LLC,1,FY2024_Q4
EZ TAX  ACCOUNTING SERVICES INC.,1,FY2024_Q4
"DB ASSOCIATES, LTD.",1,FY2024_Q4
BIZ EFFECTIVE DBA CENTRICAL,1,FY2024_Q4
PROCOM SERVICES AMERICA INC.,1,FY2024_Q4
INVENT HEALTH INC,1,FY2024_Q4
"GERRESHEIMER PEACHTREE CITY USA, L.P.",1,FY2024_Q4
"C.R. LANDSCAPING, INC. DBA C.R. NELSON WHOLESALE",1,FY2024_Q4
"SOMERAROAD SERVICES, LLC",1,FY2024_Q4
SHEREX FASTENING SOLUTIONS,1,FY2024_Q4
"ACCESS RESTORATION SERVICE US,INC.",1,FY2024_Q4
"STRANDVIEW CAPITAL, LLC",1,FY2024_Q4
KRDL USA INC,1,FY2024_Q4
"SRA AMERICA, INC.",1,FY2024_Q4
REVISE CLOTHING INC,1,FY2024_Q4
GOTEEDA CORPORATION,1,FY2024_Q4
FOTORAMA STUDIO INC,1,FY2024_Q4
GROUP ESI INC.,1,FY2024_Q4
ALLIED PRODUCTS INC.,1,FY2024_Q4
PSYCHIATRIC MEDICAL CARE LLC,1,FY2024_Q4
ARGO INFRASTRUCTURE PARTNERS LP,1,FY2024_Q4
SOUTHWEST GAS CORPORATION,1,FY2024_Q4
"CAPPS, LLC",1,FY2024_Q4
INFORMATION UNLIMITED INC,1,FY2024_Q4
"BRIGHT MARKET, LLC",1,FY2024_Q4
ASSOCIATION OF AMERICAN MEDICAL COLLEGES,1,FY2024_Q4
"AVAYA, INC.",1,FY2024_Q4
BEYONDSOFT CONSULTING INC.,1,FY2024_Q4
GOLDEN ENTROPY MARKETING INC,1,FY2024_Q4
HIGHBROW TECHNOLOGY INC,1,FY2024_Q4
SUTTER CARE AT HOME,1,FY2024_Q4
UNIVERSITY OF NORTH TEXAS HEALTH SCIENCE CENTER,1,FY2024_Q4
DENVER HEALTH,1,FY2024_Q4
MAMATA ENTERPRISES INC,1,FY2024_Q4
BEUMER CORPORATION,1,FY2024_Q4
"THE ESAB GROUP, INC",1,FY2024_Q4
GENIUS SOLUTIONS ENGINEERING,1,FY2024_Q4
LINKCONN ELECTRONICS U.S. INC.,1,FY2024_Q4
MILLCREEK CAPITAL MANAGEMENT LLC,1,FY2024_Q4
BDE ARCHITECTURE INC,1,FY2024_Q4
"MICHELS POWER, INC.",1,FY2024_Q4
"STEWARD HOLY FAMILY HOSPITAL, INC",1,FY2024_Q4
"ADAM L. SHAPIRO  ASSOCIATES, PC",1,FY2024_Q4
"TAYLOR LEE  ASSOCIATES, LLC",1,FY2024_Q4
HARVARDWESTLAKE SCHOOL,1,FY2024_Q4
"SOUTH TEXAS EDUCATIONAL TECHNOLOGIES, INC.",1,FY2024_Q4
JOHN PAUL THE GREAT CATHOLIC UNIVERSITY,1,FY2024_Q4
"A.V.C. LABORATORY, INC",1,FY2024_Q4
PROCRAFT CABINETRY ATLANTA LLC,1,FY2024_Q4
CALIFAME OF LOS ANGELES INC,1,FY2024_Q4
"NICOLE HOLLIS, INC. NICOLEHOLLIS",1,FY2024_Q4
KOREAN COMMUNITY SERVICE CENTER,1,FY2024_Q4
MURRAY CALLOWAY COUNTY HOSPITAL,1,FY2024_Q4
"VICKSBURG HEALTHCARE, LLC",1,FY2024_Q4
EJS FAMILY HOME,1,FY2024_Q4
TEISHOKUYA OF TOKYO DBA KAGURA,1,FY2024_Q4
"HANSAEM ENTERPRISE,LTDDBA IZENS DRUNKEN BENTO",1,FY2024_Q4
XTWO888 INC. DBA NIGORI GOURMET  SUSHI BAR,1,FY2024_Q4
BRATEK DELI OF GARFIELD LLC,1,FY2024_Q4
"KF GLOBAL, INC",1,FY2024_Q4
HEAVENLY DAY SPA ON DIVISION INC.,1,FY2024_Q4
NEDA RUIZELDREDGE,1,FY2024_Q4
BRIAN SEGALL,1,FY2024_Q4
FINDCO INC,1,FY2024_Q4
APP GENIE,1,FY2024_Q4
JIN EXPRESS LTD,1,FY2024_Q4
CORACREACRAFTS LLC,1,FY2024_Q4
NJ OF MD NOODLE INC.,1,FY2024_Q4
NG TRANS LLC,1,FY2024_Q4
FTI CONSULTING SC INC.,1,FY2024_Q4
MATE PRECISION TECHNOLOGIES,1,FY2024_Q4
"FIRST NATIONAL STAFFING GROUP, INC.",1,FY2024_Q4
INTERNATIONAL SOLUTION SOURCES INC,1,FY2024_Q4
"JP CONSTRUCTION, INC.",1,FY2024_Q4
TRANSATLANTIQUE PRIVATE WEALTH LLC,1,FY2024_Q4
ENTREKEN ASSOCIATES INC.,1,FY2024_Q4
GELATOGO CA WHOLESALE LLC,1,FY2024_Q4
"TRIDENT ENGINEERING  PROCUREMENT, INC.",1,FY2024_Q4
HL LOGISTICS AMERICA CORPORATION,1,FY2024_Q4
WTOD GROUP INC,1,FY2024_Q4
"INSIGHT CHILDREN  FAMILY THERAPY, INC.",1,FY2024_Q4
"CANERO LAMMERS FADUL ACEVEDO, PLLC",1,FY2024_Q4
LIFT RIGHT SALES  SERVICE LLC,1,FY2024_Q4
"J. TAN JEWELRY DESIGN, INC.",1,FY2024_Q4
HBO SERVICE CORPORATION,1,FY2024_Q4
"CMI MARKETING, INC. DBA CAFEMEDIA",1,FY2024_Q4
DIGITAL IQ INC.,1,FY2024_Q4
INTELLITEK INC,1,FY2024_Q4
CYFLARE LLC,1,FY2024_Q4
"HULL IT SOLUTIONS AND SERVICES, LLC",1,FY2024_Q4
LANSING BOARD OF WATER  LIGHT,1,FY2024_Q4
CABINETERA INSTOCK LLC,1,FY2024_Q4
SAKS TECHNOLOGIES INC,1,FY2024_Q4
DINTEC LLC,1,FY2024_Q4
CROWNIT SOLUTION LLC,1,FY2024_Q4
DATA RESOURCE TECHNOLOGIES INC.,1,FY2024_Q4
ZOLL LIFEVEST HOLDINGS,1,FY2024_Q4
BMO CAPITAL MARKETS CORP,1,FY2024_Q4
"LIQUIDX, INC.",1,FY2024_Q4
SOFTSOL RESOURCES INC,1,FY2024_Q4
"PUBLIC CONSULTING GROUP, INC.",1,FY2024_Q4
URBANE SYSTEMS LLC,1,FY2024_Q4
QUOTELAB LLC. DBA MEDIAALPHA,1,FY2024_Q4
"REPLIMUNE, INC",1,FY2024_Q4
LIDA REAL ESTATE INVESTMENT LLC,1,FY2024_Q4
"HAL HAYS CONSTRUCTION, INC.",1,FY2024_Q4
SIGNODE INDUSTRIAL GROUP LLC,1,FY2024_Q4
"JAROS BAUM  BOLLES CONSULTING ENGINEERS, LLP",1,FY2024_Q4
THK RHYTHM AUTOMOTIVE CORPORATION,1,FY2024_Q4
OPTIMUM CONTROLS,1,FY2024_Q4
ORCUTT WINSLOW,1,FY2024_Q4
EUROFINS XENCO LLC,1,FY2024_Q4
HEBRON PRESBYTERIAN CHURCH,1,FY2024_Q4
QUARLES  BRADY LLP,1,FY2024_Q4
"CALIFORNIA STATE UNIVERSITY, FRESNO",1,FY2024_Q4
BETHUNECOOKMAN UNIVERSITY,1,FY2024_Q4
"KIMNORI USA, INC.",1,FY2024_Q4
"LIGHTING WORKSHOP, INC.",1,FY2024_Q4
TULARE COMMUNITY HEALTH CLINIC,1,FY2024_Q4
DENTAL EXPERTS LLC DBA DENTAL DREAMS LLC,1,FY2024_Q4
"WILLIAM RESTREPO, M.D., P.A.",1,FY2024_Q4
EMERSON ANIMAL HOSPITAL,1,FY2024_Q4
HOMEWATCH CAREGIVERS OF KATY,1,FY2024_Q4
M  M GUEST HOME LLC,1,FY2024_Q4
FAVORITE FOODS INTERNATIONAL INC.,1,FY2024_Q4
"EL TORO BRAVO, INC. DBA EL TORO BRAVO MEXICAN RESTAURANT",1,FY2024_Q4
"SHOGUN HS, INC.",1,FY2024_Q4
A KIDDIES KINGDOM,1,FY2024_Q4
"Y J YOON, INC.",1,FY2024_Q4
RIGHT CHOICE INSURANCE CONSULTANTS LLC,1,FY2024_Q4
YKK USA INC,1,FY2024_Q4
CADAVIECO REMODELING  INC.,1,FY2024_Q4
HING KEE INC,1,FY2024_Q4
KAMBERI HOME AND GARDEN CARE LLC,1,FY2024_Q4
SEOUL TRADING INC,1,FY2024_Q4
SMOKY STONE CORP.,1,FY2024_Q4
MCOELHO MANSORY LANDSCAPING INC,1,FY2024_Q4
PIDE28LLC,1,FY2024_Q4
"GRENO INDUSTRIES, INC.",1,FY2024_Q4
MICRON SEMICONDUCTOR PRODUCTS,1,FY2024_Q4
EUROSTAMPA CALIFORNIA,1,FY2024_Q4
WATERBORNE SKATEBOARDS INC.,1,FY2024_Q4
BLUEFIN PAYMENT SYSTEMS LLC.,1,FY2024_Q4
FACTOR SALES INC  DBA DELSOL MARKET,1,FY2024_Q4
NW SERVICES CO. DBA AQUANIMA,1,FY2024_Q4
"246 THAI EXPRESS, INC",1,FY2024_Q4
BADANG INC,1,FY2024_Q4
"GUAM HEALTHCARE DEVELOPMENT, INC.",1,FY2024_Q4
BRADESCO BAC FLORIDA INVESTMENT CORP,1,FY2024_Q4
ADMINISTER CO,1,FY2024_Q4
"GINDACO USA, INC.",1,FY2024_Q4
LIVEAUCTIONEERS,1,FY2024_Q4
CARNICERIA LA HUERTA INC.,1,FY2024_Q4
"MOK, CHANG  COMPANY, L.L.C.",1,FY2024_Q4
"FUNARO  CO., PC",1,FY2024_Q4
UNIPRIME INTERNATIONAL LLC,1,FY2024_Q4
JPK CAPITAL MANAGEMENT INC.,1,FY2024_Q4
MI OFICINA INCOME TAX,1,FY2024_Q4
GK CONSULTATION,1,FY2024_Q4
JUJI INC.,1,FY2024_Q4
THE E.W. SCRIPPS COMPANY,1,FY2024_Q4
AMAZON.COM.CA INC.,1,FY2024_Q4
MASONITE CORPORATION,1,FY2024_Q4
SOLOMO INC,1,FY2024_Q4
"INTERSECTION PARENT, INC.",1,FY2024_Q4
APPLEXUS TECHNOLOGIES LLC,1,FY2024_Q4
CHESTERFIELD COUNTY GOVERNMENT,1,FY2024_Q4
GEARBOX PUBLISHING SAN FRANCISCO INC.,1,FY2024_Q4
"PROTIVITI, INC.",1,FY2024_Q4
GULF SOUTH PIPELINE,1,FY2024_Q4
"SAP INDUSTRIES, INC.",1,FY2024_Q4
"MINDEX TECHNOLOGIES, INC.",1,FY2024_Q4
"NEXGEN TECHNOLOGIES, INC.",1,FY2024_Q4
"GAINY, INC",1,FY2024_Q4
"MOM BRANDS COMPANY, LLC",1,FY2024_Q4
INSTITUTE FOR EDUCATIONAL LEADERSHIP,1,FY2024_Q4
"FIRST BRANDS GROUP, LLC",1,FY2024_Q4
ROHM  HAAS CHEMICALS LLC,1,FY2024_Q4
POPLI DESIGN GROUP,1,FY2024_Q4
"JMA CIVIL, INC.",1,FY2024_Q4
DUBOIS CONSULTANTS INC.,1,FY2024_Q4
W.E. LYONS CONSTRUCTION CO.,1,FY2024_Q4
"MOLBA CARPENTRY, INC. TA MOLBA CONSTRUCTION",1,FY2024_Q4
DWFRITZ AUTOMATION LLC,1,FY2024_Q4
JASH USA INC DBA RODNEY HUNT,1,FY2024_Q4
CHENBRO MICOM USA INC,1,FY2024_Q4
COMMERCIAL TRUCK EQUIPMENT CO.,1,FY2024_Q4
BISON MANAGEMENT SERVICES,1,FY2024_Q4
FILLTECH SOLUTIONS INC,1,FY2024_Q4
SALEM GLASS COMPANY,1,FY2024_Q4
MATTSON TECHNOLOGY INC.,1,FY2024_Q4
"MCR OIL TOOLS, LLC",1,FY2024_Q4
HAIG B. KAZANDJIAN LAWYERS APC,1,FY2024_Q4
TEXAS AM UNIVERSITY CORPUS CHRISTI,1,FY2024_Q4
BLUE ROAD LLC,1,FY2024_Q4
PADDINGTON ADULT RESIDENTIAL FACILITY INC,1,FY2024_Q4
BIG COUNTRY VETERINARY CLINIC,1,FY2024_Q4
"FOOD FESTIVAL, INC.",1,FY2024_Q4
DORO FOODS INC. CO. DBA DOMS SAUSAGE,1,FY2024_Q4
ANOTHER CAFE,1,FY2024_Q4
HOTEL PARK CITY,1,FY2024_Q4
MELISSA LITTLEFIELD,1,FY2024_Q4
SCOTT SMITH,1,FY2024_Q4
"SUPERMARKET UNLIMITED, INC",1,FY2024_Q4
ANGELOS ITALIAN MARKET INC.,1,FY2024_Q4
DAKOTA CHECK CASHING  SERVICES INC,1,FY2024_Q4
INTERNATIONAL GROCERY  HALAL MEAT INC.,1,FY2024_Q4
NIEHOFF ENDEX NORTH AMERICA INC.,1,FY2024_Q4
COMFORT DENTAL CLINIC LLC,1,FY2024_Q4
"ROAD STAR INSURANCE SERVICES, INC.",1,FY2024_Q4
ELAYA ENTERPRISES INC,1,FY2024_Q4
DOSAL TOBACCO CORPORATION,1,FY2024_Q4
DIESEL CONTINENTAL CORP,1,FY2024_Q4
PRECISION FRANCHISING INC.,1,FY2024_Q4
SOS CARFIX LLC,1,FY2024_Q4
"TOP RUN USA, INC.",1,FY2024_Q4
"COLOMBOMEX,INC. DBA LA FLOR MICHOACANA ICE CREAM",1,FY2024_Q4
R.G. BARRY CORPORATION,1,FY2024_Q4
THE MILLCRAFT PAPER COMPANY,1,FY2024_Q4
FACTSET RESEARCH SYSTEMS INC.,1,FY2024_Q4
"PRICE ENGINEERING COMPANY, LLC",1,FY2024_Q4
"KHAN, INC.",1,FY2024_Q4
HEALTHMARK INDUSTRIES COMPANY,1,FY2024_Q4
"CUBICASA, INC.",1,FY2024_Q4
MOBILE APPS ENTERPRISES LLC,1,FY2024_Q4
"LUNCHBOX TECHNOLOGIES, INC",1,FY2024_Q4
"LILLY USA, LLC",1,FY2024_Q4
FPM  FLORIDA PROPERTY MANAGEMENT LLC,1,FY2024_Q4
AJIT HEALTHCARE INC,1,FY2024_Q4
"TEN THIRTY EIGHT, INC.",1,FY2024_Q4
NASDAQ INC.,1,FY2024_Q4
LAST CHANCE FUNDING INC,1,FY2024_Q4
INDUSTRY INTELLIGENCE INC.,1,FY2024_Q4
"MERIT ROOFING SYSTEMS, INC.",1,FY2024_Q4
"PERCEPTIVE INFORMATICS, LLC",1,FY2024_Q4
ORIGENCE FORMERLY CU DIRECT CORPORATION,1,FY2024_Q4
"OPTML, INC.",1,FY2024_Q4
CASE GLOBAL,1,FY2024_Q4
"YOUTECH  ASSOCIATES, INC.",1,FY2024_Q4
SELF INC,1,FY2024_Q4
PARO AI,1,FY2024_Q4
SQUARESPACE,1,FY2024_Q4
"NEOVERA, INC.",1,FY2024_Q4
"SHIPOUT, INC.",1,FY2024_Q4
QUANTCAST CORPORATION,1,FY2024_Q4
FIGLIULO  PARTNERS LLC,1,FY2024_Q4
ALPHA INTERNATIONAL TRADE INC,1,FY2024_Q4
KENSHOO,1,FY2024_Q4
"CDW DIRECT, LLC",1,FY2024_Q4
XEN BIOFLUIDX,1,FY2024_Q4
"ELANCO US, INC",1,FY2024_Q4
24M TECHNOLOGIES,1,FY2024_Q4
"LANZO CONSTRUCTION CO., FL",1,FY2024_Q4
MEYERS ELECTRIC LLC,1,FY2024_Q4
"QUALYS, INC.",1,FY2024_Q4
SWEET SEASONS LLC,1,FY2024_Q4
BENTELER STEELTUBE MANUFACTURING CORP.,1,FY2024_Q4
ROLLSROYCE SOLUTIONS AMERICA INC.,1,FY2024_Q4
KNORR BRAKE COMPANY LLC,1,FY2024_Q4
E INK CALIFORNIA LLC,1,FY2024_Q4
"WESTGATE MFG., INC.",1,FY2024_Q4
"KEMP PROTEINS, LLC",1,FY2024_Q4
GARDEN OF LOVE CHURCH,1,FY2024_Q4
WILMER CUTLER PICKERING HALE AND DORR LLP,1,FY2024_Q4
MORRISON  FOERSTER LLP,1,FY2024_Q4
"LIDER, FOGARTY  RIBEIRO P.C.",1,FY2024_Q4
SONY MUSIC ENTERTAINMENT,1,FY2024_Q4
CHIOMENTI STUDIO LEGALE,1,FY2024_Q4
UNIVERSITY OF NEW HAMPSHIRE,1,FY2024_Q4
MOGUL STONES INC. DBA M. DESIGNS ARCHITECTS,1,FY2024_Q4
MARTIN BRUDNIZKI DESIGN STUDIO LLC,1,FY2024_Q4
"GROSSE POINTE SOCCER ASSOCIATION, DBA EASTSIDE FC",1,FY2024_Q4
LAUREN MOSHI LLC,1,FY2024_Q4
LAMESA DENTAL,1,FY2024_Q4
"MCR HEALTH, INC.",1,FY2024_Q4
DS DINING GROUP LLC,1,FY2024_Q4
MIKENZA INC.,1,FY2024_Q4
HOUSE OF HUMMUS DBA OFALAFEL,1,FY2024_Q4
"RUNWAY ICE, LLC D.B.A LEGGINGS PARK",1,FY2024_Q4
"LAITH  AMR, INC. DBA 7 ELEVEN",1,FY2024_Q4
GX LOUISIANA LLC,1,FY2024_Q4
SUBAH ENTERPRISE,1,FY2024_Q4
MAYFLOWER TAX SERVICES INCORPORATED,1,FY2024_Q4
DIRECT SOURCE STAFFING LLC,1,FY2024_Q4
JGD MANAGEMENT LLC,1,FY2024_Q4
ELEANOR CRUZ DDS INC.,1,FY2024_Q4
ETS TAX SERVICE INC.,1,FY2024_Q4
INTERIMPORT LLC,1,FY2024_Q4
"NOVA MEDICAL SERVICES, LLC",1,FY2024_Q4
RMJ COMMUNICATIONS INC.,1,FY2024_Q4
CREATIVE DENTAL IMAGES INC,1,FY2024_Q4
"JES TRANS, INC.",1,FY2024_Q4
SPEED TRANS LLC,1,FY2024_Q4
SAPUTO DAIRY FOODS USA LLC,1,FY2024_Q4
INFINEON TECHNOLOGIES LLC,1,FY2024_Q4
"CARDLESS, INC.",1,FY2024_Q4
KINGDOM ACAI BUSINESS SOLUTIONS LLC,1,FY2024_Q4
NATIONAL CENTER FOR FACULTY DEV.  DIVERSITY,1,FY2024_Q4
THE ROTOFORM MOLDING CORPORATION,1,FY2024_Q4
"MONROE BAY BUILDERS, INC",1,FY2024_Q4
"PKNY INTERNATIONAL, INC",1,FY2024_Q4
PROPHIX CORPORATION,1,FY2024_Q4
BAYOTECH,1,FY2024_Q4
"HIEP PHU THO, INC.",1,FY2024_Q4
"PATHWAYS PLATFORM, LLC.",1,FY2024_Q4
AUTEC INC.,1,FY2024_Q4
"BYRZ, INC.",1,FY2024_Q4
EASTERN KITCHEN INC,1,FY2024_Q4
NAVARRO LAW INC,1,FY2024_Q4
"GLOBAL OUTDOORS, INC.",1,FY2024_Q4
BROWN WELCH MEHTA LLC,1,FY2024_Q4
CANADIAN IMPERIAL BANK OF COMMERCE,1,FY2024_Q4
TEST RITE PRODUCTS CORP,1,FY2024_Q4
"SNORKEL AI, INC.",1,FY2024_Q4
"ANTAIRA TECHNOLOGIES, LLC.",1,FY2024_Q4
"SIMCORP USA, INC.",1,FY2024_Q4
"AAA TEXAS, LLC",1,FY2024_Q4
"OII, INC.",1,FY2024_Q4
"IKTELECOM, INC.",1,FY2024_Q4
SOLO CUP OPERATING CORPORATION,1,FY2024_Q4
NEXTIVA INC,1,FY2024_Q4
PEXESO INC,1,FY2024_Q4
QUALINFOTECH SOLUTIONS INC.,1,FY2024_Q4
GALAXY DIGITAL LP,1,FY2024_Q4
SELECTIVE INSURANCE,1,FY2024_Q4
CATALYST CUBES INC,1,FY2024_Q4
"PARALLEL WIRELESS, INC.",1,FY2024_Q4
USER RESEARCH INTERNATIONAL LLC,1,FY2024_Q4
CADENCE MCSHANE CONSTRUCTION COMPANY LLC,1,FY2024_Q4
"SJDB, INC.",1,FY2024_Q4
"E TECHNOLOGIES GROUP, LLC",1,FY2024_Q4
STORM MANAGEMENT INC.,1,FY2024_Q4
QUESTEK INNOVATIONS LLC,1,FY2024_Q4
"SHED SEATTLE, LLC",1,FY2024_Q4
BONANZA BEAN LLC.,1,FY2024_Q4
MIDWEST PROSTHODONTICS LLC,1,FY2024_Q4
AUSTIN KOREAN CHURCH,1,FY2024_Q4
VERNON HILLS MONTESSORI ACADEMY,1,FY2024_Q4
ELONG INTERNATIONAL USA INC.,1,FY2024_Q4
"IPG HEALTH, LLC",1,FY2024_Q4
ROMA EDUCATION GROUP,1,FY2024_Q4
FAMILY DENTAL OF VIRGINIA LLC,1,FY2024_Q4
SPEAKEASY THERAPY SERVICES LLC,1,FY2024_Q4
APOLLO IMAGING MANAGEMENT LLC,1,FY2024_Q4
"PIZZICO, INC. DBA PIZZICO RISTORANTE ITALIANO",1,FY2024_Q4
LEE RESTAURANT GROUP LLC,1,FY2024_Q4
HAM FOOD INC,1,FY2024_Q4
CAFE  WINE BAR 31 INC.,1,FY2024_Q4
"SUSHIMARU TX LLC, DBA SUSHI MARU",1,FY2024_Q4
CHENS CHINESE RESTAURANT INC,1,FY2024_Q4
EL TENAMPA LLC,1,FY2024_Q4
SAMER HALAWI,1,FY2024_Q4
LOUIS AMIRA,1,FY2024_Q4
MIKHAEL GASIOROWSKI,1,FY2024_Q4
JACK VELASCOMILLS,1,FY2024_Q4
A  A JUBILEE INC  BIG Z,1,FY2024_Q4
COYOTE RIDGE GOLF CORPORATION,1,FY2024_Q4
ESSENCE OF NAILS INC,1,FY2024_Q4
"JOHN S. LEE, CPA",1,FY2024_Q4
SMART GROCERY ARMAAN GROCERY LLC,1,FY2024_Q4
"DA DA INTERNATIONAL, INC.",1,FY2024_Q4
"FALCONS BURGER, LLC",1,FY2024_Q4
TORRESCAPE CORPORATION,1,FY2024_Q4
RAMOS CONCRETE CONSTRUCTION LLC,1,FY2024_Q4
DAVIS DAIRY,1,FY2024_Q4
AVICON INC,1,FY2024_Q4
ACADEMY MARBLE  GRANITE LLC,1,FY2024_Q4
POLYCORE POLYMER INC.,1,FY2024_Q4
"SEAPLANE IO, INC.",1,FY2024_Q4
"JUKI AMERICA, INC.",1,FY2024_Q4
"TEGO, INC.",1,FY2024_Q4
HOTYD LLC,1,FY2024_Q4
KMC BUCKHEAD LLC,1,FY2024_Q4
"ROSECRANS VILLA, INC.",1,FY2024_Q4
"HAWM, PLLC",1,FY2024_Q4
"SPOTIX, INC.",1,FY2024_Q4
"PERCH ENERGY, INC.",1,FY2024_Q4
"J. E. M. STAR, LLC",1,FY2024_Q4
JIAHERB INC.,1,FY2024_Q4
LAC PRODUCTS,1,FY2024_Q4
"HANDS CRAFT US, INC.",1,FY2024_Q4
ABBT VENTURE LLC,1,FY2024_Q4
JINNAH GROUP LLC,1,FY2024_Q4
SS WIRELESS LLC,1,FY2024_Q4
RWDI USA LLC,1,FY2024_Q4
PANNELL INDUSTRIES INC,1,FY2024_Q4
"SABRA DIPPING COMPANY, LLC",1,FY2024_Q4
"KAFFCO  COMPANY, INC.",1,FY2024_Q4
"SECURE DENTAL V, LLC DBA SECURE DENTAL EAST PEORIA",1,FY2024_Q4
"MASSIMO MOTOR SPORTS, LLC",1,FY2024_Q4
GOELZER INVESTMENT MANAGEMENT,1,FY2024_Q4
AMERICAN MEDICAL ASSOCIATION,1,FY2024_Q4
VIRTUSENSE TECHNOLOGIES LLC.,1,FY2024_Q4
ESSENTIAL SOFTWARE INC.,1,FY2024_Q4
"HEALTH DATA VISION, INC. DBA REVELEER",1,FY2024_Q4
RETAIL PRO INTERNATIONAL LLC,1,FY2024_Q4
SMART INFORMATION MGMT SYS INC,1,FY2024_Q4
"I.T. MATTERS, INC.",1,FY2024_Q4
SPIN ANALYTICS AND STRATEGY,1,FY2024_Q4
"SECURITY RISK ADVISORS INTL, LLC",1,FY2024_Q4
TRAJECTORY VENTURES LLC DBA MODINTELECHY,1,FY2024_Q4
THOROUGHCARE INC.,1,FY2024_Q4
"POWERTOFLY, INC.",1,FY2024_Q4
"GRAY ASSOCIATES, INC.",1,FY2024_Q4
"JOAN BEHNKE  ASSOCIATES, INC.",1,FY2024_Q4
"SHANDS TEACHING HOSPITAL AND CLINICS, INC.",1,FY2024_Q4
GEORGIAPACIFIC GYPSUM LLC,1,FY2024_Q4
JGP ENGINEERING GROUP P A,1,FY2024_Q4
"SUN RECYCLING, INC.",1,FY2024_Q4
RYZEN SOLUTIONS,1,FY2024_Q4
INTELLIGENT AUTOMATION TECHNOLOGY INC,1,FY2024_Q4
GMEP ENGINEERING CONSULTING,1,FY2024_Q4
"MARION ZOOLOGICAL, INC",1,FY2024_Q4
FAITH ALLIANCE CHURCH INC,1,FY2024_Q4
"KNOWLEDGE RESOURCES GROUP, INC.",1,FY2024_Q4
FUDY SOLUTIONS INC,1,FY2024_Q4
"JOONGANGILBO USA, INC.",1,FY2024_Q4
OSAKIS LLC,1,FY2024_Q4
PROSSER PUBLIC HOSPITAL DISTRICT OF BENTON COUNTY,1,FY2024_Q4
"THE EXPERIENCE OF TASTE, INC",1,FY2024_Q4
"GOLDEN  CITY CHINESE RESTAURANT, LLC",1,FY2024_Q4
JOY OF TOKYO IV INC,1,FY2024_Q4
"FAV, LLC; DBA FAV BISTRO",1,FY2024_Q4
ATMA BEAUTY INC,1,FY2024_Q4
INSPIRE NAIL BAR AND SPA INC,1,FY2024_Q4
ADAM M DAHILL DBA DAHILL HOUSEHOLD,1,FY2024_Q4
"GOOD BUSINESS SERVICES II, LLC",1,FY2024_Q4
METRO ENTERPRISE INC CRISPY FOOD MART FAST MART,1,FY2024_Q4
"TATA COMMUNICATIONS AMERICA, INC.",1,FY2024_Q4
INTERNATIONAL PROCESSPLANTS AND EQUIPMENT CORP.,1,FY2024_Q4
IUSI  INVESTMENTS CORP.,1,FY2024_Q4
PURA SCENTS INC.,1,FY2024_Q4
KRAKUS FOOD INC,1,FY2024_Q4
"KHAN TRANS, INC.",1,FY2024_Q4
KITANDA,1,FY2024_Q4
ALVARADO TERRACE CARE CENTER,1,FY2024_Q4
SPOTLESS HOME CLEANING SERVICE LLC,1,FY2024_Q4
HOME RX INC.,1,FY2024_Q4
"MIDWAY IMPORTING, INC.",1,FY2024_Q4
FEARNLEY OFFSHORE LLC,1,FY2024_Q4
NASCIMENTO INTL CORP DBA NIC INTL COMMERCE,1,FY2024_Q4
"QUICKSAV FOOD STORES, LTD.",1,FY2024_Q4
DAVIS POLK  WARDWELL,1,FY2024_Q4
TONELERIA NACIONAL USA INC DBA TN COOPERS,1,FY2024_Q4
PATRICK ENGINEERING INC,1,FY2024_Q4
"AP IMPORT EXPORT, LLC",1,FY2024_Q4
SEKA MOVING CORPORATION,1,FY2024_Q4
PHARMFOOD GROUP OF COMPANIES INC,1,FY2024_Q4
ECOLE 360 CHILD DEVELOPMENT CENTER LLC  PALATINE,1,FY2024_Q4
"PERFORMANCE HOME SERVICES, INC.",1,FY2024_Q4
LIVE LEARNING TECHNOLOGIES SHARED RESOURCES LLC,1,FY2024_Q4
KINDNESSCARE HOME HEALTH,1,FY2024_Q4
LAGOINHA ORLANDO CHURCH,1,FY2024_Q4
NEW HOPE HOME CARE INC,1,FY2024_Q4
MOREBACK CPA LLC,1,FY2024_Q4
ARISS MEDICAL INC,1,FY2024_Q4
ONPOINT ACCOUNTING,1,FY2024_Q4
"MALK SUSTAINABILITY PARTNERS, LLC",1,FY2024_Q4
SK RESOURCE MANAGEMENT LLC,1,FY2024_Q4
MYNTRA INC,1,FY2024_Q4
VINCIT CALIFORNIA INC.,1,FY2024_Q4
ROBERT BOSCH AUTOMOTIVE STEERING LLC,1,FY2024_Q4
PROGRAMSOFT LLC,1,FY2024_Q4
"RANDSTAD GENERAL PARTNER US, LLC",1,FY2024_Q4
SYNGENTA CROP PROTECTION LLC,1,FY2024_Q4
"KYOCERA DOCUMENT SOLUTIONS DEVELOPMENT AMERICA,INC",1,FY2024_Q4
SBASE TECHNOLOGIES INC,1,FY2024_Q4
"BASIS GLOBAL TECHNOLOGIES, INC",1,FY2024_Q4
UNITED FIRE  CASUALTY COMPANY,1,FY2024_Q4
QSQUARE BUSINESS INTELLIGENCE CORP,1,FY2024_Q4
CAJUN OPERATING COMPANY,1,FY2024_Q4
"THE CORCORAN OTA GROUP, INC.",1,FY2024_Q4
LUMOS  ASSOCIATES,1,FY2024_Q4
"SALCEDO GROUP, INC.",1,FY2024_Q4
"BARR ENGINEERING, INC DBA NEAS, INC",1,FY2024_Q4
ARRAY TECHNOLOGIES INC.,1,FY2024_Q4
GRACE INSTRUMENT TECHNOLOGIES INC.,1,FY2024_Q4
TECHTRONIC CORDLESS GP,1,FY2024_Q4
"JSL FOODS, INC.",1,FY2024_Q4
SYMRISE INC.,1,FY2024_Q4
HEALTH RESEARCH INSTITUTE,1,FY2024_Q4
MINO LAW GROUP,1,FY2024_Q4
PRAIRIE VIEW AM UNIVERSITY,1,FY2024_Q4
GEORGIA MILITARY COLLEGE,1,FY2024_Q4
SYNTHESIS INC. DBA SWEISKLOSS,1,FY2024_Q4
UPMC HILLMAN CANCER CENTER  PINNACLE,1,FY2024_Q4
PINES HEALTH SERVICES,1,FY2024_Q4
PECOS COUNTY MEMORIAL HOSPITAL,1,FY2024_Q4
"THAI NUMBER NINE, LLC",1,FY2024_Q4
NPS INC DBA BAHN THAI RESTAURANT,1,FY2024_Q4
ST. ANDREWS COUNTRY CLUB,1,FY2024_Q4
NIRAJ A. JAVERI PRIVATE HOUSEHOLD,1,FY2024_Q4
ANDREA M MIRALIA,1,FY2024_Q4
NASR LLC,1,FY2024_Q4
OPTIMUM SOLAR POWER,1,FY2024_Q4
EURO CAR DOCTOR INC.,1,FY2024_Q4
I4 WASTE VALET  RECYCLING L.L.C.,1,FY2024_Q4
ATLANTIC CARGO CO.,1,FY2024_Q4
POLIFORM USA INC,1,FY2024_Q4
"PROJECT CANARY, PBC",1,FY2024_Q4
RK ENGINEERING INC.,1,FY2024_Q4
"JUNO THERAPEUTICS, INC",1,FY2024_Q4
G2 METAL FAB,1,FY2024_Q4
DAEMYUNG INTERNATIONAL INC.,1,FY2024_Q4
GOMES MANAGEMENT LLC,1,FY2024_Q4
MAEL BUSINESS TEAM USA,1,FY2024_Q4
"DEMAND LOCAL, INC.",1,FY2024_Q4
ORLANDO STARFLYER LLC,1,FY2024_Q4
PACIFIC BAY INTERNATIONAL INC.,1,FY2024_Q4
"YALCIN, INC.",1,FY2024_Q4
MIDDLETON CONSTRUCTION CONSULTING,1,FY2024_Q4
TONAL,1,FY2024_Q4
"NEXTUPLE, INC.",1,FY2024_Q4
"PRACTICAL LOGIX, LLC",1,FY2024_Q4
ELAN TC LLC,1,FY2024_Q4
COMPLI GROUP INC.,1,FY2024_Q4
GRANITE CENTER LLC,1,FY2024_Q4
AWOX INC,1,FY2024_Q4
K2S US CORP.,1,FY2024_Q4
WHEEL MART SEATTLE INC,1,FY2024_Q4
PRODUCTS ENGINEERING CORPORATION,1,FY2024_Q4
"NU LIFE GLOBAL, INC.",1,FY2024_Q4
"FAITHLIFE, LLC",1,FY2024_Q4
PROCOM WHOLESALE INC,1,FY2024_Q4
"COMMUNITY HEALTH CENTER OF BUFFALO, INC.",1,FY2024_Q4
"KALLMAN  LOGAN  COMPANY, LLP",1,FY2024_Q4
"ZIMMER US, INC.",1,FY2024_Q4
"ELDER CARE SERVICES, INC.",1,FY2024_Q4
"SATORI CAPITAL, LLC",1,FY2024_Q4
"NORTH FOOD GROUP, INC. DBA EVERSPRING ENTERPRISES",1,FY2024_Q4
PPC ENTERPRISES LLC,1,FY2024_Q4
"SALT CREEK CAPITAL II, LLC",1,FY2024_Q4
"ROWLING  ASSOCIATES, LLC.",1,FY2024_Q4
MEDICAL COLLEGE OF WISCONSIN,1,FY2024_Q4
HILMAR CHEESE COMPANY,1,FY2024_Q4
"MAPBOX, INC.",1,FY2024_Q4
THE STAMFORD HOSPITAL,1,FY2024_Q4
"CONSTRUCTION SPECIALTIES, INC.",1,FY2024_Q4
"ASPEN DENTAL MANAGEMENT, INC.",1,FY2024_Q4
"PROPER TOOLING, LLC.",1,FY2024_Q4
CONCOR IT SOLUTIONS INC,1,FY2024_Q4
N.A.F.T.A. DISTRIBUTORS,1,FY2024_Q4
ABRIDGE INFO SYSTEMS INC,1,FY2024_Q4
COMPSYCH MANAGEMENT CORPORATION,1,FY2024_Q4
"MERITOR ELECTRIC VEHICLES, LLC",1,FY2024_Q4
"OCEAN BLUE SOLUTIONS, INC.",1,FY2024_Q4
"TANGRAM ROBOTICS, INC.",1,FY2024_Q4
"MERSCORP HOLDINGS, INC.",1,FY2024_Q4
"DOMINO TECHNOLOGIES, INC.",1,FY2024_Q4
"EVEREST CONSULTING GROUP, INC",1,FY2024_Q4
DEVANSH LAB WERKS INC,1,FY2024_Q4
"PINNACLE STRUCTURAL ENGINEERS, INC.",1,FY2024_Q4
W.G. YATES AND SONS CONSTRUCTION COMPANY,1,FY2024_Q4
SI ENGINEERING PC,1,FY2024_Q4
AIGEN INC,1,FY2024_Q4
"ZEF SCIENTIFIC, INC.",1,FY2024_Q4
"DCP SERVICES, LLC",1,FY2024_Q4
"NOVASPECT, INC.",1,FY2024_Q4
GREDE HOLDINGS LLC,1,FY2024_Q4
SHAMROCK TECHNOLOGIES,1,FY2024_Q4
VARNUM LLP,1,FY2024_Q4
"UNIVERSITY AT ALBANY, SUNY",1,FY2024_Q4
AUGUSTANA COLLEGE,1,FY2024_Q4
HIMNEL USA INC.,1,FY2024_Q4
UNIFIED SCHOOL DISTRICT 457,1,FY2024_Q4
TINKER PRESCHOOL COLE VALLEY,1,FY2024_Q4
SAMDIAM USA,1,FY2024_Q4
ABS COMPLETE PRINTING SERVICES,1,FY2024_Q4
"JAPANESE PRODUCTS PRODUCE, INC.",1,FY2024_Q4
"TARTE, INC.",1,FY2024_Q4
GRACIE BARRA RSM,1,FY2024_Q4
PIPELINE FOR CHANGE FOUNDATION,1,FY2024_Q4
ILLINI SMILES DENTAL CARE,1,FY2024_Q4
TRAVIS INTERNATIONAL INC,1,FY2024_Q4
GEISINGER JERSEY SHORE HOSPITAL,1,FY2024_Q4
CLARIDGE HEALTHCARE CENTER,1,FY2024_Q4
JB BROTHERS LLC DBA KABAB  MORE,1,FY2024_Q4
"SORA INVESTMENTS,LLC",1,FY2024_Q4
"CGI FOODSAVALON, INC.",1,FY2024_Q4
"CHEF BANK THAI CAFE,LLC DBA CHEF BANK THAI CAFE",1,FY2024_Q4
HAPPY TREE INC. DBA SUSHI HANA,1,FY2024_Q4
NEW PANDA CHINESE RESTAURANT INC,1,FY2024_Q4
"BANGKOK THAI ENTERPRISES, INC.",1,FY2024_Q4
"HAKO, INC.",1,FY2024_Q4
MADERA PAAN INC,1,FY2024_Q4
DAKOTA CONVENIENCE LLC,1,FY2024_Q4
R A MARKET INC,1,FY2024_Q4
TEHSEEN INC.,1,FY2024_Q4
"COPELAND MARKETS, LLC",1,FY2024_Q4
TERNIUM USA INC.,1,FY2024_Q4
"ALKIRA, INC.",1,FY2024_Q4
"LUCKY BOARD LA, INC.",1,FY2024_Q4
"MS RESTAURANT ENTERPRISES, INC. DBA SUSHIZEN",1,FY2024_Q4
CYCLEBOAT BOSTON LLC,1,FY2024_Q4
THE BEST HVAC,1,FY2024_Q4
"MCCLAIN FARMS, INC.",1,FY2024_Q4
DAVID HARRIS CONSTRUCTION INC.,1,FY2024_Q4
HL  IRONWORKS CORP.,1,FY2024_Q4
HL ORNAMENTAL IRONWORKS CORP.,1,FY2024_Q4
"DES, INC. DBA MISSION CLEANERS",1,FY2024_Q4
AMERICAN BAZI INC,1,FY2024_Q4
DK CARE LLC,1,FY2024_Q4
OILFIELD STEEL SUPPLY,1,FY2024_Q4
THINKLOUDER LLC,1,FY2024_Q4
PAYCARGO LLC,1,FY2024_Q4
PICUS CAPITAL AMERICAS CORPORATION,1,FY2024_Q4
FINE FASHION LLC,1,FY2024_Q4
"MUHLHAUSER STEEL, INC.",1,FY2024_Q4
VESUVIUS USA CORPORATION,1,FY2024_Q4
LOREN COOK COMPANY,1,FY2024_Q4
AUSTIN BUSINESS FINANCE LLC DBA GETBACKD,1,FY2024_Q4
"INIT INNOVATIONS IN TRANSPORTATION, INC.",1,FY2024_Q4
"RETAIL CONTRACTING GROUP, INC.",1,FY2024_Q4
ROGUE FITNESS,1,FY2024_Q4
"SANTANDER HOLDINGS USA, INC",1,FY2024_Q4
"EVEREST GROUP USA, INC.",1,FY2024_Q4
"BENOSPACE, INC.",1,FY2024_Q4
INDIA GROCERIES INC. DBA FARGO FRESH,1,FY2024_Q4
"USMK, INC.",1,FY2024_Q4
"SEQUOIAGRPCPAS,A PRFESIONL CRP.DBA ZDCONSULTINGGRP",1,FY2024_Q4
INNOVATIVE CAPITAL COMMERCIAL CORPORATION,1,FY2024_Q4
"ARGA INVESTMENT MANAGEMENT, LP",1,FY2024_Q4
ROCKLEY PHOTONICS INC.,1,FY2024_Q4
TMP WORLDWIDE ADVERTISING  COMMUNICATIONSRADANCY,1,FY2024_Q4
"USWM, LLC",1,FY2024_Q4
MOBILOANS LLC,1,FY2024_Q4
ADVANCE MAGAZINE PUBLISHERS INC. DBA COND NAST,1,FY2024_Q4
TEQTRON INC,1,FY2024_Q4
"INTEGRATED MANAGEMENT SYSTEMS, INC",1,FY2024_Q4
SYNCRONYS,1,FY2024_Q4
"FTD, LLC",1,FY2024_Q4
NIFTEK INC.,1,FY2024_Q4
"RESOURCE POINT, LLC",1,FY2024_Q4
"LEXISNEXIS RISK SOLUTIONS FL, INC.",1,FY2024_Q4
"HEALTH SERVICES ADVISORY GROUP, INC.",1,FY2024_Q4
WE AN IDEA,1,FY2024_Q4
"WOODSTONE BUILDERS, INC.",1,FY2024_Q4
"MERCADO CONSULTANTS, INC.",1,FY2024_Q4
"MIDCONTINENT INDEPENDENT SYSTEM OPERATOR, INC.",1,FY2024_Q4
"RECONSERVE OF MINNESOTA, INC.",1,FY2024_Q4
SHRIN LLC DBA COVERKING,1,FY2024_Q4
"OK INTERNATIONAL, INC.",1,FY2024_Q4
VIRO RESEARCH LLC,1,FY2024_Q4
"BURO HAPPOLD CONSULTING ENGINEERS, INC.",1,FY2024_Q4
SCHOOL OF VISUAL ARTS,1,FY2024_Q4
"THE REDEEMED CHRISTIAN CHURCH OF GOD, MERCY HALL",1,FY2024_Q4
KIRAN LAW FIRM PC,1,FY2024_Q4
THE CITADEL,1,FY2024_Q4
FRANCIS MARION UNIVERSITY,1,FY2024_Q4
TEMPLE EMANUEL CHILDHOOD EDUCATION CENTER,1,FY2024_Q4
"THINE SOLUTIONS, INC.",1,FY2024_Q4
N.E. BRANDS LLC.,1,FY2024_Q4
BAYSHORE ELITE,1,FY2024_Q4
MARK S. GOLUB,1,FY2024_Q4
RAJ CORPORATION DBA MIRCH MASALA,1,FY2024_Q4
YMI LIVING WATER LLC,1,FY2024_Q4
"SANTI LLC DBA YES, THAI INDEED",1,FY2024_Q4
TORIBRO RAMEN INC.,1,FY2024_Q4
NEW LEAF CHINESE  JAPANESE CUISINE LLC,1,FY2024_Q4
KAO THAI LLC DBA KAO THAI RESTAURANT,1,FY2024_Q4
OCHA CLASSIC CORPORATION,1,FY2024_Q4
1616 ARABIC RESTAURANT INC.,1,FY2024_Q4
MATTHEW J MOTA,1,FY2024_Q4
LFERNANDEZ,1,FY2024_Q4
MICAH BLACK,1,FY2024_Q4
ZAYNA INVESTMENTS,1,FY2024_Q4
MGB TRADER INTERNATIONAL INC.,1,FY2024_Q4
ANANDA CORPORATION,1,FY2024_Q4
M H JIWANI INC,1,FY2024_Q4
ROUTE 322 GAS LLC,1,FY2024_Q4
FINESSE LIGHTING LLC,1,FY2024_Q4
ATM SYSTEM INC,1,FY2024_Q4
MACABI AUTO SUPPLY LLC,1,FY2024_Q4
MEI FREIGHT INC,1,FY2024_Q4
SAWYER BUSINESS GROUP INC,1,FY2024_Q4
"GLENN GLASS, INC.",1,FY2024_Q4
"MODERN CARPETS, INC.",1,FY2024_Q4
BAZCO PETROLEUM TRANSPORT TEXAS DIVISION LLC,1,FY2024_Q4
PRIDE TECHNOLOGIES LLC,1,FY2024_Q4
VECNA ROBOTICS,1,FY2024_Q4
MASCOT VALVES LLC,1,FY2024_Q4
SK STONES INC,1,FY2024_Q4
AMBA HOTEL LLC,1,FY2024_Q4
"G.Q.M., INC.",1,FY2024_Q4
TOP MANAGEMENT LLC,1,FY2024_Q4
"SENSUS HEALTHCARE, INC.",1,FY2024_Q4
"STERLING INFOSYSTEMS, INC",1,FY2024_Q4
TRENDSETTER HOMES LLC,1,FY2024_Q4
"HEW H KIM CHB, INC",1,FY2024_Q4
RELAYR,1,FY2024_Q4
BAYER CROPSCIENCE,1,FY2024_Q4
SORSHER  ASSOCIATES LLC,1,FY2024_Q4
"DAEDONGUSA, INC.",1,FY2024_Q4
"SOLAREDGE TECHNOLOGIES, INC.",1,FY2024_Q4
"COINDESK, INC.",1,FY2024_Q4
CLEARWAY ENERGY GROUP LLC,1,FY2024_Q4
THE YUSHER GROUP INC,1,FY2024_Q4
TAAD LLP,1,FY2024_Q4
"SLM WAREHOUSING RC, LLC",1,FY2024_Q4
"WASIM AMIR, INC DBA KAREMORE PHARMACY",1,FY2024_Q4
AMERICA REALTY GROUP,1,FY2024_Q4
"BLUE ROAD MANAGEMENT, L.P.",1,FY2024_Q4
TRANSLINK SHIPPING INC.,1,FY2024_Q4
"XTERRA SOLUTIONS, INC.",1,FY2024_Q4
"THERAVANCE BIOPHARMA U.S., INC.",1,FY2024_Q4
"THE CELLULAR CONNECTION, LLC",1,FY2024_Q4
UNION PACIFIC RAILROAD,1,FY2024_Q4
HARPRO TECH INC,1,FY2024_Q4
CLOUDEQ,1,FY2024_Q4
"LAKHI INFORMATION TECHNOLOGIES,INC",1,FY2024_Q4
AA TECH GROUP LLC,1,FY2024_Q4
CALLAWAY GOLF SALES COMPANY,1,FY2024_Q4
"SOFTSMART CONSULTING, LLC",1,FY2024_Q4
"EPISOURCE, LLC",1,FY2024_Q4
PERIDOT FINANCING SOLUTIONS LLC,1,FY2024_Q4
"SEIBELS SERVICES GROUP, INC",1,FY2024_Q4
PHOENIX ROPE  RIGGING LLC,1,FY2024_Q4
"NATIONSBENEFITS, LLC",1,FY2024_Q4
ASSURE ESERVICES INC,1,FY2024_Q4
REDDING RANCHERIA,1,FY2024_Q4
TRANSCEND INC.,1,FY2024_Q4
"SIMEIO SOLUTIONS, LLC",1,FY2024_Q4
TEKSKILLS INC,1,FY2024_Q4
STEVE MADDEN,1,FY2024_Q4
THE CITY UNIVERSITY OF NEW YORK,1,FY2024_Q4
"WUXI ADVANCED THERAPIES, INC.",1,FY2024_Q4
"DRISCOLLS, INC.",1,FY2024_Q4
POZENT CORPORATION,1,FY2024_Q4
"VALORA, INC.",1,FY2024_Q4
IMPLAN GROUP LLC,1,FY2024_Q4
"OSHYN, INC.",1,FY2024_Q4
PFS REALTY,1,FY2024_Q4
KELLTON TECH SOLUTIONS INC.,1,FY2024_Q4
"RESOURCE LOGISTICS, INC.",1,FY2024_Q4
COFORGE LIMITED,1,FY2024_Q4
RHP STAFFING COMPANY,1,FY2024_Q4
"AMERITEAM SERVICES, LLC",1,FY2024_Q4
SOLO FUNDS,1,FY2024_Q4
"DIMENSIONAL ENERGY, INC.",1,FY2024_Q4
"DAVID MAR STRUCTURAL DESIGN, INC.",1,FY2024_Q4
"ABBOUD ENGINEERING, LLC",1,FY2024_Q4
DUROBYTE INC,1,FY2024_Q4
INDIANA MUNICIPAL POWER AGENCY,1,FY2024_Q4
CY VISION INC.,1,FY2024_Q4
"STARLINE HOLDINGS, LLC",1,FY2024_Q4
"AVEDRO, INC.",1,FY2024_Q4
"PRATT PAPER NY, INC.",1,FY2024_Q4
AR CONSULTING ENGINEER P.C.,1,FY2024_Q4
ACMI USA INC.,1,FY2024_Q4
"APLOMB TECHNOLOGIES, INC",1,FY2024_Q4
"BATTERIES PLUS, LLC",1,FY2024_Q4
"PROFESSIONAL LOCOMOTIVE SERVICES, INC.",1,FY2024_Q4
"LEWIS BUTLER ARCHITECTS, INC.",1,FY2024_Q4
"STRUCTURAL ENGINEERING TECHNOLOGIES, P.C.",1,FY2024_Q4
DANISCO US INC.,1,FY2024_Q4
REJUVENATE BIO INC.,1,FY2024_Q4
SIMULATIONS PLUS,1,FY2024_Q4
POLYMER PROCESSING INSTITUTE,1,FY2024_Q4
"EVOLUTION TRADING  LOGISTICS, LLC.",1,FY2024_Q4
KITHS INTEGRATED AND TARGETED HUMAN SERVICES,1,FY2024_Q4
VERONA AREA SCHOOL DISTRICT,1,FY2024_Q4
"LYCEE FRANCAIS DE LA NOUVELLE ORLEANS, INC.",1,FY2024_Q4
AIKIDO FLORIDA ACADEMY,1,FY2024_Q4
CHILDRENS PARADISE INC,1,FY2024_Q4
VIGO INDUSTRIES,1,FY2024_Q4
"PACIFIC NORTHERN, INC.",1,FY2024_Q4
PALPILOT INTERNATIONAL CORPORATION,1,FY2024_Q4
"INNEX, INC.",1,FY2024_Q4
PROVIDENCE HEALTH  SERVICES  MONTANA,1,FY2024_Q4
"NEPHROLOGY ASSOCIATES, P.A.",1,FY2024_Q4
"HAE WA DALL,INC",1,FY2024_Q4
SZECHUAN OPEN KITCHEN LLC,1,FY2024_Q4
TUM THAI INC. DBA TUM THAI CUISINE,1,FY2024_Q4
PHO 242 BAC CALI INC,1,FY2024_Q4
BRIAM LCC DBA KNOTTY PINE SUPPER CLUB,1,FY2024_Q4
JESSICA VERMEULEN,1,FY2024_Q4
WISH JEWELRY AND ACCESSORIES CORP,1,FY2024_Q4
S M DIAMOND CORPORATION,1,FY2024_Q4
SEOUL TANG AND NOODLE HOUSE,1,FY2024_Q4
YOSEMITE VALLEY BEEF DISTRIBUTORS LLC,1,FY2024_Q4
MINAS CAR CORPORATION,1,FY2024_Q4
FREDERICK REYNOLDS,1,FY2024_Q4
NAX USA LOGISTICS,1,FY2024_Q4
BENJAMIN ACADEMY INC,1,FY2024_Q4
SPRING TOWERS LLC,1,FY2024_Q4
"SUGARWAY FARMS, LLC",1,FY2024_Q4
"PURPERA FARMS, LLC",1,FY2024_Q4
REIMER HARVESTING PARTNERSHIP,1,FY2024_Q4
PETER R. LAFLEUR,1,FY2024_Q4
"FLORIDA FINE CARS, INC.",1,FY2024_Q4
"CK AT DORAL, LLC",1,FY2024_Q4
KAMUNA EXPRESS INC.,1,FY2024_Q4
K AND M BUILDER AND DEVELOPER INC,1,FY2024_Q4
PUKA CREATIONS LLC.,1,FY2024_Q4
MIDWEST FOODS MANUFACTURING,1,FY2024_Q4
THE EDEN GROUP,1,FY2024_Q4
"POWER ENGINEERS, INC.",1,FY2024_Q4
MAXZONE VEHICLE LIGHTING CORP,1,FY2024_Q4
ALIGHT SOLUTIONS LLC,1,FY2024_Q4
MSP DIESEL SOLUTIONS,1,FY2024_Q4
"KAPUR  ASSOCIATES, INC.",1,FY2024_Q4
GILANI  MAWANI LLC,1,FY2024_Q4
CAFE HOLDINGS LLC,1,FY2024_Q4
ASCENTAGE PHARMA GROUP INC,1,FY2024_Q4
ALPHAPOINT CORPORATION,1,FY2024_Q4
VOLEON CAPITAL MANAGEMENT LP,1,FY2024_Q4
"FIRST EQUITY MORTGAGE BANKERS, INC.",1,FY2024_Q4
KEEFE MCCULLOUGH,1,FY2024_Q4
CHAWLA    CHAWLA P.C.,1,FY2024_Q4
BONDI SUSHI LLC,1,FY2024_Q4
ALPHADYNE ASSET MANAGEMENT LP,1,FY2024_Q4
BLUECHIP FINANCIAL,1,FY2024_Q4
"BREG, INC.",1,FY2024_Q4
KING.COM INC.,1,FY2024_Q4
ALPHA NODUS INC.,1,FY2024_Q4
"GENERAL MILLS, INC.",1,FY2024_Q4
"COLUMBIA BRANDS USA, LLC",1,FY2024_Q4
SKT TECHNOLOGIES INC,1,FY2024_Q4
NATIONAL EDUCATION LOAN NETWORK,1,FY2024_Q4
"ACCELERANT SOFTWARE, INC.",1,FY2024_Q4
"6COM, INC",1,FY2024_Q4
DAIRYLAND USA CORPORATION,1,FY2024_Q4
ANTHOLOGY INC.,1,FY2024_Q4
FRONTIER IT SOLUTIONS INC,1,FY2024_Q4
KOVAN TECHNOLOGY SOLUTIONS LLC,1,FY2024_Q4
NELNET BUSINESS SOLUTIONS INC,1,FY2024_Q4
MANUFACTURERS BANK,1,FY2024_Q4
CTBC BANK USA,1,FY2024_Q4
AMEREN SERVICES COMPANY,1,FY2024_Q4
BOP LLC,1,FY2024_Q4
"ACLIMA, INC.",1,FY2024_Q4
"HAGOOD ENGINEERING ASSOCIATES, INC.",1,FY2024_Q4
KLEINFELDER INC,1,FY2024_Q4
"IDOM, INC.",1,FY2024_Q4
"AAISD, LLC",1,FY2024_Q4
"IT SOFT USA, INC.DBA ENG USA",1,FY2024_Q4
DAWSON VAN ORDEN INC,1,FY2024_Q4
AUROMA TECHNOLOGIES CO. LLC,1,FY2024_Q4
PLYMOUTH TUBE COMPANY,1,FY2024_Q4
"RYOBI DIE CASTING USA, INC.",1,FY2024_Q4
AMERIKART CORP KANSAS,1,FY2024_Q4
BYD ELECTRONIC AMERICA CORPORATION,1,FY2024_Q4
DETROIT DIESEL CORPORATION,1,FY2024_Q4
LINDE GAS  EQUIPMENT INC.,1,FY2024_Q4
BE BIOPHARMA,1,FY2024_Q4
DAYTON INDEPENDENT SCHOOL DISTRICT,1,FY2024_Q4
"STUKENT, INC.",1,FY2024_Q4
MARISSA RUBIO DBA MISSION VILLA RESIDENTIAL CARE H,1,FY2024_Q4
"EVERGREEN ISLAND, LLC",1,FY2024_Q4
BELLA FIONA RISTORANTE,1,FY2024_Q4
VANCHA GHAR CORPORATION,1,FY2024_Q4
"THAI  BISTRO, INC DBA THAI  BISTRO",1,FY2024_Q4
KUNG POW INC,1,FY2024_Q4
MONG ME SRI SUK LLC,1,FY2024_Q4
ZEYNEP CORPORATION,1,FY2024_Q4
AUDREY PENDLETON,1,FY2024_Q4
A  I ENTERPRISE INC,1,FY2024_Q4
SARIM BUSINESS INC,1,FY2024_Q4
"GREEN PASTURE INTERNATIONAL, INC.",1,FY2024_Q4
"ESEARCH MARKETING, LLC",1,FY2024_Q4
"JACKSONVILLE EDUCATIONAL COMMUNITY, INC.",1,FY2024_Q4
EXPRESS AUTO SERVICE CENTER LLC,1,FY2024_Q4
"WIKILICIOUS, LLC",1,FY2024_Q4
"DRIVE MY WAY, INC.",1,FY2024_Q4
"CJ TECH ALABAMA, INC",1,FY2024_Q4
"ENOVATION CONTROLS, LLC",1,FY2024_Q4
WEST SILK ROAD LLC,1,FY2024_Q4
"CARGOZONE LOGISTICS, INC.",1,FY2024_Q4
BRIGHT PATTERN INC,1,FY2024_Q4
CROWE LLP,1,FY2024_Q4
"CRA INTERNATIONAL, INC.",1,FY2024_Q4
BCO LAB INC.,1,FY2024_Q4
"WDC  ASSOCIATES, LLP",1,FY2024_Q4
"BGC USA, L.P.",1,FY2024_Q4
ALKEON CAPITAL MANAGEMENT,1,FY2024_Q4
DEXTERITY OPERATIONS US LLC,1,FY2024_Q4
A2BF INC,1,FY2024_Q4
BRIGHAM YOUNG UNIVERSITY,1,FY2024_Q4
"INFINILAKE, INC",1,FY2024_Q4
AMERICAN TOWER CORPORATION,1,FY2024_Q4
DATAECONOMY INC.,1,FY2024_Q4
"EASE SEATING SYSTEMS, INC.",1,FY2024_Q4
"THE EVOLVERS GROUP, L.P.",1,FY2024_Q4
AXIS SPECIALTY U.S. SERVICES INC,1,FY2024_Q4
INNOVATIONS DESIGN GROUP LLC,1,FY2024_Q4
"AVALIGN TECHNOLOGIES, INC.",1,FY2024_Q4
ESSITY HMS NORTH AMERICA INC,1,FY2024_Q4
BROAD U.S.A. INC.,1,FY2024_Q4
AMERICAN BATTERY SOLUTIONS INC.,1,FY2024_Q4
BEN HAMOU BENCHETRIT LAW GROUP LP,1,FY2024_Q4
HOWARD UNIVERSITY,1,FY2024_Q4
"SPEEDY PROS, INC.",1,FY2024_Q4
KEYSTONE RURAL HEALTH CENTER,1,FY2024_Q4
COAL MINE DRAGON J  V INC,1,FY2024_Q4
DA ZHONG WAH INC,1,FY2024_Q4
AUTO PROCARE LLC DBA FIRESTONE AUTO PROCARE,1,FY2024_Q4
BLUEJAY INTERNATIONAL TAX LLC,1,FY2024_Q4
AZ SOOKSTER LLC,1,FY2024_Q4
"B AND F WORLD INDUSTRIAL, INC.",1,FY2024_Q4
"BRITE  HARDWARE  AUTO PARTS, INC.",1,FY2024_Q4
"REXCROFT FARM, LLC",1,FY2024_Q4
"BOSTON MAX CONSTRUCTION, INC.",1,FY2024_Q4
E  A CONTRACTORS INC,1,FY2024_Q4
"SK DONUTS, INC.",1,FY2024_Q4
JACKSON FARMS,1,FY2024_Q4
EDIONI LLC,1,FY2024_Q4
KANTHAL CORPORATION,1,FY2024_Q4
GESTAMP MASON,1,FY2024_Q4
"HUGO BOSS FASHIONS, INC.",1,FY2024_Q4
CIMA BUILDERS LLC,1,FY2024_Q4
"FBG ENTERPRISES OPCO, LLC",1,FY2024_Q4
ADOREME,1,FY2024_Q4
CSI PROFESSIONALS INC.,1,FY2024_Q4
"MAGNUS SOLUTIONS GROUP, INC",1,FY2024_Q4
"WDYW333, INC.",1,FY2024_Q4
HEART 2 HEART  SENIOR OUTREACH OF SOUTH FLORIDA,1,FY2024_Q4
MAYA MANAGEMENT LLC,1,FY2024_Q4
WAKE FOREST UNIVERSITY HEALTH SCIENCES,1,FY2024_Q4
IGT SERVICE LLC,1,FY2024_Q4
"IRON FABRICATION SERVICES, INC.",1,FY2024_Q4
"DI OVERNITE, LLC",1,FY2024_Q4
KNOWLEDGE MANAGEMENT SERVICES LLC,1,FY2024_Q4
"CG INFINITY, INC.",1,FY2024_Q4
COWBOY WORLD CORP,1,FY2024_Q4
CENTRAL DYNAMICS LLC,1,FY2024_Q4
ALPHA OMEGA INTEGRATION,1,FY2024_Q4
HOLOCENE ADVISORS,1,FY2024_Q4
TOPLINE FURNITURE WAREHOUSE,1,FY2024_Q4
HANDEL ARCHITECTS LLP,1,FY2024_Q4
HUMPHREYS  PARTNERS ARCHITECTS LP,1,FY2024_Q4
"GMU GEOTECHNICAL, INC.",1,FY2024_Q4
GULF STATES ENGINEERING INC.,1,FY2024_Q4
PLUS POWER,1,FY2024_Q4
ACHRONIX SEMICONDUCTOR CORPORATION,1,FY2024_Q4
"OZISIK, PLLC",1,FY2024_Q4
THE CHILDREN IN THE SHOE,1,FY2024_Q4
COMPONENTI USA,1,FY2024_Q4
ACI WORLDWIDE EXPRESS CORP,1,FY2024_Q4
KEEAREE,1,FY2024_Q4
"PARADISE FOUND OF PANAMA CITY BEACH, INC.",1,FY2024_Q4
SCB HOUSEHOLD LLC,1,FY2024_Q4
JBC TOOLS USA INC,1,FY2024_Q4
"KIRBYSMITH MACHINERY, INC.",1,FY2024_Q4
DISCIPLES OF CHRIST CHURCH,1,FY2024_Q4
CHAD CAR CARE INC,1,FY2024_Q4
DAMIAN INC,1,FY2024_Q4
MEGAN PRATHER,1,FY2024_Q4
HM INFINITUM LLC,1,FY2024_Q4
"SHEPARDSON, STERN  KAMINSKY",1,FY2024_Q4
"NEURAFLASH, LLC",1,FY2024_Q4
"ALL TRANS CARGO, CORP.",1,FY2024_Q4
BRAND INDUSTRIAL SERVICES,1,FY2024_Q4
RAIN TECHNOLOGIES INC,1,FY2024_Q4
PALO APPAREL INC. DBA KIKIRIKI,1,FY2024_Q4
BAFF CONSULTANTS LLC,1,FY2024_Q4
"CARESTREAM HEALTH, INC.",1,FY2024_Q4
CREME REDONDO LLC,1,FY2024_Q4
"BELSTAR HOLDINGS, LLC",1,FY2024_Q4
MALIK ROOPANI LLC,1,FY2024_Q4
SOPHIE S ZHENG P.C.,1,FY2024_Q4
VALLES VENDIOLA LLP,1,FY2024_Q4
AIR SHUNT INSTRUMENTS INC,1,FY2024_Q4
COPERION,1,FY2024_Q4
ZIVRA LLC,1,FY2024_Q4
PROMETHEUM INC,1,FY2024_Q4
"SKYGEN USA, LLC",1,FY2024_Q4
NET FOOD INC,1,FY2024_Q4
"FORESCOUT TECHNOLOGIES, INC.",1,FY2024_Q4
"RECSOLU, INC DBA YELLO",1,FY2024_Q4
ERP NEW LEVEL TECHNOLOGIES INC,1,FY2024_Q4
ERIE INDEMNITY COMPANY,1,FY2024_Q4
CWC INTERNATIONAL INC.,1,FY2024_Q4
CREDIBLE LABS INC.,1,FY2024_Q4
EXYTE US INC,1,FY2024_Q4
INFINIDAT,1,FY2024_Q4
"R.W. SELBY  CO., INC.",1,FY2024_Q4
"CHAN ZUCKERBERG INITIATIVE, LLC",1,FY2024_Q4
SENTILINK CORP.,1,FY2024_Q4
PASSPORT LABS,1,FY2024_Q4
CHOREOGRAPH LLC  DBA GROUPM DATA  TECHNOLOGY,1,FY2024_Q4
BIZCLOUD ANALYTICS INC.,1,FY2024_Q4
CAFFEINE INC,1,FY2024_Q4
DART,1,FY2024_Q4
HORIZON ADVANCED SYSTEMS INC,1,FY2024_Q4
"ADJAYE ASSOCIATES ARCHITECTS, P.C.",1,FY2024_Q4
NOVA CHEMICALS INC.,1,FY2024_Q4
"PLANT PROCESS EQUIPMENT, INC",1,FY2024_Q4
"QUARTET ENGINEERS, PLLC",1,FY2024_Q4
GLOBALSTAR INC.,1,FY2024_Q4
"FORI AUTOMATION, INC",1,FY2024_Q4
FECHHEIMER BROTHERS COMPANY,1,FY2024_Q4
"UCHIYAMA MARKETING  DEVELOPMENT AMERICA, LLC",1,FY2024_Q4
FLEXNGATE ADVANCED PRODUCT DEVELOPMENT LLC,1,FY2024_Q4
"BIOREP TECHNOLOGIES, INC.",1,FY2024_Q4
"HALO PHARMACEUTICAL, INC",1,FY2024_Q4
WACHTEL MISSRY LLP,1,FY2024_Q4
TOPGOLF USA,1,FY2024_Q4
CEROS,1,FY2024_Q4
CORNERSTONE DENTISTRY HOLDINGS PLLC,1,FY2024_Q4
"PEDIATRICS PLUS THERAPY SERVICES, INC.",1,FY2024_Q4
"OHIO VALLEY PHYSICIANS, INC.",1,FY2024_Q4
"KIN SUSHI, INC.",1,FY2024_Q4
GROWLER AND GILL,1,FY2024_Q4
"ED MOGER RACING, INC.",1,FY2024_Q4
BENJAMIN BRANCH,1,FY2024_Q4
FUJI AMERICA CORP.,1,FY2024_Q4
MT ZION EXXON LLC #119,1,FY2024_Q4
UNITED GLOBAL SOLUTIONS LLC,1,FY2024_Q4
"ARCHITECTURAL HARDWARE SYSTEMS, INC.",1,FY2024_Q4
"D. TORR GENERAL CONTRACTORS, INC",1,FY2024_Q4
"JOHN BYRNE PAINTING, INC.",1,FY2024_Q4
CUSTOM METAL WORKS DESIGN CORP.,1,FY2024_Q4
"SHILLA PATISSERIE  CAFE, INC.",1,FY2024_Q4
FUNCTION INC.,1,FY2024_Q4
SPRINKLR,1,FY2024_Q4
AMERICAN SODA LLC,1,FY2024_Q4
MARINER NORTH LLC,1,FY2024_Q4
"VENTROP ENGINEERING CONSULTING GROUP, PLLC",1,FY2024_Q4
SOLVAY USA INC.,1,FY2024_Q4
"EOCELL, INC.",1,FY2024_Q4
C  G CONSTRUCTION SERVICES TRUST,1,FY2024_Q4
"BMK AMERICAS, LLC",1,FY2024_Q4
CLAIRE TONY TIGER INC,1,FY2024_Q4
"GREAT WAY TRADING  TRANSPORTATION, INC.",1,FY2024_Q4
"KONAIAN, INC.",1,FY2024_Q4
KEYPHASE INC,1,FY2024_Q4
SKY WEB NETWORK INC,1,FY2024_Q4
"GLOBAL WRAP ENVIRONMENTAL CONTAINMENTS, INC.",1,FY2024_Q4
PATHWAY VET ALLIANCE DBA THRIVE PET HEALTHCARE,1,FY2024_Q4
AURUM PROFESSIONAL GROUP LIMITED,1,FY2024_Q4
EDURO HEALTHCARE LLC,1,FY2024_Q4
"ONCOPEP, INC.",1,FY2024_Q4
TOWER BRIDGER INTERNATIONAL GROUP INC.,1,FY2024_Q4
SOUTHEAST CENTERS LLC,1,FY2024_Q4
"HIDDEN HARBOR CAPITAL MANAGEMENT, L.P.",1,FY2024_Q4
"ERGOTELES, LLC",1,FY2024_Q4
"CAST  CREW PAYROLL, LLC",1,FY2024_Q4
HYDRATION LABS INC.,1,FY2024_Q4
LEAF GROUP LTD.,1,FY2024_Q4
LIFEMINE THERAPEUTICS,1,FY2024_Q4
JONDON,1,FY2024_Q4
LEICA BIOSYSTEMS IMAGING,1,FY2024_Q4
MAPPED,1,FY2024_Q4
PI WORKS US INC.,1,FY2024_Q4
"FIELD NATION, LLC.",1,FY2024_Q4
"AMN HEALTHCARE, INC.",1,FY2024_Q4
"AMPERITY, INC.",1,FY2024_Q4
MANIFEST SOLUTIONS CORP,1,FY2024_Q4
"PALINDROME TECHNOLOGIES, INC.",1,FY2024_Q4
SAFETYPARK CORPORATION,1,FY2024_Q4
"THE WIMR GROUP, LLC DBA BEYOND THE HORIZON",1,FY2024_Q4
"GRIDSCAPE SOLUTIONS, INC.",1,FY2024_Q4
AEHR TEST SYSTEMS,1,FY2024_Q4
"K2A LLP, AKA K2A ARCHITECTURE  INTERIORS",1,FY2024_Q4
PHARMARON EXTON LAB SERVICES LLC,1,FY2024_Q4
FISH  RICHARDSON P.C.,1,FY2024_Q4
MARGARET WONG AND ASSOC LLC,1,FY2024_Q4
LOYOLA MARYMOUNT UNIVERSITY,1,FY2024_Q4
"HEALTHY START ED, INC. DBA DURHAM CHARTER SCHOOL",1,FY2024_Q4
WASHINGTON INTERNATIONAL SCHOOL,1,FY2024_Q4
PERKINS EASTMAN ARCHITECTS DPC,1,FY2024_Q4
URSTOP FOOD SERVICES,1,FY2024_Q4
BERLINS FOOD INC.,1,FY2024_Q4
VTC RESTAURANT CORP DBA TAVERNA MYKONOS,1,FY2024_Q4
LAI THAI CAFE,1,FY2024_Q4
LAKESIDE PHO INC,1,FY2024_Q4
"JOSE PEREIRA ENTERPRISES, INC.",1,FY2024_Q4
ADI KEDEM,1,FY2024_Q4
BORGWARNER TURBO SYSTEMS LLC,1,FY2024_Q4
"NICASA, NFP",1,FY2024_Q4
SUN MEDICAL CENTER LLC,1,FY2024_Q4
"ZONI LANGUAGE CENTER, INC",1,FY2024_Q4
"CAMENZIND AG, LLC",1,FY2024_Q4
DESTIN FRESH LLC,1,FY2024_Q4
JUYOUNG CORPORATION,1,FY2024_Q4
"ENOVATE MEDICAL, LLC",1,FY2024_Q4
INTERNATIONAL RAGS LTD,1,FY2024_Q4
TURBO DRILL INDUSTRIES INC.,1,FY2024_Q4
HEIGHTS FAMILY PRACTICE PLLC,1,FY2024_Q4
MOONPAY USA LLC,1,FY2024_Q4
"CHOIS INTERNTIONAL, INC.",1,FY2024_Q4
HESS INTERNATIONAL LLC,1,FY2024_Q4
DECEUNINCK NORTH AMERICA,1,FY2024_Q4
ASTRA GROUP LLC,1,FY2024_Q4
GFA ALABAMA INC,1,FY2024_Q4
"MEDSTAR SHAH MSO, LLC",1,FY2024_Q4
BOSTON OPTIMIZATION GROUP INC,1,FY2024_Q4
CHANEL,1,FY2024_Q4
AVIATION BRAKE SERVICE INC.,1,FY2024_Q4
"GREEN VILLAGE CONCRETE, INC.",1,FY2024_Q4
NEW ENGLAND GRANITE AND MARBLE INC.,1,FY2024_Q4
HOPE FOR HENRY FOUNDATION,1,FY2024_Q4
"EHAIR IMPORT, INC.",1,FY2024_Q4
"IL CREATION OF MARYLAND, INC.",1,FY2024_Q4
"IMPERVA, INC",1,FY2024_Q4
"NICUSA, INC.",1,FY2024_Q4
IMPERIO. INC.,1,FY2024_Q4
TCG DIGITAL SOLUTIONS LLC,1,FY2024_Q4
NSVS CONSULTING LLC,1,FY2024_Q4
"SEMANTICBITS, LLC",1,FY2024_Q4
CREATIVE GLOBAL CONSULTING LLC,1,FY2024_Q4
ELIXIR LAB USA INC,1,FY2024_Q4
IDENTITY AND  ACCESS SOLUTIONS LLC,1,FY2024_Q4
NEXTGEN HEALTHCARE INFORMATION SYSTEMS LLC,1,FY2024_Q4
INCORTA INC.,1,FY2024_Q4
NEARTEX LLC,1,FY2024_Q4
US FOODS,1,FY2024_Q4
COMPUTECH CORPORATION,1,FY2024_Q4
CENTRAL HUDSON GAS  ELECTRIC CORPORATION,1,FY2024_Q4
INNOVO COMMERCE LLC,1,FY2024_Q4
DYNAMIC IDEAS LLC,1,FY2024_Q4
"MOMENTUM EXTERIOR SYSTEMS, LLC",1,FY2024_Q4
DASSAULT FALCON JET CORP.,1,FY2024_Q4
"ALIGN COMMUNICATIONS, INC.",1,FY2024_Q4
MAGNIX,1,FY2024_Q4
"EUROFINS ELECTRICAL AND ELECTRONIC TESTING NA, INC",1,FY2024_Q4
JENSEN HUGHES,1,FY2024_Q4
"OWENS CORNING SALES, LLC",1,FY2024_Q4
DOW SILICONES CORPORATION,1,FY2024_Q4
"DARTRONICS, INC.",1,FY2024_Q4
HENRY PRATT CO. LLC,1,FY2024_Q4
"HYDRO, INC.",1,FY2024_Q4
NATIONAL MACHINERY LLC,1,FY2024_Q4
"YASKAWA AMERICA, INC.",1,FY2024_Q4
MHM SUPPORT SERVICES,1,FY2024_Q4
GREENPAC MILL LLC,1,FY2024_Q4
WALTERS  WOLF PRECAST,1,FY2024_Q4
ROBINSON PHARMA INC,1,FY2024_Q4
"CENTER FOR BREAKTHROUGH MEDICINES HOLDINGS, LLC",1,FY2024_Q4
CHEUNG KONG HOLDING INC,1,FY2024_Q4
KOACORE LLC,1,FY2024_Q4
HOLLISTON UNITED METHODIST CHURCH,1,FY2024_Q4
HAWK RIDGE CAPITAL MANAGEMENT LP,1,FY2024_Q4
PATTY PEQUENO REAL ESTATE LLC,1,FY2024_Q4
BASTYR UNIVERSITY,1,FY2024_Q4
CALIFORNIA LUTHERAN UNIVERSITY,1,FY2024_Q4
SILVER RIVER CONSERVATORY OF MUSIC,1,FY2024_Q4
"EST MEDIA HOLDINGS, INC.",1,FY2024_Q4
BIG SPACESHIP LLC,1,FY2024_Q4
"FUSEFX, INC.",1,FY2024_Q4
NEW STAR REALTY INC,1,FY2024_Q4
CHOW TENNIS ACADEMY INC.,1,FY2024_Q4
T1 ESPORTS US INC,1,FY2024_Q4
"HATHAWAY ROAD DENTAL, P.C.",1,FY2024_Q4
"UNIVERSITY PHYSICIANS  SURGEONS, INC.",1,FY2024_Q4
DARTMOUTHHITCHCOCK CLINIC,1,FY2024_Q4
DONALSONVILLE HOSPITAL INC,1,FY2024_Q4
ARMANDO BIACAN CARE HOME LLC,1,FY2024_Q4
MARIA FOOD SERVICE LLC,1,FY2024_Q4
KRAKEN SUSHI LLC,1,FY2024_Q4
69 LLC DBA OBA NOODLE BAR,1,FY2024_Q4
JS BAKERY INC.,1,FY2024_Q4
EXCEPTIONAL STAYS,1,FY2024_Q4
BRIAN TALLEY,1,FY2024_Q4
NIKKI M MIGLORE,1,FY2024_Q4
CHRISTINE RYU NAYA,1,FY2024_Q4
AMY JILLIAN EID,1,FY2024_Q4
MAMIS INC.,1,FY2024_Q4
IMAGE SOURCE INC,1,FY2024_Q4
H2EC INC.,1,FY2024_Q4
"SWEET PEACH WAX STUDIO, INC",1,FY2024_Q4
"ENI DIST, INC.",1,FY2024_Q4
AVANTIX DESIGN AND BUILD INC,1,FY2024_Q4
THE BEST VACATION HOMES,1,FY2024_Q4
GLOBAL GLASS INC,1,FY2024_Q4
"BRADS PRODUCE, LLC",1,FY2024_Q4
RAYMOND ARIAS CONSTRUCTION,1,FY2024_Q4
E C MARBLE TILES INC,1,FY2024_Q4
UPSTAY INC,1,FY2024_Q4
CLEANSTEAM INC.,1,FY2024_Q4
FARZIN R FARHAN DDS INC,1,FY2024_Q4
"NB TEAM CONSULTING, INC.",1,FY2024_Q4
"OMLOG USA, INC.",1,FY2024_Q4
GLMC GROUP LLC,1,FY2024_Q4
"EPLEX, INC.",1,FY2024_Q4
"NUFARM AMERICAS, INC.",1,FY2024_Q4
"VOICE  SCRIPT INTERNATIONAL, INC.",1,FY2024_Q4
PARADICE INVESTMENT MANAGEMENT LLC,1,FY2024_Q4
SUCRO CAN SOURCING LLC,1,FY2024_Q4
"VANTAGE DATA CENTERS MANAGEMENT COMPANY, LLC",1,FY2024_Q4
"FORMAN SHIPPING USA, INC.",1,FY2024_Q4
BNX SHIPPING INC.,1,FY2024_Q4
POWERPLAN,1,FY2024_Q4
ENOAH ISOLUTIONS INC.,1,FY2024_Q4
NOORA HEALTH,1,FY2024_Q4
SCIENTIFIC CHILDREN CORP DBA ENGINEERING FOR KIDS,1,FY2024_Q4
KVAROY SALMON USA INC,1,FY2024_Q4
"MERCATOR XXI, LLC",1,FY2024_Q4
NOOR CORPORATE LLC,1,FY2024_Q4
SNAPON INCORPORATED,1,FY2024_Q4
"KAMHASH, INC.",1,FY2024_Q4
"WAVE CAPITAL SOLUTIONS, INC.",1,FY2024_Q4
WOODLINE PARTNERS LP,1,FY2024_Q4
"BEYOND HOLDING US, LLC",1,FY2024_Q4
OPTUM VENTURE MANAGEMENT LLC,1,FY2024_Q4
PELOTON GROUP LLC,1,FY2024_Q4
CHECKR INC.,1,FY2024_Q4
"SKIMS BODY, INC",1,FY2024_Q4
EXCEL IT  EDU LLC,1,FY2024_Q4
HAMSITEK,1,FY2024_Q4
INVENTORY LOCATER SERVICE,1,FY2024_Q4
THE JBM GROUP LLC DBA JBM TECHNOLOGIES LLC,1,FY2024_Q4
"AMAZON USA ENTERPRISE, CORP.",1,FY2024_Q4
"CALM.COM, INC.",1,FY2024_Q4
"QUALITY IT SOURCE, LLC",1,FY2024_Q4
PROMETHIUM,1,FY2024_Q4
"WCG CLINICAL, INC.",1,FY2024_Q4
MRI SOFTWARE,1,FY2024_Q4
ENOVLAB INC.,1,FY2024_Q4
"IVOYANT, LLC",1,FY2024_Q4
SF GLOBAL HOLDING LLC,1,FY2024_Q4
DEEP FRAUD TECHNOLOGIES INC,1,FY2024_Q4
"ARCHITECTS ORANGE, LLP DBA AO",1,FY2024_Q4
SITE SOLUTIONS LLC,1,FY2024_Q4
MATTHEW REED DILLINGHAM DBA DILLINGHAM ASSOCIATES,1,FY2024_Q4
PELI BIOTHERMAL,1,FY2024_Q4
ALNYLAM US INC,1,FY2024_Q4
CJI PROCESS SYSTEMS INC,1,FY2024_Q4
"TOYODA GOSEI TEXAS, LLC",1,FY2024_Q4
"KOH YOUNG AMERICA, INC.",1,FY2024_Q4
"VINT  ASSOCIATES ARCHITECTS, INC.",1,FY2024_Q4
SENSIENT FLAVORS LLC,1,FY2024_Q4
"NAUTILUS BIOTECHNOLOGY, INC.",1,FY2024_Q4
PROTEOLOGIX US INC,1,FY2024_Q4
ROBERTS ROAD BIBLE CHURCH,1,FY2024_Q4
LONG BEACH ISLAMIC CENTER,1,FY2024_Q4
"CYBERTEX, INC.",1,FY2024_Q4
WENTWORTH INSTITUTE OF TECHNOLOGY,1,FY2024_Q4
FREMONT CHRISTIAN SCHOOL,1,FY2024_Q4
ALHAMBRA UNIFIED SCHOOL DISTRICT,1,FY2024_Q4
FERRIS INDEPENDENT SCHOOL DISTRICT,1,FY2024_Q4
Z  C GRAPEVINE INC DBA ARTHUR MURRAY DANCE STUDIO,1,FY2024_Q4
"U.S. TIGERS LEARNING CENTER II, INC.",1,FY2024_Q4
"ASHLEY USA, INC.",1,FY2024_Q4
"CCA CONSTRUCTION, INC.",1,FY2024_Q4
PERIO HEALTH INSTITUTE PACIFICRIM,1,FY2024_Q4
PHELPS COUNTY REGIONAL MEDICAL CENTER,1,FY2024_Q4
HUNTSVILLE RENAL CLINIC PC,1,FY2024_Q4
ARTESIA GENERAL HOSPITAL,1,FY2024_Q4
"SCENIC HOMES, INC. DBA PHOENICIA RESTAURANT",1,FY2024_Q4
"KIMMYS RESTAURANT  CARRYOUT, INC.",1,FY2024_Q4
"RESTAURANT SACHIKO, INC.",1,FY2024_Q4
CARPENTER HOUSE,1,FY2024_Q4
MAGDALENA A FOLTA,1,FY2024_Q4
MELANIE DUFFY,1,FY2024_Q4
BAMA TRADING LLC,1,FY2024_Q4
SEEDSTONE INC,1,FY2024_Q4
"OKEY SERVICES, LLC",1,FY2024_Q4
"COUNTY HEAT  AC, LLC",1,FY2024_Q4
D AND A CUSTOMS SERVICES INC,1,FY2024_Q4
MAYOWA OLUGBAMI DBA PINE MEDICAL TRANSPORTATION,1,FY2024_Q4
"IDEA GALLERY, INC.",1,FY2024_Q4
GLOBAL INTEGRATED MEDICAL GROUP INC.,1,FY2024_Q4
"OLIVER BEHAVIORAL CONSULTANTS, LLC",1,FY2024_Q4
SAW PATROL INC,1,FY2024_Q4
SLATE RESTORATION LLC,1,FY2024_Q4
MARIOS PLUMBING AND HEATING INC.,1,FY2024_Q4
DF AUTO COLLISION INC,1,FY2024_Q4
"UNITED FS WEST COAST, INC.",1,FY2024_Q4
PASTRIES BY RANDOLPH,1,FY2024_Q4
AWAN FOODS INC,1,FY2024_Q4
LION KING EXPRESS LLC,1,FY2024_Q4
"HORUS WATCH STRAPS, LLC",1,FY2024_Q4
"RISO, INC.",1,FY2024_Q4
HOME FASHION CENTER INC,1,FY2024_Q4
ADDICTIONS RECOVERY CENTER INC,1,FY2024_Q4
SHAHAAN GROUP LLC,1,FY2024_Q4
AGRICULTURAL BANK OF CHINA,1,FY2024_Q4
ILO NORTH AMERICA,1,FY2024_Q4
PACIFIC RACING ASSOCIATION,1,FY2024_Q4
ART DENTAL WORLD INC.,1,FY2024_Q4
"SUNSHINE CLEANING SERVICES OF BRADENTON, INC.",1,FY2024_Q4
"S2D2 PRODUCTIONS, INC. DBA ELEGANT EVENT LIGHTING",1,FY2024_Q4
GLOBAL LIFE TECHNOLOGIES CORP.,1,FY2024_Q4
SAGEHOME LLC,1,FY2024_Q4
RISING PHARMA HOLDINGS INC.,1,FY2024_Q4
"HYUNDAI GLOBAL SERVICE AMERICAS, CO., LTD.",1,FY2024_Q4
INFOCEPTS LLC,1,FY2024_Q4
"PHARMEDOC, INC.",1,FY2024_Q4
"E.W. MOON, INC.",1,FY2024_Q4
"LA SOLAR GROUP, INC.",1,FY2024_Q4
"ESSEX HYBRID SEED COMPANY, INC.",1,FY2024_Q4
"LEONARD C GREEN AND ASSOCIATES,A PROFESSIONAL CORP",1,FY2024_Q4
"SOLIDENERGY SYSTEMS, CORP.",1,FY2024_Q4
JIAMING INVESTMENT AMERICA GP LLC,1,FY2024_Q4
RECOMMERCE LLC,1,FY2024_Q4
UNITED BIOSOURCE LLC,1,FY2024_Q4
"NUVEEN SERVICES, LLC",1,FY2024_Q4
GLOBAL DATA SOLUTIONS INC,1,FY2024_Q4
ARMY CONSTRUCTION LLC,1,FY2024_Q4
"ALFA SERVICES USA, INC.",1,FY2024_Q4
"KOCH BUSINESS SOLUTIONS, LP",1,FY2024_Q4
"CARESIGNAL, LLC",1,FY2024_Q4
"SOLAE, LLC",1,FY2024_Q4
VERACITY CONSULTING,1,FY2024_Q4
"RICHLINE GROUP, INC.",1,FY2024_Q4
"ZENITH SERVICES, INC.",1,FY2024_Q4
"INHERENT TECHNOLOGIES, LLC",1,FY2024_Q4
ABERDEEN CAPTIONING INC.,1,FY2024_Q4
"AES CLEAN ENERGY SERVICES, LLC",1,FY2024_Q4
EFFICIO LLC,1,FY2024_Q4
SDC,1,FY2024_Q4
"UTOPUS INSIGHTS, INC.",1,FY2024_Q4
"PROSSER, INC.",1,FY2024_Q4
TETRA TECH,1,FY2024_Q4
"LINEAGE LOGISTICS, LLC",1,FY2024_Q4
"IRONCAD, LLC",1,FY2024_Q4
BE ELECTRONIX LLC DBA LPMS USA,1,FY2024_Q4
MAN ENERGY SOLUTIONS USA INC,1,FY2024_Q4
"CONSTELLIUM AUTOMOTIVE USA, LLC",1,FY2024_Q4
"ROBOVENT SOLUTIONS GROUP, INC.",1,FY2024_Q4
PLX INC,1,FY2024_Q4
SE CONSTRUCTION CORPORATION,1,FY2024_Q4
STEVANATO GROUP BALDA C BREWER,1,FY2024_Q4
"AMSPEC, LLC",1,FY2024_Q4
GENIUS TRAINER LLC,1,FY2024_Q4
THE CHARLOTTE MECKLENBURG HOSPITAL AUTHORITY DBA A,1,FY2024_Q4
LEROYS PHARMACY CORP DBA LEROY PHARMACY,1,FY2024_Q4
"SYROS PHARMACEUTICALS, INC.",1,FY2024_Q4
"ENTRY, INC.",1,FY2024_Q4
"EVERSAFE INSURANCE AGENCY, INC",1,FY2024_Q4
NYIS INC.,1,FY2024_Q4
"ACCESS DENTAL MANAGEMENT, LLC",1,FY2024_Q4
"ADELANTE HEALTHCARE, INC.",1,FY2024_Q4
SMILEBUILDERZ LLC,1,FY2024_Q4
ALBUQUERQUE HEALTH CARE FOR THE HOMELESS,1,FY2024_Q4
"JAMES AND HA JUNG KIM DDS, INC.",1,FY2024_Q4
TOMALTY DENTAL CARE HOLDINGS LLC,1,FY2024_Q4
ARSENIO PANOPIO JR,1,FY2024_Q4
ALMA GRILL LLC,1,FY2024_Q4
THAI TABLE INC.DBA TA RA RIN THAI CUISINE,1,FY2024_Q4
JALALABAD ENTERPRISE INC DBA DESI SPICE,1,FY2024_Q4
"TURKAN, LLC",1,FY2024_Q4
GUILIN RESTAURANT,1,FY2024_Q4
KMB INC.,1,FY2024_Q4
DOTTEREL LLC,1,FY2024_Q4
3D NAILS  SPA LLC,1,FY2024_Q4
IPP MANAGEMENT CORPORATION,1,FY2024_Q4
"COMMONWEALTH MOTOR, INC.",1,FY2024_Q4
TELNYX LLC,1,FY2024_Q4
"AISM, INC.",1,FY2024_Q4
EQUINOX SOLUTIONS CORP,1,FY2024_Q4
LUKE SUL D.D.S. INC.,1,FY2024_Q4
"WHEN FLOWERS BLOOM, INC.",1,FY2024_Q4
"SKY LAM, INC.",1,FY2024_Q4
INVERSIONES AVI AMERICA LLC,1,FY2024_Q4
POWERTRANS FREIGHT SYSTEMS INC,1,FY2024_Q4
"ROBERT HAY FARMS, INC.",1,FY2024_Q4
HOOK RANCH,1,FY2024_Q4
RRR FARMS,1,FY2024_Q4
"JOHN GUIDRY FARMS, LLC",1,FY2024_Q4
ARCO CONSTRUCTION INC,1,FY2024_Q4
"BOCANISS,LLC",1,FY2024_Q4
"SPRIS MIDTOWN, LLC",1,FY2024_Q4
"DANTE CONSULTING, INC.",1,FY2024_Q4
XOMOX PFT CORP.,1,FY2024_Q4
WACKER CHEMICAL CORPORATION,1,FY2024_Q4
"CREDITNINJA LENDING, LLC",1,FY2024_Q4
"8X8, INC.",1,FY2024_Q4
"MGM RESORTS INTERNATIONAL, INC.",1,FY2024_Q4
"PUNCHH, INC.",1,FY2024_Q4
"LAUREL VALLEY FARMS, INC.",1,FY2024_Q4
"CEMEX SOUTHEAST, LLC",1,FY2024_Q4
KENTZ USA INC.,1,FY2024_Q4
OPEN ARMS HOUSING,1,FY2024_Q4
HOYNE SUITES LLC,1,FY2024_Q4
"ROCHE DIAGNOSTICS OPERATIONS, INC.",1,FY2024_Q4
EVERYTHING CREATIVE DESIGNS,1,FY2024_Q4
"PUYALLUP FOOD CENTER, INC.",1,FY2024_Q4
SOS MOVING LLC,1,FY2024_Q4
"SPAULDING CLINICAL RESEARCH, LLC",1,FY2024_Q4
"BAILY INTERNATIONAL OF ATLANTA, INC.",1,FY2024_Q4
LERION GROUP LLC,1,FY2024_Q4
ATA STEEL CORP,1,FY2024_Q4
MIDSTATE CONSTRUCTION CORPORATON,1,FY2024_Q4
"NEW MILANI GROUP, LLC",1,FY2024_Q4
"QVC, INC.",1,FY2024_Q4
ECOM DEPARTMENT LLC,1,FY2024_Q4
ISUZU NORTH AMERICA CORPORATION,1,FY2024_Q4
"GINGER.IO, INC",1,FY2024_Q4
SHANGHAI SHENDA AMERICA LLC,1,FY2024_Q4
"VINCENT HUANG AND ASSOCIATES, LLC",1,FY2024_Q4
HC INSURANCE AGENCY,1,FY2024_Q4
"JANASHATON, LLC",1,FY2024_Q4
TRANSATLANTIC REINSURANCE CO.,1,FY2024_Q4
CORE MOLDING TECHNOLOGIES,1,FY2024_Q4
"DIAMOND REALTY INVESTMENTS, INC.",1,FY2024_Q4
"ROE VISUAL US, INC.",1,FY2024_Q4
LEADSMARKET.COM LLC,1,FY2024_Q4
"AUTOMATION HOLDINGS, LLC",1,FY2024_Q4
ADVENT INTERNATIONAL,1,FY2024_Q4
OCEAN CARGO EXPRESS LLC,1,FY2024_Q4
MACQUARIE AMERICA SERVICES INC.,1,FY2024_Q4
WEISS ASSET MANAGEMENT LP,1,FY2024_Q4
"SUNRISE FUTURES, LLC",1,FY2024_Q4
"APTYS SOLUTIONS, LLC",1,FY2024_Q4
"SECURLY, INC",1,FY2024_Q4
CONTEC AMERICAS INC,1,FY2024_Q4
"SILICON SPECTRA, INC.",1,FY2024_Q4
"VERATO, INC.",1,FY2024_Q4
GENERAL DEVICES LLC DBA GD,1,FY2024_Q4
ARKSTEK,1,FY2024_Q4
GRADELINK CORPORATION,1,FY2024_Q4
"SLIQ INFORMATION TECHNOLOGIES, INC.",1,FY2024_Q4
"WEBSHARE SOFTWARE, COMPANY",1,FY2024_Q4
TA INSTRUMENTS  WATERS LLC,1,FY2024_Q4
SOFTWAY SOLUTIONS INC.,1,FY2024_Q4
"MFGX, LLC",1,FY2024_Q4
"ARROW ENTERPRISE COMPUTING SOLUTIONS, INC.",1,FY2024_Q4
CHRISTUS HEALTH,1,FY2024_Q4
DECALOGUE INC,1,FY2024_Q4
"DE NORA TECH, LLC",1,FY2024_Q4
"M S INTERNATIONAL, INC.",1,FY2024_Q4
APLOS AMERICA INC,1,FY2024_Q4
"COLLECTORS UNIVERSE, INC.",1,FY2024_Q4
BALBEC CAPITAL LP,1,FY2024_Q4
EDITORIALIST YX,1,FY2024_Q4
BNSF RAILWAY COMPANY,1,FY2024_Q4
SUNNEST SERVICES LLC,1,FY2024_Q4
"THE WEBSTAURANT STORE, INC.",1,FY2024_Q4
"SCHNEIDER NATIONAL CARRIERS, INC.",1,FY2024_Q4
"RESONATE NETWORKS, INC.",1,FY2024_Q4
"CORUS SYSTEMS  CONSULTING, INC",1,FY2024_Q4
PROSKAUER ROSE LLP,1,FY2024_Q4
ANDREW C. CHEN DBA TECTONICS,1,FY2024_Q4
"MK STRATEGIC ADVISORS, LLC",1,FY2024_Q4
TOMORROW WATER,1,FY2024_Q4
"COLLINS STRUCTURAL CONSULTING, PLLC",1,FY2024_Q4
"STRAND SYSTEMS ENGINEERING, INC.",1,FY2024_Q4
XL CONSTRUCTION LLC,1,FY2024_Q4
VANGUARD ELECTRIC LLC,1,FY2024_Q4
"AMERICOLD LOGISTICS, LLC",1,FY2024_Q4
"GLOBAL PATENT SOLUTIONS, LLC",1,FY2024_Q4
"CONTROLLED AIR, INC",1,FY2024_Q4
NATIONAL REFRIGERATION  AIR CONDITIONING PRODUCTS,1,FY2024_Q4
ARQUIDEK 3 LLC,1,FY2024_Q4
"149 BIO, LLC",1,FY2024_Q4
"SAFC, INC.",1,FY2024_Q4
STIRA PHARMACEUTICALS LLC,1,FY2024_Q4
SIKA CORPORATION,1,FY2024_Q4
CLEARFORK ACADEMY,1,FY2024_Q4
BLOOM PSYCHOTHERAPY NYC,1,FY2024_Q4
SHEARMAN  STERLING LLP,1,FY2024_Q4
MILLIGAN UNIVERSITY,1,FY2024_Q4
CREATIVE MINDS ACADEMY LLC,1,FY2024_Q4
LOOMIS INSTITUTE,1,FY2024_Q4
"WEST CHESTER ACADEMY OF MUSIC, INC.",1,FY2024_Q4
SINVIN REALTY LLC,1,FY2024_Q4
CURVE US INC,1,FY2024_Q4
"HATCH BABY, INC.",1,FY2024_Q4
"DECORMATTERS, INC.",1,FY2024_Q4
"NEW CYBERIAN SYSTEMS, INC.",1,FY2024_Q4
WHITLOCK DESIGN GROUP,1,FY2024_Q4
"CP DESIGN, INC.",1,FY2024_Q4
ATT WEST PINES INC,1,FY2024_Q4
BLINDBIT LLC,1,FY2024_Q4
BROWNFIELD DENTAL,1,FY2024_Q4
"YI JULIA YANG, DDS, P.C.",1,FY2024_Q4
RMC RESIDENTIAL CARE HOME II,1,FY2024_Q4
"CROWN ASSISTED LIVING, LLC",1,FY2024_Q4
SUPREME HOMECARE AGENCY OF NY INC  NU HOMECARE,1,FY2024_Q4
ACADEMIC MEDICAL RESEARCH INSTITUTE,1,FY2024_Q4
MIDTOWN SHANGRILA INC,1,FY2024_Q4
WAKE ME UP INC.,1,FY2024_Q4
SERKAN CENGIZ LLC,1,FY2024_Q4
EMILY FUKUNAGA LLC,1,FY2024_Q4
THE GURKHA KITCHEN,1,FY2024_Q4
DANDAN ZHU INC,1,FY2024_Q4
"BALTIMORE FOODS, INC.",1,FY2024_Q4
"BONCHON AMERICA, INC.",1,FY2024_Q4
"28863 ROADSIDE DRIVE, LLC",1,FY2024_Q4
"FORT WASHINGTON INVESTMENT, INC.",1,FY2024_Q4
HAWKERS FIVE POINTS,1,FY2024_Q4
DOWNTOWN POOLS,1,FY2024_Q4
CINDY VO CORPORATION,1,FY2024_Q4
ABBY LIEVENSE,1,FY2024_Q4
UPTOWN BEAUTY JJ CO.,1,FY2024_Q4
AMEX FOOD  DELI,1,FY2024_Q4
ARBOR PLACE JEWELERS LLC,1,FY2024_Q4
ELEGANT INC,1,FY2024_Q4
DANIELI TARANIS LLC,1,FY2024_Q4
TELECON DESIGN USA INC.,1,FY2024_Q4
ATLANTA WEST CARPETS,1,FY2024_Q4
ADMON LAW FIRM PLLC,1,FY2024_Q4
"BLUE HERON INSIGHTS, LLC",1,FY2024_Q4
VCA ENGINEERS INC,1,FY2024_Q4
FRANK F DYCK,1,FY2024_Q4
MCZ,1,FY2024_Q4
ADVANCED TECHNOLOGY CONSTRUCTION CORPORATION,1,FY2024_Q4
DIGIORGI ROOFING  SIDING INC,1,FY2024_Q4
MAISON BLEU DESIGN 3,1,FY2024_Q4
"PRO RECONSTRUCTION EXPERTS, INC.",1,FY2024_Q4
"ULTIMA MOBILE BOTTLING, INC.",1,FY2024_Q4
JSC WORLD INC,1,FY2024_Q4
"BIMBIN TRADERS, INC.",1,FY2024_Q4
RAINTANK INC. DBA GRAFANA LABS,1,FY2024_Q4
ELIZABETH ARDEN INC.,1,FY2024_Q4
"AMERICOR FUNDING, INC.",1,FY2024_Q4
"INAMERICAEDU, LLC",1,FY2024_Q4
"BACKCOUNTRY.COM, LLC",1,FY2024_Q4
"CROSSCUT VENTURES MANAGEMENT, LLC",1,FY2024_Q4
"AMBER SERVICES NA, LLC",1,FY2024_Q4
"WEST CONSTRUCTION, INC.",1,FY2024_Q4
PLATINUM SHARED SERVICES LLC,1,FY2024_Q4
PNW LIMITLESS BUILDERS LLP,1,FY2024_Q4
"VHERNIER USA, LLC",1,FY2024_Q4
LACIRE LLC,1,FY2024_Q4
REACH INTERNATIONAL INC,1,FY2024_Q4
"GAMMA HOLDINGS, LLC",1,FY2024_Q4
SS DRUGS INC,1,FY2024_Q4
MERELEX CORPORATION DBA AMERICAN ELEMENTS,1,FY2024_Q4
STYLE KHAN LLC,1,FY2024_Q4
OZTURK FAMILY INC,1,FY2024_Q4
E.A. GIBSON HOUSTON INC.,1,FY2024_Q4
KYUNGSHIN CABLE INTERNATIONAL CORPORATION,1,FY2024_Q4
"OUTPATIENT MEDICAL CENTER, INC.",1,FY2024_Q4
"RAY ALLEN, INC",1,FY2024_Q4
RANDEL SOLUTIONS LLC,1,FY2024_Q4
MFOUR MOBILE RESEARCH,1,FY2024_Q4
"SOLIS INDUSTRIES, LLC",1,FY2024_Q4
AMF WORLD ENTERPRISE INC.,1,FY2024_Q4
SPJ TEXAS HOLDINGS LLC,1,FY2024_Q4
"CASILLERO Y ENVIOS MIAMI, LLC",1,FY2024_Q4
"AUSTRIA  ASSOCIATES PT, INC.",1,FY2024_Q4
BEACH TYREX LLC,1,FY2024_Q4
S.F. EXPRESS CORPORATION,1,FY2024_Q4
"LYDIA H. WONG, CPA, INC.",1,FY2024_Q4
KIDZ BIZ INC. DBA MONTESSORI SCHOOL OF ENCINITAS,1,FY2024_Q4
"PROCOM ENGINEERING,INC.",1,FY2024_Q4
"TIGHE, KRESS AND ORR, PC",1,FY2024_Q4
"FIN VENTURE CAPITAL MANAGEMENT, LLC",1,FY2024_Q4
HOMEFED CORPORATION,1,FY2024_Q4
"PARALLAX VOLATILITY ADVISERS, LP",1,FY2024_Q4
SANCUS CAPITAL MANAGEMENT LP,1,FY2024_Q4
BLOOMBERG INDEX SERVICES LIMITED,1,FY2024_Q4
DRIVESTREAM,1,FY2024_Q4
"BUZZ SOLUTIONS, INC.",1,FY2024_Q4
BOWMAN AND ASSOCIATES LLC,1,FY2024_Q4
MACYS MERCHANDISING CORPORATION,1,FY2024_Q4
GL SOLUTIONS INC,1,FY2024_Q4
"ROOSTIFY, INC.",1,FY2024_Q4
SPENCER SHOW EVENTS LLC,1,FY2024_Q4
STAR ESTHETIC DENTAL STUDIO,1,FY2024_Q4
MSI CREDIT SOLUTIONS,1,FY2024_Q4
"NABLE TECHNOLOGIES, INC",1,FY2024_Q4
"MTSS GROUP, INC.",1,FY2024_Q4
SAKS  COMPANY LLC,1,FY2024_Q4
"EMERSON DIGITAL COLD CHAIN, INC.",1,FY2024_Q4
"VERITY SOLUTIONS GROUP, INC",1,FY2024_Q4
"OSI ENGINEERING, INC.",1,FY2024_Q4
SURF BREAK ENTERTAINMENT INC,1,FY2024_Q4
"LIGHTFORCE ORTHODONTICS, INC.",1,FY2024_Q4
SENSEBRAIN TECHNOLOGY LIMITED LLC,1,FY2024_Q4
"REACHMOBI, INC.",1,FY2024_Q4
"EMBLEMATIC TECH SOLUTIONS, LLC",1,FY2024_Q4
"REVA CONSULTING, INC.",1,FY2024_Q4
"MYPIZZA TECHNOLOGIES, INC. DBA SLICE",1,FY2024_Q4
"ADVANSYS, INC",1,FY2024_Q4
CONSIGA TECHNOLOGIES INC.,1,FY2024_Q4
"GARAHM GROUP, INC.",1,FY2024_Q4
BLUE PLANET INC,1,FY2024_Q4
AMERICAN ONCOLOGIC HOSPITAL DBA FOX CHASE CANCER,1,FY2024_Q4
BROAD INSTITUTE,1,FY2024_Q4
"MAHLUM ARCHITECTS, INC.",1,FY2024_Q4
"BOGIA ENGINEERING, INC.",1,FY2024_Q4
"MAKS ENGINEERS, PC",1,FY2024_Q4
"CALCITY CONSTRUCTION, INC.",1,FY2024_Q4
NYCMC CORP,1,FY2024_Q4
BOSCAN CONSTRUCTION LLC,1,FY2024_Q4
BETACOM INCORPORATED,1,FY2024_Q4
"EMPIRE PROPERTY MANAGEMENT  DEVELOPMENT, LLC",1,FY2024_Q4
ENFABRICA CORPORATION,1,FY2024_Q4
JOY GLOBAL UNDERGROUND MINING LLC,1,FY2024_Q4
SETCO SALES COMPANY,1,FY2024_Q4
"SUPERIOR INDUSTRIES, INC",1,FY2024_Q4
PAI INDUSTRIES,1,FY2024_Q4
"PET DOORS U.S.A., INC.",1,FY2024_Q4
CHEWIE LABS INC.,1,FY2024_Q4
SOH WIND ENGINEERING LLC,1,FY2024_Q4
"HHCP, INC.",1,FY2024_Q4
BONG TRADING INC,1,FY2024_Q4
BIOHELIX CORPORATION,1,FY2024_Q4
ANTHEIA,1,FY2024_Q4
"CEPTER BIOPARTNERS, LLC",1,FY2024_Q4
ADVANCED MEDICAL PHYSICS,1,FY2024_Q4
BOSTON ANALYTICAL INC,1,FY2024_Q4
CAPSIDA BIOTHERAPEUTICS INC.,1,FY2024_Q4
BRIACELL THERAPEUTICS CORP.,1,FY2024_Q4
"IDX20, INC",1,FY2024_Q4
CATALYST COUNSELING,1,FY2024_Q4
"C.E. LANG, LLC DBA LANG WALLACE, LLC",1,FY2024_Q4
NEW YORK UNIVERSITY,1,FY2024_Q4
CARSON NEWMAN UNIVERSITY,1,FY2024_Q4
"MUSIC MAKER ACADEMY, INC",1,FY2024_Q4
NOOMIE LLC,1,FY2024_Q4
AMERICAN READING COMPNAY,1,FY2024_Q4
BRAZILTEXAS CHAMBER OF COMMERCE,1,FY2024_Q4
ANDREWS UNIVERSITY,1,FY2024_Q4
APOLINAR MADRIGAL DDS PC,1,FY2024_Q4
JACQUELINE KOTULA DDS INC,1,FY2024_Q4
SHAVE DENTAL,1,FY2024_Q4
CASS COUNTY MEMORIAL HOSPITAL,1,FY2024_Q4
DR ASH LAKEHIGHLANDS PLLC,1,FY2024_Q4
CA CHINESE KITCHEN LLC,1,FY2024_Q4
LONZOS BREAD  PERUVIAN EATERY,1,FY2024_Q4
BUBAMARA LLC DBA CAFE BUBAMARA,1,FY2024_Q4
MEAT MARKET TAMPA,1,FY2024_Q4
ITALYDEA CORP. DBA CIAO AMMORE TRATTORIA,1,FY2024_Q4
TARIQ FARID,1,FY2024_Q4
"HARVER USA, LLC",1,FY2024_Q4
"I  B RESTAURANT, LLC DBA R DINER",1,FY2024_Q4
KATHMANDU RESTAURANT II,1,FY2024_Q4
NOSHI SUSHI CORPORATION,1,FY2024_Q4
GOOD SEEDS GROUP LLC,1,FY2024_Q4
3 DUDES 1 DREAM ENTERPRISE INC.,1,FY2024_Q4
"ORIENTAL HAWKERS, LLC",1,FY2024_Q4
THREE AND ONE GROUP LLC,1,FY2024_Q4
SIMPLY SPRINKLER OF TEXAS LLC,1,FY2024_Q4
TOTAL BUILDING SERVICE INC.,1,FY2024_Q4
FAIRMOUNT PLAYSCHOOL INC,1,FY2024_Q4
JOEL MAZA,1,FY2024_Q4
MATTHEW DRAPER,1,FY2024_Q4
MOMS 8 ENTERPRISES INC,1,FY2024_Q4
"AENA ENTPRISES, INC DBA TEXACO FOOD MART",1,FY2024_Q4
STUDIOKAZA MOBILI LLC,1,FY2024_Q4
STC FOOD INC,1,FY2024_Q4
"HYE CLASS AUTO PLUS, INC.",1,FY2024_Q4
KIMMEL ORCHARD  VINEYARD EDUCATIONAL FOUNDATION,1,FY2024_Q4
ANTONIA CANERO P.A.,1,FY2024_Q4
MAUI AUTO CARE LLC,1,FY2024_Q4
MMB LOGISTICS LLC,1,FY2024_Q4
OT LLC,1,FY2024_Q4
KEESECKER AGRI BUSINESS INC,1,FY2024_Q4
BRYANT GOSSEN DBA BRYANT GOSSEN FARMS,1,FY2024_Q4
"MONARC CONSTRUCTION, INC.",1,FY2024_Q4
ROYAL ELECTRIC CO,1,FY2024_Q4
MATHEW PRO DECORATING  RENOVATIONS INC,1,FY2024_Q4
BOSSONG HOSIERY MILLS INC.,1,FY2024_Q4
"HI GALLERY, INC",1,FY2024_Q4
BUDS LLC,1,FY2024_Q4
RG EXPRESS LOGISTICS INC,1,FY2024_Q4
"DREAM 5, INC. DBA THE COBBLERS USA, INC.",1,FY2024_Q4
"DISTRICT SCHEDULING CONSULTANTS, LLC",1,FY2024_Q4
"DOOWON REFRIGERATION ALABAMA, INC.",1,FY2024_Q4
ELEMENTL,1,FY2024_Q4
VISIR INC.,1,FY2024_Q4
WABI SABI DBA SELF EDGE,1,FY2024_Q4
"MARKETING AND SALES ASSOCIATED SERVICES, INC.",1,FY2024_Q4
BEST PRICE MATTRESS,1,FY2024_Q4
"JPN MART, INC.",1,FY2024_Q4
ANNA HU LLC DBA ANNA HU HAUTE JOAILLERIE,1,FY2024_Q4
UNIVISION MANAGEMENT COMPANY,1,FY2024_Q4
"SQUARE FINANCIAL SERVICES, INC.",1,FY2024_Q4
DEMIDCHIK LAW FIRM,1,FY2024_Q4
"CHINESE BIBLE CHURCH INTERNATIONAL, INC.",1,FY2024_Q4
"HONGFENG US SERVICES, CORP.",1,FY2024_Q4
THE J. DAVID GLADSTONE INSTITUTES,1,FY2024_Q4
ATENTO CAPITAL LLC,1,FY2024_Q4
TOWERBROOK CAPITAL PARTNERS L.P.,1,FY2024_Q4
"CREDIT SUISSE ASSET MANAGEMENT, LLC",1,FY2024_Q4
INTRACORP NW LLC,1,FY2024_Q4
CONGRUENT SOLUTIONS INC,1,FY2024_Q4
SORINT.LAB US INC.,1,FY2024_Q4
MAVRO AND ASPRO COMPANY,1,FY2024_Q4
"TSR CONSULTING SERVICES, INC.",1,FY2024_Q4
FIRST ADVANTAGE BACKGROUND SERVICES CORP.,1,FY2024_Q4
IBASIS IOT US LLC,1,FY2024_Q4
"DATA DIMENSIONS, LLC",1,FY2024_Q4
SUFFOLK CONSTRUCTION,1,FY2024_Q4
GEMINI HEALTH LLC,1,FY2024_Q4
"TECHNUF, LLC",1,FY2024_Q4
COMMON LIVING INC.,1,FY2024_Q4
SUNOVION PHARMACEUTICALS INC.,1,FY2024_Q4
"COINDESK INDICES, INC.",1,FY2024_Q4
"OLD DOMINION FREIGHT LINE, INC.",1,FY2024_Q4
"MUTEX SYSTEMS, INC",1,FY2024_Q4
"TRUU, INC.",1,FY2024_Q4
TECHAPEX SOLUTIONS INC,1,FY2024_Q4
WILLDAN LIGHTING AND ELECTRIC INC,1,FY2024_Q4
INSITE AI,1,FY2024_Q4
KAYAK SOFTWARE CORPORATION,1,FY2024_Q4
THE REDEEMED CHRISTIAN CHURCH OF GOD VICTORY TEMP,1,FY2024_Q4
"JOSEPH J. ALBANESE, INC.",1,FY2024_Q4
DE CORP DBA DEC,1,FY2024_Q4
"BF CONTRACTING, INC.",1,FY2024_Q4
CONCRETE SAFETY SYSTEMS LLC,1,FY2024_Q4
"TAYLOR  SYFAN CONSULTING ENGINEERS, INC.",1,FY2024_Q4
KPFF,1,FY2024_Q4
THE GOODMAN CORPORATION,1,FY2024_Q4
"EDF TRADING NORTH AMERICA, LLC",1,FY2024_Q4
"ANGUIL ENVIRONMENTAL SYSTEMS, INC",1,FY2024_Q4
EATON AEROQUIP LLC,1,FY2024_Q4
APOLLO AUTONOMOUS DRIVING USA LLC,1,FY2024_Q4
FIRST CO.,1,FY2024_Q4
"VALSOURCE, INC.",1,FY2024_Q4
PILNET,1,FY2024_Q4
LAW OFFICES OF BIN LI  ASSOCIATES,1,FY2024_Q4
"JOHNSON C. SMITH UNIVERSITY, INCORPORATED",1,FY2024_Q4
CARLETON COLLEGE,1,FY2024_Q4
UNIVERSITY OF DUBUQUE,1,FY2024_Q4
SIOUX FALLS SCHOOL DISTRICT 495,1,FY2024_Q4
"LATHAM DANCE STUDIO, INC DBA FRED ASTAIRE DANCE ST",1,FY2024_Q4
AIRTIME MEDIA INC,1,FY2024_Q4
DREAMCRAFT ENTERTAINMENT INC.,1,FY2024_Q4
BHUVI IT SOLUTIONS,1,FY2024_Q4
ART BY GOD INC,1,FY2024_Q4
SIGNATURE CABINETRY LLC,1,FY2024_Q4
THE TASC GROUP,1,FY2024_Q4
WILLIAMS DRUG LLC,1,FY2024_Q4
SOUTHERN ILLINOIS UNIVERSITY SCHOOL OF MEDICINE,1,FY2024_Q4
UNION COMMUNITY HEALTH CENTER,1,FY2024_Q4
USA HEALTH CARE AUTHORITY,1,FY2024_Q4
NEW ENGLAND DENTAL ASSOCIATES LLC,1,FY2024_Q4
CHEF POINT LLC,1,FY2024_Q4
"BBR FRIENDS, LLC",1,FY2024_Q4
"BIONEW BISTRO, LLC DBA KITCHEN MASTER BISTRO",1,FY2024_Q4
CHINESE FLAVORS LLC,1,FY2024_Q4
DANBI FAMILY INC,1,FY2024_Q4
TARYN R HASELHUHN,1,FY2024_Q4
VIDEO CORAL INC,1,FY2024_Q4
COLT INTERNET US CORP,1,FY2024_Q4
KAP FUEL,1,FY2024_Q4
DOCUMENT PLANET INC,1,FY2024_Q4
"CSG  CAPITAL SERVICES GROUP, INC.",1,FY2024_Q4
CMCC INTERNATIONAL CORP,1,FY2024_Q4
COVID SOLUTIONS LLC,1,FY2024_Q4
LUX BEAUTY SUPPLIES LLC,1,FY2024_Q4
J AND A FARMS,1,FY2024_Q4
TOOLMAG CORPORATION,1,FY2024_Q4
DAEJIN ADVANCED MATERIALS SOLUTIONS LLC,1,FY2024_Q4
DOIT INTERNATIONAL USA INC,1,FY2024_Q4
"BDO DIGITAL, LLC",1,FY2024_Q4
CONTENTSQUARE,1,FY2024_Q4
"DIDTECHNOLOGY, INC.",1,FY2024_Q4
BOTANICA,1,FY2024_Q4
CONNECTURE INC. A HARRIS COMPANY,1,FY2024_Q4
"AMC TRUCKING, LLC",1,FY2024_Q4
WAREHAM PIZZA COMPANY INC.,1,FY2024_Q4
"CREATIVE MARKET LABS, INC",1,FY2024_Q4
MP AUTOMARKET,1,FY2024_Q4
"WYND TECHNOLOGIES, INC",1,FY2024_Q4
"TIMOTION USA, INC.",1,FY2024_Q4
"JEFF PICKERING, CPA",1,FY2024_Q4
"KEYLESS.CO, LLC",1,FY2024_Q4
"AC EXPORT, LLC",1,FY2024_Q4
ZMR CAPITAL LLC,1,FY2024_Q4
"ALVAREZ  MARSAL TRANSACTION ADVISORY GROUP, LLC",1,FY2024_Q4
VISITING NURSE SERVICE OF NEW YORK DBA VNS HEALTH,1,FY2024_Q4
"CHOICE MERCHANT SOLUTIONS, LLC.",1,FY2024_Q4
SAFRAN USA,1,FY2024_Q4
"ZYTUS,INC",1,FY2024_Q4
ECONOTEL CORPORATION DBA VIRFON,1,FY2024_Q4
ZOHO CORPORATION,1,FY2024_Q4
"COLLABRALINK TECHNOLOGIES, INC.",1,FY2024_Q4
"PAGER, INC.",1,FY2024_Q4
WISDOM USA INC,1,FY2024_Q4
COMMERCECX INC,1,FY2024_Q4
ISPECIMEN INC.,1,FY2024_Q4
WOLTERS KLUWER RD U.S. LP,1,FY2024_Q4
WESPOTHIRE LLC,1,FY2024_Q4
APPNET GLOBAL INC,1,FY2024_Q4
"ART.SY, INC.",1,FY2024_Q4
SHIFT TECHNOLOGY INC.,1,FY2024_Q4
MORPHOSYS US INC.,1,FY2024_Q4
"LIVEINTENT, INC",1,FY2024_Q4
"YUMMY, INC.",1,FY2024_Q4
INTEGRUS ARCHITECTURE P.S.,1,FY2024_Q4
MAY CONSTRUCTION GROUP INC.,1,FY2024_Q4
"CRESCENT VIEW ENGINEERING, LLC",1,FY2024_Q4
"PCE TECHNOLOGY, INC.",1,FY2024_Q4
"ARCH CUTTING TOOLS  LATROBE, LLC",1,FY2024_Q4
IIVI INCORPORATED,1,FY2024_Q4
"DOUGLAS C. WRIGHT ARCHITECT, P.C.",1,FY2024_Q4
LINEAIRE DESIGN LLC,1,FY2024_Q4
"BETTERUP, INC.",1,FY2024_Q4
"OCP NORTH AMERICA, INC.",1,FY2024_Q4
ARKANSAS STATE UNIVERSITY,1,FY2024_Q4
UNIVERSITY OF OKLAHOMA HEALTH SCIENCES CENTER,1,FY2024_Q4
LAKES INTERNATIONAL LANGUAGE ACADEMY,1,FY2024_Q4
DAYBREAK UNIVERSITY,1,FY2024_Q4
DIGITAL SCIENTISTS LLC,1,FY2024_Q4
"LUSSO, INC.",1,FY2024_Q4
DENTAL PROFESSIONALS OF SOUTH CAROLINA PC,1,FY2024_Q4
"LOWELL COMMUNITY HEALTH CENTER, INC",1,FY2024_Q4
"HOSPITAL MEDICINE SERVICES OF TENNESSEE, PC",1,FY2024_Q4
"BON HOMIE SARATOGA, INC",1,FY2024_Q4
"ASTER GARDEN CARE HOME, INC",1,FY2024_Q4
"THAI CATER, INC.",1,FY2024_Q4
JAI LAXMI MAA LLC,1,FY2024_Q4
HIMALAYAN CURRY HOUSE INC,1,FY2024_Q4
NICOLE ABBOTT,1,FY2024_Q4
JENNIFER PIGNATARO,1,FY2024_Q4
JOSEPH ODONNELL,1,FY2024_Q4
MAOR OHANA,1,FY2024_Q4
KIMBERLY STARKMAN,1,FY2024_Q4
AMEE SAMPAT,1,FY2024_Q4
DHALI FOOD MART INC.,1,FY2024_Q4
CHAMPION STORE LLC DBA EXPRESS MART 4,1,FY2024_Q4
WORLD ART CENTER LTD,1,FY2024_Q4
"MARAL CUISINE,INC",1,FY2024_Q4
"COVERT FORD, INC.",1,FY2024_Q4
BANESCO AMERICA CORPORATION,1,FY2024_Q4
"LAGUBEL CARIBBEAN CARGO EXPRESS, LLC",1,FY2024_Q4
ORTHO DEVELOPMENT CORPORATION,1,FY2024_Q4
"FORCE AMERICA, INC.",1,FY2024_Q4
"BELSHORE ENTERPRISES, INC.",1,FY2024_Q4
"EVERYTABLE, PBC",1,FY2024_Q4
"HORIZON HOLDING, LLC",1,FY2024_Q4
YOUNG WELLNESS INC.,1,FY2024_Q4
"MAGNA SEATING OF AMERICA, INC.",1,FY2024_Q4
BROADWAY RADIOLOGY INC,1,FY2024_Q4
"OMATIC SOFTWARE, LLC",1,FY2024_Q4
BERLIN PACKAGING L.L.C.,1,FY2024_Q4
JAB RECRUITMENT LLC,1,FY2024_Q4
BRE HOTELS AND RESORTS,1,FY2024_Q4
APNOM LLC,1,FY2024_Q4
SLATE HEALTHCARE LLC,1,FY2024_Q4
WORLDWIDE LANGUAGES,1,FY2024_Q4
"JM INFORMATION, INC.",1,FY2024_Q4
PACIFIC ENERGY CORP.,1,FY2024_Q4
"UNLIMITED PETROLEUM CONSULTING, INC",1,FY2024_Q4
GHOSTEK LLC,1,FY2024_Q4
BIOCYTOGEN BOSTON CORP,1,FY2024_Q4
POMPANOOSUC MILLS CORPORATION,1,FY2024_Q4
ANICAM ENTERPRISES INC,1,FY2024_Q4
"BERKSHIRE STERILE MANUFACTURING, INC.",1,FY2024_Q4
"KNIGHT MANAGEMENT GROUP, INC",1,FY2024_Q4
EBSOFT CONSULTING INC,1,FY2024_Q4
"DANIELS, RODRIGUEZ, BERKELEY, DANIELS  CRUZ, P.A.",1,FY2024_Q4
PERFORMANCE HEALTH SYSTEMS,1,FY2024_Q4
"TLC PET BOARDING, LLC",1,FY2024_Q4
GBX HOLDINGS LLC,1,FY2024_Q4
STONEHILL CAPITAL MANAGEMENT LLC,1,FY2024_Q4
"DEOLEO USA, INC.",1,FY2024_Q4
FEDERAL HOME LOAN BANK OF ATLANTA,1,FY2024_Q4
"DASH FINANCIAL TECHNOLOGIES, LLC",1,FY2024_Q4
EMET LENDING GROUP INC,1,FY2024_Q4
BRANTA GROUP INC.,1,FY2024_Q4
QUESTSOFT SOLUTIONS INC,1,FY2024_Q4
"SHUTTERSTOCK, INC.",1,FY2024_Q4
ORAL FACIAL COMPREHENSIVE CARE PLLC,1,FY2024_Q4
"A.I. PORTFOLIO, INC.",1,FY2024_Q4
"REALTIMEBOARD, INC",1,FY2024_Q4
JBM INTERNATIONAL INVESTMENT LLC,1,FY2024_Q4
"CYRET TECHNOLOGIES, INC",1,FY2024_Q4
QUESTIVITY INC,1,FY2024_Q4
COMMUNITY ACTION PARTNERSHIP OF RAMSEY AND WASHING,1,FY2024_Q4
INTELLIBUS,1,FY2024_Q4
SAMUEL MERRITT UNIVERSITY,1,FY2024_Q4
"GLOBAL TECH, INC.",1,FY2024_Q4
SPX ENTERPRISES LLC,1,FY2024_Q4
"INFOYUGA TECHNOLOGIES, INC",1,FY2024_Q4
APPLICATION OBJECTS INC.,1,FY2024_Q4
OTM SOFTWARE PROFESSIONALS,1,FY2024_Q4
LUCID HOLDINGS LLC,1,FY2024_Q4
SELECTIVE INSURANCE COMPANY OF AMERICA,1,FY2024_Q4
SEEGRID CORPORATION,1,FY2024_Q4
DZS SERVICES INC.,1,FY2024_Q4
N2FORCE TECHNOLOGIES INC,1,FY2024_Q4
4 CONSULTING INC.,1,FY2024_Q4
HEALTH MANAGEMENT ASSOCIATES,1,FY2024_Q4
"PETAL CARD, INC.",1,FY2024_Q4
"PREMIER NUTRITION COMPANY, LLC",1,FY2024_Q4
MULTNOMAH ATHLETIC CLUB,1,FY2024_Q4
HANWHA HOLDINGS USA INC,1,FY2024_Q4
JOERNS HEALTHCARE LLC,1,FY2024_Q4
"ORGANABIO, LLC",1,FY2024_Q4
SAMP ENGINEERING INC.,1,FY2024_Q4
"DYNASTY CONTRACTING, LLC",1,FY2024_Q4
VIRGINIA TRANSFORMER CORP,1,FY2024_Q4
EEPLUS INC,1,FY2024_Q4
"TERADIODE, INC.",1,FY2024_Q4
"EXERGY, LLC",1,FY2024_Q4
"KA ENGINEERING CONSULTING, P.C.",1,FY2024_Q4
ILUMISYS,1,FY2024_Q4
"ACLAT, INC.",1,FY2024_Q4
"SDI INDUSTRIES, INC.",1,FY2024_Q4
JASCI LLC,1,FY2024_Q4
SODECIA AUTOMOTIVE DETROIT CORP.,1,FY2024_Q4
TENARIS RODS USA INC,1,FY2024_Q4
"DAEHAN SOLUTION ALABAMA, LLC",1,FY2024_Q4
"TRICERTUS, LLC",1,FY2024_Q4
ALTO PRODUCTS CORP AL,1,FY2024_Q4
WILLDAN ENERGY SOLUTIONS,1,FY2024_Q4
JUNIPER DESIGN GROUP INC,1,FY2024_Q4
"THE METRO GROUP, INC.",1,FY2024_Q4
"SHINTECH LOUISIANA, LLC",1,FY2024_Q4
"RESPEC, INC.",1,FY2024_Q4
RRM DESIGN,1,FY2024_Q4
MEDICAL INSTRUMENTATION INC.,1,FY2024_Q4
LEANER CREAMER LLC,1,FY2024_Q4
"CELLARITY, INC.",1,FY2024_Q4
"LUCERNA, INC",1,FY2024_Q4
JESUS LOVE KOREAN CHURCH,1,FY2024_Q4
ABG HR LLC,1,FY2024_Q4
MEITAR NY INC.,1,FY2024_Q4
PALMER REY PLLC,1,FY2024_Q4
"GARVISH IMMIGRATION LAW GROUP, LLC",1,FY2024_Q4
GEORGIA INSTITUTE OF TECHNOLOGY,1,FY2024_Q4
KYRENE SCHOOL DISTRICT,1,FY2024_Q4
STONEHAM PUBLIC SCHOOLS,1,FY2024_Q4
"OLIVER WYMAN, INC",1,FY2024_Q4
"ROGER LA, LLC",1,FY2024_Q4
CARNICERIA ARGENTINA LA ESTANCIA INC.,1,FY2024_Q4
KBRNY INC,1,FY2024_Q4
"ERADIO KOREA USA.COM, INC.",1,FY2024_Q4
"UNITED GROUP LOGISTICS, INC.",1,FY2024_Q4
ELEVATEPRO. INC,1,FY2024_Q4
"THE SERVANT KOREAN EVANGELICAL CHURCH OF ATLANTA,",1,FY2024_Q4
"GHM DENTAL, PLLC DBA CHERRY HILL DENTAL CENTER",1,FY2024_Q4
ACE DENTAL06 PC,1,FY2024_Q4
SETZER PHARMACY,1,FY2024_Q4
"VIRTUA MEDICAL GROUP, P.A.",1,FY2024_Q4
JENN ENTERPRISE LLC,1,FY2024_Q4
"PACIFIC GRAND FOOD, INC. DBA GRAND FOODS MARKET",1,FY2024_Q4
FIRST CARLO ARMINE CORP.,1,FY2024_Q4
APT HOLDINGS LLC DBA MAYURI INDIA INDIA 101,1,FY2024_Q4
KUNG FU NOODLES INC,1,FY2024_Q4
GOLDEN CHOPSTICKS CHINESE RESTAURANT LLC,1,FY2024_Q4
AMIRA SHAWARMA INC,1,FY2024_Q4
SJ LEE CORP,1,FY2024_Q4
"GIORDANO MARCO, L.L.C. DBA SAPORI DITALIA",1,FY2024_Q4
"BLUE MOON SUNSET GRILL, INC.",1,FY2024_Q4
"BOBS FOOD ENTERPRISES, INC. DBA YAMA JANPANESE RES",1,FY2024_Q4
"SUSHI GARDEN, INC",1,FY2024_Q4
"PLOVDIV 4, LLC",1,FY2024_Q4
HARRY SUDARSKY,1,FY2024_Q4
MODUPE SANUSI,1,FY2024_Q4
NICHOLAS FORMICA,1,FY2024_Q4
TODD SACHS,1,FY2024_Q4
LAUREN BUSH,1,FY2024_Q4
JASON ROBERT MOCK,1,FY2024_Q4
"SANDVIK MINING AND CONSTRUCTION USA, LLC",1,FY2024_Q4
"MUHROO INNOVATIONS, LLC",1,FY2024_Q4
"SEE PLUS, INC.",1,FY2024_Q4
MUSINGS CORPORATION,1,FY2024_Q4
"RODEM ENTERPRISE, INC.",1,FY2024_Q4
GREEN PARADISE RICHMOND LLC,1,FY2024_Q4
EAGLE HARDWOOD FLOORING LLC,1,FY2024_Q4
AMERICAS TRANSLOGISTICS,1,FY2024_Q4
ORCHARD HILL PROPRETIES LLC,1,FY2024_Q4
BARNARD BEEF CATTLE COMPANY LLC,1,FY2024_Q4
FONTENOT  CART FARMS,1,FY2024_Q4
"JIM COOPER CONSTRUCTION COMPANY, INC.",1,FY2024_Q4
"CASCADIA BUILDERS, LLC",1,FY2024_Q4
RIGHT WAY AUTO BODY INC,1,FY2024_Q4
TMKG INC.,1,FY2024_Q4
"LAFT, INC.",1,FY2024_Q4
"EUROFINS CLINICAL DIAGNOSTIC US NDSC, INC",1,FY2024_Q4
GLOWFORGE,1,FY2024_Q4
MOGEN FARMS,1,FY2024_Q4
C LEVEL RESTAURANT LLC,1,FY2024_Q4
"WUXI BIOLOGICS USA, LLC",1,FY2024_Q4
"SUNLINE AMERICA CO., LTD.",1,FY2024_Q4
GURME 212 USA INC,1,FY2024_Q4
PLANTAGE RIO INC.,1,FY2024_Q4
"CJ LOGISTICS AMERICA, LLC",1,FY2024_Q4
"ESK MEDICAL PRODUCTS, L.L.C.",1,FY2024_Q4
"FATHER  SONS MASONRY  STUCCO, INC.",1,FY2024_Q4
LANSHENG NEW YORK INC.,1,FY2024_Q4
PREMIER GLOBAL SHOP LLC,1,FY2024_Q4
DH INTERNATIONAL,1,FY2024_Q4
"TRUSTAR PROPERTIES, INC.",1,FY2024_Q4
VIDAL  CANDAL LLC,1,FY2024_Q4
ENGELSTAD WEALTH ADVISORS,1,FY2024_Q4
PLATINUM CAR SALES LLC,1,FY2024_Q4
DIGITAL AGE MARKETING GROUP INC.,1,FY2024_Q4
"HYAXIOM, INC",1,FY2024_Q4
"ELITE PARKING SERVICES OF AMERICA, INC.",1,FY2024_Q4
WHITRIDGE ASSOCIATES INC,1,FY2024_Q4
FOREFLIGHT LLC,1,FY2024_Q4
FEDERAL RESERVE BANK OF ST. LOUIS,1,FY2024_Q4
DHARANI JASTHI DMD PC DBA TODAYS DENTAL ASSOCIATES,1,FY2024_Q4
CONNECTREX CORP.,1,FY2024_Q4
"THE JUICE PLUS COMPANY, LLC",1,FY2024_Q4
INFINICS INC,1,FY2024_Q4
BERKADIA COMMERCIAL MORTGAGE LLC,1,FY2024_Q4
TRISHULLA LLC,1,FY2024_Q4
3A SOFT INC,1,FY2024_Q4
CQ FLUENCY,1,FY2024_Q4
"FUTURE SMART DISTRIBUTION, INC",1,FY2024_Q4
CARILION SERVICES INC.,1,FY2024_Q4
"CAL LAND ENGINEERING AND ASSOCIATES, INC.",1,FY2024_Q4
"LSI CORPORATION, AN AVAGO TECHNOLOGIES COMPANY",1,FY2024_Q4
"PING, INC.",1,FY2024_Q4
TEAMTECHNIK CORPORATION,1,FY2024_Q4
H NU SOLAR LLC DBA H NU ENERGY,1,FY2024_Q4
CDG ARCHITECTS LLC,1,FY2024_Q4
JSTAR RESEARCH INC,1,FY2024_Q4
THE AMERICA WHEAT MISSION IN SOUTHERN CALIFORNIA,1,FY2024_Q4
COFFEY BURLINGTON,1,FY2024_Q4
UNIVERSITY OF TENNESSEE AT MARTIN,1,FY2024_Q4
LITTLE STAR CHILD DEVELOPMENT LLC,1,FY2024_Q4
"THE SOCIETY FOR CHRISTIAN INSTRUCTION OF ZEELAND,",1,FY2024_Q4
FLORIDA QUALITY TRUSS INC,1,FY2024_Q4
ECHO SPORTS LLC,1,FY2024_Q4
THE ORIENTAL MISSION CHURCH,1,FY2024_Q4
"TYCHE, CORP. DBA MARISQUEIRA LOS CABOS",1,FY2024_Q4
"NAR ENTERPRISES, INC.",1,FY2024_Q4
KUSINA PINOY BISTRO,1,FY2024_Q4
"JSJ MILPITAS, INC.",1,FY2024_Q4
TL RED LOTUS LLC,1,FY2024_Q4
MBR HOME SERVICES INC.,1,FY2024_Q4
TRIPLE PLAY CAR WASH LLC,1,FY2024_Q4
4 BEST BUSINESS CORP.,1,FY2024_Q4
LOUNEV ADVISORY SERVICES LLC,1,FY2024_Q4
MAGNA CAPITAL GROUP INC.,1,FY2024_Q4
HANKOOK BUSINESS SYSTEMS INC.,1,FY2024_Q4
EXPO STONE CORP.,1,FY2024_Q4
"MEDIACOM WORLDWIDE, LLC",1,FY2024_Q4
"PICKTRACE, INC.",1,FY2024_Q4
GOLDEN HAMMER HOME IMPROVEMENTS INC.,1,FY2024_Q4
O2 VALLEY CORPORATION,1,FY2024_Q4
"CONVEY, INC.",1,FY2024_Q4
DILIGENCY ACCOUNTANCY CORPORATION,1,FY2024_Q4
PADILLA  COMPANY LLP,1,FY2024_Q4
KEB HANA LA FINANCIAL CORP.,1,FY2024_Q4
WEDGEWOOD LLC,1,FY2024_Q4
"MIXPANEL, INC.",1,FY2024_Q4
TANN CORPORATION,1,FY2024_Q4
PROTECTIVE LIFE INSURANCE COMPANY,1,FY2024_Q4
KHP SOLUTIONS INC,1,FY2024_Q4
REFERRALPOINT LLC,1,FY2024_Q4
OCTAGOS ACQUISTION LLC,1,FY2024_Q4
UNIT21,1,FY2024_Q4
THE NPD GROUP,1,FY2024_Q4
OPENMETHODS INC,1,FY2024_Q4
GROOVE JONES LLC,1,FY2024_Q4
"UNICON INTERNATIONAL, INC.",1,FY2024_Q4
YAREWIN LLC,1,FY2024_Q4
"CURIS, INC.",1,FY2024_Q4
LCS FINANCIAL SERVICES CORPORATION,1,FY2024_Q4
FOREMOST MARITIME COMPANY LLC,1,FY2024_Q4
GOETTSCH PARTNERS,1,FY2024_Q4
"STERLING INDUSTRIAL, LLC",1,FY2024_Q4
"ULTEIG ENGINEERS, INC.",1,FY2024_Q4
KISWIRE PINE BLUFF INC.,1,FY2024_Q4
KEN R. ASHWORTH  ASSOCIATES,1,FY2024_Q4
LAWTON PUBLIC SCHOOLS,1,FY2024_Q4
CREATIVE LEARNERS CHILD CARE,1,FY2024_Q4
KINGSLAND TEQUILA MEXICAN RESTAURANT DBA LA TEQUIL,1,FY2024_Q4
VANS NAILS SALON  SPA INC,1,FY2024_Q4
JODI ANDERSEN,1,FY2024_Q4
"JINNY BEAUTY SUPPLY OF DALLAS, LLC",1,FY2024_Q4
MSALK 3 LLC,1,FY2024_Q4
GRACE DAYCARE CENTER INC.,1,FY2024_Q4
JH EXTERIORS INC,1,FY2024_Q4
"FIREHOUSE AUTO SALES  TRADE, LLC",1,FY2024_Q4
TEADS LATAM LLC,1,FY2024_Q4
"LATIN MARKETING SOLUTIONS USA, INC",1,FY2024_Q4
"GP MOBILE, LLC",1,FY2024_Q4
SPARKLE GEMS INC.,1,FY2024_Q4
SUTUMED CORP.,1,FY2024_Q4
"NAVILLUS TILE, INC.",1,FY2024_Q4
"GRONINGER CLEANING SYSTEMS, INC.",1,FY2024_Q4
DR. LIMON CORP,1,FY2024_Q4
NORTHSTAR SYSTEMBUILT LLC,1,FY2024_Q4
ALLIED HOLDINGS LLC,1,FY2024_Q4
ORGIL AUTO TRANSPORT,1,FY2024_Q4
R.C. BIGELOW INC,1,FY2024_Q4
"SL PAINTING AND DECORATING, INC.",1,FY2024_Q4
RTA CABINETRY INC,1,FY2024_Q4
"GENERAL CIGAR COMPANY, INC.",1,FY2024_Q4
"RHENUS HOLDINGS USA, LLC",1,FY2024_Q4
"FLEXNGATE MICHIGAN, LLC",1,FY2024_Q4
"SPAR SOLUTIONS, LLC",1,FY2024_Q4
WINGTECH INTERNATIONAL INC,1,FY2024_Q4
WIRE EXPERTS TEAM INC,1,FY2024_Q4
SKILLS ALLIANCE INC.,1,FY2024_Q4
NISEZ TRADING LLC,1,FY2024_Q4
QUANTI CORP,1,FY2024_Q4
SEN MART INTERNATIONAL INC,1,FY2024_Q4
"HUNTER INDUSTRIES, INC.",1,FY2024_Q4
ZURI FURNITURE LLC,1,FY2024_Q4
NEWCASTLE LIMITED LLC,1,FY2024_Q4
THE MACLELLAN FOUNDATION,1,FY2024_Q4
MARCUS AND MILLICHAP CAPITAL CORPORATION,1,FY2024_Q4
EAGLE ROCK ADVISORS LLC,1,FY2024_Q4
"OCEANSIDE GOLF  COUNTRY CLUB, INC.",1,FY2024_Q4
"SENTILECT, LLC",1,FY2024_Q4
NEW ENGLAND IT ASSOCIATES INC,1,FY2024_Q4
"FEDEX GROUND PACKAGE SYSTEM, INC",1,FY2024_Q4
ZENTEST SOFTWARE LLC,1,FY2024_Q4
PRICE FX INC,1,FY2024_Q4
"TALENT  ACQUISITION LLC, DBA STAND8",1,FY2024_Q4
PARANET SOLUTIONS LLC,1,FY2024_Q4
ORLANDO UTILITIES COMMISSION,1,FY2024_Q4
"TOUCHWORLD, INC",1,FY2024_Q4
TALENTECH DIGITAL LLC,1,FY2024_Q4
"NCS TECHNOLOGIES, INC",1,FY2024_Q4
TRIVENI IT,1,FY2024_Q4
PIERIANDX INC,1,FY2024_Q4
"PHIL, INC.",1,FY2024_Q4
FANUC AMERICA CORPORATION,1,FY2024_Q4
THE AMERICAN ASSOCIATION OF MOTOR VEHICLE ADMINIST,1,FY2024_Q4
YUGADY TECHNOLOGIES AND SERVICES INC,1,FY2024_Q4
"CYBERCUBE ANALYTICS, INC. DBA CYBERCUBE",1,FY2024_Q4
"FRAGMENT FOUNDRIES, INC.",1,FY2024_Q4
NEXCRUIT IT SERVICES,1,FY2024_Q4
SPINDLETOP CENTER,1,FY2024_Q4
ADVANCESOFT INC,1,FY2024_Q4
PLEXUS SCIENTIFIC CORPORATION,1,FY2024_Q4
NORTH SOUTH 804 APPS LLC,1,FY2024_Q4
"REPUBLIC FINANCE, LLC",1,FY2024_Q4
EMINENT INC. DBA REVOLVE CLOTHING,1,FY2024_Q4
THE UPS STORE 7422 LLC,1,FY2024_Q4
RMW ARCHITECTURE  INTERIORS,1,FY2024_Q4
SCHWAN CONSULTING LLC DBA A.V. SCHWAN AND ASSOCIATES,1,FY2024_Q4
"SEDA CONSULTING ENGINEERS, INC.",1,FY2024_Q4
J.S HELD LLC,1,FY2024_Q4
"ROSS VIDEO, INC.",1,FY2024_Q4
INNOVATIVE ENGINEERING SYSTEMS INC.,1,FY2024_Q4
"MOST INVESTMENTS, LLC D#X8;A PANTHEON SOFTWARE",1,FY2024_Q4
TOMAR CONSTRUCTION LLC.,1,FY2024_Q4
"HOTRONIX, LLC.",1,FY2024_Q4
"SYNCREON AMERICA, INC.",1,FY2024_Q4
"SEASONS4, INC",1,FY2024_Q4
"VARISCALE SERVICES  ENGINEERING, INC",1,FY2024_Q4
"PROTEIN FOR PETS OPCO, LLC DBA 3D CORPORATE SOLUTI",1,FY2024_Q4
ECI PHARMACEUTICALS LLC,1,FY2024_Q4
"VITACARE PHARMA, LLC",1,FY2024_Q4
FOOD SAFETY NET SERVICES NEBRASKA LLC,1,FY2024_Q4
GLOBAL MISSION BAPTIST CHURCH,1,FY2024_Q4
"PALLADINO, ISBELL  CASAZZA, LLC",1,FY2024_Q4
"RUTGERS, THE STATE UNIVERSITY OF NEW JERSEY",1,FY2024_Q4
SOUTHERN ARKANSAS UNIVERSITY TECH,1,FY2024_Q4
WESTERN MICHIGAN UNIVERSITY,1,FY2024_Q4
HOPE CHINESE CHARTER SCHOOL,1,FY2024_Q4
POPE JOHN PAUL II HIGH SCHOOL,1,FY2024_Q4
NEEDHAM MONTESSORI INC,1,FY2024_Q4
"REVENUE MATTERS, LLC",1,FY2024_Q4
INTERNATIONAL UNITED BUSINESS INC.,1,FY2024_Q4
"EDEN MOTOR GROUP, INC.",1,FY2024_Q4
PARAMUS PUBLISHING,1,FY2024_Q4
"GENESIS MEDICAL GROUP, LLC",1,FY2024_Q4
THE UNIVERSITY OF KANSAS PHYSICIANS,1,FY2024_Q4
UNITED DENTAL LLC DBA CONFIDENT DENTAL LAB,1,FY2024_Q4
"ALI BABA G AND H, INC.",1,FY2024_Q4
PEPPERS THAI CUISINE INC DBA PEPPERS THAI CUISINE,1,FY2024_Q4
TAPATIA MARKET  DELI,1,FY2024_Q4
ORGANIC THAI FOOD LLC,1,FY2024_Q4
"MUGHAL OASIS, LLC",1,FY2024_Q4
"SUAVECITO, INC.",1,FY2024_Q4
SARA BLOOM BRUCE MD,1,FY2024_Q4
ERIC LEFEBVRE,1,FY2024_Q4
THOMAS OGORMAN,1,FY2024_Q4
MONTROSE FOOD MART  DELI,1,FY2024_Q4
EPM CONSULTING LLC,1,FY2024_Q4
"TREASURE DATA, INC.",1,FY2024_Q4
"SIMERICS, INC.",1,FY2024_Q4
INSYNC BCS CORP,1,FY2024_Q4
EC FERRER CHB INC.,1,FY2024_Q4
ORANGE CARGO INC,1,FY2024_Q4
HOLISTIC ELEVATION LLC,1,FY2024_Q4
VIPE FOODS DISTRIBUTION LLC,1,FY2024_Q4
"RC ENTERPRISES, LLC",1,FY2024_Q4
NOVA LOGISTICS INC,1,FY2024_Q4
PACIFIC INS LLC,1,FY2024_Q4
STELLAR GLOBAL TRADING INC.,1,FY2024_Q4
DIMORA CASA DESIGN LLC,1,FY2024_Q4
HILL REGIONAL HOSPITAL,1,FY2024_Q4
WDAIRY LLC,1,FY2024_Q4
LASKA FARMS,1,FY2024_Q4
"DSP FRAMERS, INC",1,FY2024_Q4
PUMA CONTRACTORS LLC.,1,FY2024_Q4
GLORY MOTORS LLC,1,FY2024_Q4
JAYM E LLC,1,FY2024_Q4
HARLAND M. BRAUN  CO.,1,FY2024_Q4
SMARTTHINGS,1,FY2024_Q4
SAINTGOBAIN PERFORMANCE PLASTICS,1,FY2024_Q4
TELETRAC NAVMAN US LTD,1,FY2024_Q4
EVERSOURCE ENERGY SERVICE COMPANY,1,FY2024_Q4
JASMINE TRADING CORP,1,FY2024_Q4
BENJAMIN LAUBE PA,1,FY2024_Q4
TRANSCARGA INTL AIRWAYS CA INC,1,FY2024_Q4
TBKCPA PLLC,1,FY2024_Q4
"KROLL BOND RATING AGENCY, LLC",1,FY2024_Q4
QIAN YI INVESTMENT GROUP USA INC,1,FY2024_Q4
THE HEIL CO.DBA ESG3RD EYE,1,FY2024_Q4
MCFADYEN CONSULTING GROUP INC.,1,FY2024_Q4
TRINITI CORPORATION,1,FY2024_Q4
HARTFORD HEALTHCARE,1,FY2024_Q4
"ARCH US MI SERVICES, INC.",1,FY2024_Q4
"SUPERIOR INFORMATION TECHNOLOGIES, LLC.",1,FY2024_Q4
TIMAVEN LLC,1,FY2024_Q4
"FREEWIRE TECHNOLOGIES, INC.",1,FY2024_Q4
UNIVERSAL SERVICE ADMINISTRATIVE COMPANY,1,FY2024_Q4
ZWIFT INC.,1,FY2024_Q4
TINES AUTOMATION INC.,1,FY2024_Q4
"MERIDIAN COOPERATIVE, INC.",1,FY2024_Q4
"SUPPLYFRAME, INC",1,FY2024_Q4
"VTT, LLC",1,FY2024_Q4
THE METROHEALTH SYSTEM,1,FY2024_Q4
"EXPANSCIENCE LABORATORIES, INC.",1,FY2024_Q4
"RADIOMETER AMERICA, INC.",1,FY2024_Q4
"SHEPPARD PRATT HEALTH SYSTEMS, INC.",1,FY2024_Q4
LAW OFFICE OF HARESH JAMBUSARIA INC.,1,FY2024_Q4
"MARINA ADAMS,DDS,A PROFESSIONAL DENTAL CORPORATION",1,FY2024_Q4
LINS ASIA BISTRO INC.,1,FY2024_Q4
IQRA SHAHAN INC,1,FY2024_Q4
SHAMAR RESTAURANT INC,1,FY2024_Q4
JOIE 22 LLC,1,FY2024_Q4
WONDERFUL HOUSE CHINESE RESTAURANT,1,FY2024_Q4
"SEA MORRIS ENTERPRISES, INC.",1,FY2024_Q4
CHRISTOPHER URIST,1,FY2024_Q4
TANVI NAGDEV,1,FY2024_Q4
STEVE WILLIAMSON,1,FY2024_Q4
STAR CHEVRON FOOD MART LLC,1,FY2024_Q4
TEKNO TOTAL MANAGEMENT CORPORATION,1,FY2024_Q4
MARIAM FOOD CORP D.B.A KEY FOOD SUPERMARKET,1,FY2024_Q4
SFADIA INC GREEN ENERGY INNOVATIONS,1,FY2024_Q4
GLOBAL SOLUTIONS AND EQUIPMENT LLC.,1,FY2024_Q4
GALLERIA WIRELESS WORLD  GARMENTS INC,1,FY2024_Q4
"SAMS FOOD STORES, INC",1,FY2024_Q4
"SAIPAN LAULAU DEVELOPMENT, INC.",1,FY2024_Q4
"SOLOMONS ESCROW COMPANY, INC",1,FY2024_Q4
GARRETT C BAKER DBA GARRETT BAKER FARMS,1,FY2024_Q4
"MHF OF FREEBORN COUNTY, INC",1,FY2024_Q4
AROD CONCRETE LLC,1,FY2024_Q4
BRIGITTE RESPAUT CLEMENT LLC,1,FY2024_Q4
"NORTAL, LLC",1,FY2024_Q4
FOREVER YOUNG ADULT DAY HEALTH CARE INC.,1,FY2024_Q4
DIAMOND HOME HEALTH SERVICES INC.,1,FY2024_Q4
RODEM TREE CORPORATION,1,FY2024_Q4
TEGRA MEDICAL,1,FY2024_Q4
MILALED LLC,1,FY2024_Q4
"PROXIMO DISTILLERS, LLC.",1,FY2024_Q4
"NEW OMNI BANK, N.A.",1,FY2024_Q4
A.DEBENEDETTO CONSTRUCTION LLC,1,FY2024_Q4
INVERSIONES J.A.M. 320 CORP,1,FY2024_Q4
SUREFIRE MORTGAGES INC,1,FY2024_Q4
"FR CAPITAL HOLDINGS, LP DBA FIRST ROUND",1,FY2024_Q4
"INTELLISWIFT SOFTWARE, INC.",1,FY2024_Q4
"APPLE AMERICAN GROUP, LLC",1,FY2024_Q4
"MODERN LIFE, INC., DBA MODERN HEALTH",1,FY2024_Q4
KEYAVI DATA CORP,1,FY2024_Q4
808 N STATE CORPORATION DBA FRIENDS RAMEN,1,FY2024_Q4
HAWORTH MARKETING  MEDIA COMPANY,1,FY2024_Q4
"ACT, INC.",1,FY2024_Q4
NEXTEER AUTOMOTIVE,1,FY2024_Q4
COOPERATIVE RESPONSE CENTER,1,FY2024_Q4
DATANET SYSTEMS CORP.,1,FY2024_Q4
"KALVEN TECHNOLOGIES, INC",1,FY2024_Q4
"AZTEC ENGINEERING GROUP, INC.",1,FY2024_Q4
MATRIX DESIGN LLC,1,FY2024_Q4
"BEST LIGHTING PRODUCTS, INC.",1,FY2024_Q4
GARVER,1,FY2024_Q4
AEROSPACE MANUFACTURING,1,FY2024_Q4
"FUYAO AUTOMOTIVE NORTH AMERICA, INC.",1,FY2024_Q4
"AUTOLIV ASP, INC.",1,FY2024_Q4
COOK RESEARCH INC,1,FY2024_Q4
"KRONOS BIO, INC.",1,FY2024_Q4
LANCASTER GENERAL HOSPITAL DBA PENNMEDLGH,1,FY2024_Q4
"LAW OFFICES OF JANE OAK  ASSOCIATES, P.C.",1,FY2024_Q4
BROADPACK PACKAGING CO LTD,1,FY2024_Q4
"JEFFREY BEERS INTERNATIONAL, LLC.",1,FY2024_Q4
"AQ GROUP, LLC",1,FY2024_Q4
ACADEMY DENTAL OF HAMILTON PA,1,FY2024_Q4
NAPERVILLE SMILES DENTAL PLLC,1,FY2024_Q4
BLESSING HOSPITAL,1,FY2024_Q4
NIAGARA FALLS MEMORIAL MEDICAL CENTER,1,FY2024_Q4
"COURT OPS, LLC",1,FY2024_Q4
LEGENDARY RESTAURANTS INC,1,FY2024_Q4
TAEYANG INC,1,FY2024_Q4
CASA BELA CLEANING INC.,1,FY2024_Q4
AS BEAUTY STUDIO INC,1,FY2024_Q4
MEHMET K GOKSEL HOUSEHOLD,1,FY2024_Q4
MYSHA LLC,1,FY2024_Q4
"ARGON MEDICAL DEVICES, INC.",1,FY2024_Q4
"J  A CARTAGE, INC.",1,FY2024_Q4
CHRIS CONSTRUCTION  GARAGE DESIGN,1,FY2024_Q4
JIU LLC,1,FY2024_Q4
"RAINBERRY, INC.",1,FY2024_Q4
XP HEALTH INC.,1,FY2024_Q4
"FINCANTIERI MARINE GROUP, LLC.",1,FY2024_Q4
GETIR US INC,1,FY2024_Q4
"MANNA LEWISVILLE, INC",1,FY2024_Q4
CRAZY THAI  LLC,1,FY2024_Q4
MAESTRI DITALIA INC,1,FY2024_Q4
"EPS US, LLC",1,FY2024_Q4
"ASM BEAUTY WORLD ACADEMY, INC.",1,FY2024_Q4
NORTH AND SOUTH GROUP,1,FY2024_Q4
"NAIK CONSULTING GROUP, P.C.",1,FY2024_Q4
"ARCTIC SLOPE MISSION SERVICES, LLC",1,FY2024_Q4
MSX INTERNATIONAL RNS LLC,1,FY2024_Q4
"H  H INDUSTRIAL PRODUCTS, INC.",1,FY2024_Q4
MICRO WORLD CORP.,1,FY2024_Q4
ATOLYE LLC,1,FY2024_Q4
"MPL BRANDS, INC",1,FY2024_Q4
SILVAS FINANCIAL SERVICES LLC,1,FY2024_Q4
"MSPC CERTIFIED PUBLIC ACCOUNTANTS AND ADVISORS, PC",1,FY2024_Q4
KENNYS CANDY AND CONFECTIONS,1,FY2024_Q4
SYSTEMS MANAGEMENT CONSULTING LLC,1,FY2024_Q4
MARY HITCHCOCK MEMORIAL HOSPITAL,1,FY2024_Q4
"INVESTMENTS MANAGEMENT I, LLC",1,FY2024_Q4
"SI GROUP, INC.",1,FY2024_Q4
PPC FLEXIBLE PACKAGING LLC,1,FY2024_Q4
ARTIUS SOLUTIONS LLC,1,FY2024_Q4
NY LAND SURVEYOR P.C.,1,FY2024_Q4
JLM SYSTEMS INC,1,FY2024_Q4
DEALERDIRECT LLC DOING BUSINESS AS FORDDIRECT,1,FY2024_Q4
NORTH AMERICAN DENTAL GROUP,1,FY2024_Q4
"MEDOCITY, INC.",1,FY2024_Q4
PRINCIPAL DEVELOPMENT GROUP LLC,1,FY2024_Q4
ICANN,1,FY2024_Q4
KKR CREDIT ADVISORS US LLC,1,FY2024_Q4
PYXIS MANAGEMENT CONSULTING GROUP,1,FY2024_Q4
OUTLIER COLLECTIVE INC,1,FY2024_Q4
"MARKETSOURCE, INC.",1,FY2024_Q4
"MERCHANT ESOLUTIONS, INC.",1,FY2024_Q4
GLOBETAX,1,FY2024_Q4
"MOUSER ELECTRONICS, INC.",1,FY2024_Q4
"APPLICATION DEVELOPMENT CONSULTANTS, LLC",1,FY2024_Q4
MAGNITE,1,FY2024_Q4
VENEZIA STONE INC.,1,FY2024_Q4
ASUS COMPUTER INTERNATIONAL,1,FY2024_Q4
"STREAMSOURCE TECHNOLOGIES, INC.",1,FY2024_Q4
MCSQUARED AI LLC,1,FY2024_Q4
"PELLI CLARKE  PARTNERS, INC.",1,FY2024_Q4
RAG PROCESS LLC,1,FY2024_Q4
SKYLINE RESTORATION INC.,1,FY2024_Q4
"JPS CONSULTING ENGINEERS, LLC",1,FY2024_Q4
ON COMPUTER SERVICES LLC DBA UNIFIED POWER,1,FY2024_Q4
METAL TECHNOLOGIES INC,1,FY2024_Q4
MAHLE MANUFACTURING MANAGEMENT INC,1,FY2024_Q4
THE PICTSWEET COMPANY,1,FY2024_Q4
"LIEBHERRAMERICA, INC.",1,FY2024_Q4
ATLANTA LIQUIDATION LLC,1,FY2024_Q4
"MESA ARCHITECTURE, INC.",1,FY2024_Q4
PIZZAROTTI LLC,1,FY2024_Q4
"LAW OFFICE OF YINGHUI HE, P.C.",1,FY2024_Q4
"NI, WANG  MASSAND PLLC",1,FY2024_Q4
"OUR BEGINNING, LLC",1,FY2024_Q4
"MUSE LIFESTYLE GROUP, LLC",1,FY2024_Q4
MITTOWN CONSTRUCTION INC,1,FY2024_Q4
MISSOURI ATHLETIC CLUB,1,FY2024_Q4
M DHOLARIYA DDS PLLC,1,FY2024_Q4
"DENTAL PROFESSIONALS OF VIRGINIA, PC",1,FY2024_Q4
BAPTIST HEALTH DEACONESS MEDICAL GROUP INC.,1,FY2024_Q4
MERCY MEDICAL SERVICES INC.,1,FY2024_Q4
ARIZONA SUNSET ASSISTED LIVING,1,FY2024_Q4
GRALAN HEALTHCARE STAFFING INC,1,FY2024_Q4
LITTLE MONSTER LLC,1,FY2024_Q4
"MISTER Q, INC.",1,FY2024_Q4
"DMB GROUP, INC.",1,FY2024_Q4
PARK SHORE INVESTMENTS,1,FY2024_Q4
CARAVAN HOTEL PROPERTIES DBA CLARION INN  SUITES,1,FY2024_Q4
"WERRE RACING, LLC",1,FY2024_Q4
ANA SOFIA NUNEZ,1,FY2024_Q4
OLGA GAROFALO,1,FY2024_Q4
PARVEEN LLC,1,FY2024_Q4
OASIS 1488 OPERATING LLC DBA SWIFT 1488,1,FY2024_Q4
Q LINE LOGISTIC INC,1,FY2024_Q4
"MILK CARE CO., INC.",1,FY2024_Q4
MAKXS TRUCKING INC,1,FY2024_Q4
"DIVIS LABORATORIES, INC.",1,FY2024_Q4
"CURERX PHARMACY, INC.",1,FY2024_Q4
"KAMIL ENTERPRISES, INC.",1,FY2024_Q4
NYSTYLIST LLC,1,FY2024_Q4
LFL PROPERTIES HILDEBRAN LLC,1,FY2024_Q4
MAYFLOWER TAX AND INSURANCE INC,1,FY2024_Q4
ULTRADRIVE INC,1,FY2024_Q4
LHR HOLDING LLC,1,FY2024_Q4
MARK VAN ESSEN,1,FY2024_Q4
MG WOODWORK INC,1,FY2024_Q4
KINGS OF DENTS LLC.,1,FY2024_Q4
GHANIM GROUP INC,1,FY2024_Q4
JCS INTERNATIONAL LLC.,1,FY2024_Q4
PASKOFF FLORIDA ENTERPRISES LLC,1,FY2024_Q4
ARGUS MACHINE,1,FY2024_Q4
"SORTPACK, INC.",1,FY2024_Q4
PAWBAL EXPRESS INC.,1,FY2024_Q4
ADVANCED CARE NW LLC,1,FY2024_Q4
"MARQUEE ASSET MANAGEMENT, LLC",1,FY2024_Q4
WESTFALL TECHNIK,1,FY2024_Q4
J C SMITH CUSTOM BUILDERS  DESGIN LLC,1,FY2024_Q4
MEZMO CORPORATION,1,FY2024_Q4
"USA YAKYUDORI, INC.",1,FY2024_Q4
"U.S. XPRESS, INC.",1,FY2024_Q4
ARJ OREGON INC,1,FY2024_Q4
MASCO CORPORATION,1,FY2024_Q4
"TCG BUILDERS, INC.",1,FY2024_Q4
"DANIYA INC, DBA BLUEFIN SUSHI THAI",1,FY2024_Q4
"FORGE GLOBAL, INC.",1,FY2024_Q4
LOTTE CHEMICAL ALABAMA CORPORATION,1,FY2024_Q4
"DUNN HEAT EXCHANGERS, INC.",1,FY2024_Q4
SILICON SPECTRA INC,1,FY2024_Q4
SKY HEAVEN PROPERTIES INC,1,FY2024_Q4
"INTERVISION, LLC",1,FY2024_Q4
"BERTELSMANN, INC.",1,FY2024_Q4
SKYLINE COMMUNICATIONS,1,FY2024_Q4
VITOS LIFESTYLE LLC,1,FY2024_Q4
ALITHYA FULLSCOPE SOLUTIONS INC.,1,FY2024_Q4
"MONEYGRAM INTERNATIONAL, INC.",1,FY2024_Q4
"METAWATER USA, INC.",1,FY2024_Q4
DIAMOND STAY,1,FY2024_Q4
BRUIN XPRESS INC,1,FY2024_Q4
"BBDM GROUP, INC.",1,FY2024_Q4
SPIRIT TEA LLC,1,FY2024_Q4
GUIDENT CORP,1,FY2024_Q4
MAYFLOWER WENYU LLC,1,FY2024_Q4
ELLE MEDIA LLC,1,FY2024_Q4
CONTINENTAL FUNERAL HOME HAWTHORNE INC.,1,FY2024_Q4
"WCA USA, INC.",1,FY2024_Q4
APPLIED BIOCODE,1,FY2024_Q4
"ADDFORCE, INC.",1,FY2024_Q4
TRILOGY FINANCIAL SERVICES,1,FY2024_Q4
IMC FINANCIAL MARKETSAN IMC AMERICAS INC COMPANY,1,FY2024_Q4
"HINGE HEALTH, INC.",1,FY2024_Q4
STONEX SRL USA BRANCH LLC,1,FY2024_Q4
ACTIVE TELEPHONES INC,1,FY2024_Q4
"HOLLYWOOD FEED, LLC",1,FY2024_Q4
"MEMX, LLC",1,FY2024_Q4
"PAWP, INC.",1,FY2024_Q4
"BYTEWARE, INC.",1,FY2024_Q4
BASIL LLC DBA TAYLOR RETAIL LIQUOR,1,FY2024_Q4
MAVEN WAVE PARTNERS LLC,1,FY2024_Q4
"COYOTE LOGISTICS, LLC",1,FY2024_Q4
PERSONALIS INC,1,FY2024_Q4
CYBERBRAINS INC,1,FY2024_Q4
RABO AGRIFINANCE LLC,1,FY2024_Q4
BANA INC.,1,FY2024_Q4
LINGOACE ACADEMY,1,FY2024_Q4
IMIDIA LLC,1,FY2024_Q4
"ATMOSPHERE DESIGN GROUP, LLC",1,FY2024_Q4
"SUMIT CONSTRUCTION CO., INC.",1,FY2024_Q4
IKONIKA CORP,1,FY2024_Q4
TURBO SYSTEMS US INC.,1,FY2024_Q4
"HUMANETICS INNOVATIVE SOLUTIONS, INC.",1,FY2024_Q4
"BELKIN INTERNATIONAL, INC.",1,FY2024_Q4
VISTEON CORPORATION,1,FY2024_Q4
DNA SPECIALTY INC.,1,FY2024_Q4
SEED CHURCH,1,FY2024_Q4
TWS COMMUNITY OUTREACH,1,FY2024_Q4
"THE LAW OFFICE OF WILLIAM FRICK, PLLC",1,FY2024_Q4
"LAW OFFICES OF JANE CHUNG, APLC",1,FY2024_Q4
WHITMAN COLLEGE,1,FY2024_Q4
FLORIDA GULF COAST UNIVERSITY,1,FY2024_Q4
BARNWELL COUNTY CONSOLIDATED SCHOOL DISTRICT,1,FY2024_Q4
"A PLUS TAE KWON DO, INC",1,FY2024_Q4
BSW BEAUTY INC. DBA BSW,1,FY2024_Q4
ANJIN LLC,1,FY2024_Q4
PROGRESSIVE RESTAURANT LLC DBA COTE KOREAN STEAK,1,FY2024_Q4
GBSY LLC,1,FY2024_Q4
B 1ST ENTERPRISE LLC,1,FY2024_Q4
MAYDOON RESTAURANT,1,FY2024_Q4
MONTES RESTAURANT LLC,1,FY2024_Q4
ELIZABETH BAILEY,1,FY2024_Q4
JOSHUA SCHAINKER,1,FY2024_Q4
SHIFAAKSSA ENTERPRISE INC,1,FY2024_Q4
"TELEDYNE FLIR COMMERCIAL SYSTEM, INC",1,FY2024_Q4
JPA INC,1,FY2024_Q4
ARCHITECTURAL CERAMICS INCORPORATED,1,FY2024_Q4
HI LEE MARKETING INC,1,FY2024_Q4
COMPASS LOGISTICS AND MARINE LLC,1,FY2024_Q4
HS ENVIROMAX HEATING AND COOLING CORP,1,FY2024_Q4
ACTS COMMUNICATION LLC,1,FY2024_Q4
RANSONE CONSTRUCTION INC.,1,FY2024_Q4
JBAR LLC,1,FY2024_Q4
CORONA HOUSEHOLD LLC,1,FY2024_Q4
RELIABLE AUTOS LLC,1,FY2024_Q4
"FIRST ADVANTAGE REALTY, LLC",1,FY2024_Q4
"MERZ NORTH AMERICA, INC.",1,FY2024_Q4
"NORITAKE CO., INC.",1,FY2024_Q4
TSINGHUA EDUCATION FOUNDATION N.A. INC,1,FY2024_Q4
"CRUZ FOAM, INC.",1,FY2024_Q4
"MASTER HEOS TAE KWON DO, INC.",1,FY2024_Q4
"CS ENERGY, LLC",1,FY2024_Q4
"TESSOLVEDTS, INC.",1,FY2024_Q4
SIGMA FASTENERS INC,1,FY2024_Q4
"MARQUEZ EXPRESS, INC.",1,FY2024_Q4
XFORIA INC,1,FY2024_Q4
DELTA GROUP USA INC,1,FY2024_Q4
"HYPERFINE, INC.",1,FY2024_Q4
THE TACO CONCEPT 2 LLC,1,FY2024_Q4
"SHIKOMIYA, INC.",1,FY2024_Q4
INTERNATIONAL AIDS VACCINE INITIATIVE IAVI,1,FY2024_Q4
SPIRIT PHARMACEUTICALS LLC,1,FY2024_Q4
"TRINITY INDUSTRIES, INC.",1,FY2024_Q4
BAY IMMIGRATION LAW,1,FY2024_Q4
JNR PHARMACY BREWSTER INC,1,FY2024_Q4
"HORIZEN LABS, INC.",1,FY2024_Q4
GROUP LATITUDE LLC,1,FY2024_Q4
"THE HUMBLE COMPANY NORTH AMERICA, INC",1,FY2024_Q4
"BORANET, INC.",1,FY2024_Q4
INFOCUS KITCHEN AND BATH,1,FY2024_Q4
"TRIPLE B FORWARDERS GUAM, INC.",1,FY2024_Q4
FOXCONN CORPORATION,1,FY2024_Q4
"JNJP CERTIFIED PUBLIC ACCOUNTANTS, INC.",1,FY2024_Q4
"MODU MANAGEMENT GROUP, INC.",1,FY2024_Q4
US ELOGISTICS SERVICE CORP,1,FY2024_Q4
POSTAL REALTY TRUST LP,1,FY2024_Q4
"AXIOMA, INC.",1,FY2024_Q4
"SOLNSOFT LLC, DBA XCENTIUM",1,FY2024_Q4
"TRANSPERFECT DOCUMENT MANAGEMENT, INC.",1,FY2024_Q4
BROADMOOR SOLUTIONS INC,1,FY2024_Q4
ICHOR SYSTEMS,1,FY2024_Q4
"WWL VEHICLE SERVICES AMERICAS, INC.",1,FY2024_Q4
MAXIMA CONSULTING INC,1,FY2024_Q4
METROPOLITAN UTILITES DISTRICT,1,FY2024_Q4
"HISUN MOTORS CORP., USA",1,FY2024_Q4
"ESSILOR OF AMERICA, INC",1,FY2024_Q4
ATHREYA INC,1,FY2024_Q4
"HUNTER DOUGLAS, INC.",1,FY2024_Q4
TEKINSTA INC,1,FY2024_Q4
GOLOK GLOBAL INC,1,FY2024_Q4
ICODICE LLC,1,FY2024_Q4
ZACH TECHNOLOGY.INC,1,FY2024_Q4
TERADYNE INFOTECH,1,FY2024_Q4
CORPTEQ SOLUTIONS INC,1,FY2024_Q4
"APERIA SOLUTIONS, INC.",1,FY2024_Q4
"INFOTECH SYSTEMS, INC.",1,FY2024_Q4
"INFOVISION CONSULTANTS, INC.",1,FY2024_Q4
THAT ONE VIDEO ENTERTAINMENT LLC,1,FY2024_Q4
ID 360 ANALYTICS,1,FY2024_Q4
CYTEL INC,1,FY2024_Q4
SHINHIGH INTERNATIONAL CORP,1,FY2024_Q4
PLYMOUTH ROCK ASSURANCE CORPORATION,1,FY2024_Q4
TORANA INC.,1,FY2024_Q4
"TNEDICCA, INC.",1,FY2024_Q4
THE ARTHUR PAGE SOCIETY,1,FY2024_Q4
"MALIBU ENTERTAINMENT, INC.",1,FY2024_Q4
RETAIL BUSINESS SERVICES,1,FY2024_Q4
"TWINKLE LIVING, INC.",1,FY2024_Q4
WEBULL FINANCIAL LLC,1,FY2024_Q4
DESIGN RESOURCES GROUP ARCHITECTS AIA INC,1,FY2024_Q4
BACKEN  BACKEN,1,FY2024_Q4
MJ ENGINEERING PC,1,FY2024_Q4
CETECOM INC.,1,FY2024_Q4
"HOFFMAN BUILDING TECHNOLOGIES, INC.",1,FY2024_Q4
VENAIR INC,1,FY2024_Q4
DECCO INC.,1,FY2024_Q4
"ENGINEERING TECHNOLOGY ASSOCIATES, INC.",1,FY2024_Q4
PACIFICMD BIOTECH LLC,1,FY2024_Q4
"ARRK NORTH AMERICA, INC",1,FY2024_Q4
"ROCK PRAIRIE DAIRY, LLC",1,FY2024_Q4
"VOLTA LABS, INC.",1,FY2024_Q4
ACCENT THERAPEUTICS,1,FY2024_Q4
GLAXOSMITHKLINE LLC,1,FY2024_Q4
"IBEX BIOSCIENCES, INC.",1,FY2024_Q4
IMMIGRATION GROUP LLC,1,FY2024_Q4
"BLUE PRISM SOFTWARE, INC.",1,FY2024_Q4
"THE KASEN LAW FIRM, PLLC",1,FY2024_Q4
WALNUT EDUCATION TIME,1,FY2024_Q4
ISAAC SCHOOL DISTRICT,1,FY2024_Q4
THE INSTITUTE FOR THE DEVELOPMENT OF YOUNG LEADERS,1,FY2024_Q4
THE POTTERS HOUSE,1,FY2024_Q4
BONFIRE PRODUCTIONS LLC,1,FY2024_Q4
"KOAM, LLC",1,FY2024_Q4
ETERNAL FORTUNE FASHION LLC,1,FY2024_Q4
AQUILINI PROPERTIES MAKENA HOTELS LIMITED PARTNE,1,FY2024_Q4
"THALES USA, INC",1,FY2024_Q4
RAILS TO TRAILS CONSERVANCY,1,FY2024_Q4
"WEDGEWOOD COMMUNICATIONS, INC.",1,FY2024_Q4
"KEYSTONE RURAL HEALTH CONSORTIA, INC.",1,FY2024_Q4
OAKLAND INTEGRATED HEALTHCARE NETWORK,1,FY2024_Q4
KADLEC REGIONAL MEDICAL CENTER,1,FY2024_Q4
MEMORIAL HOSPITAL FLAGLER DBA ADVENTHEALTH PALM CO,1,FY2024_Q4
"C.N. ASSOCIATES, INC.",1,FY2024_Q4
"DELOS REYES CARE FACILITIES,INC.",1,FY2024_Q4
LORENA E. GUANZON DBA GUANZON RESIDENTIAL CARE,1,FY2024_Q4
"OHPOKI, INC.",1,FY2024_Q4
HENGHENG LLC,1,FY2024_Q4
DUQUESNE CLUB,1,FY2024_Q4
"RING AND FLOWER DINING, INC.",1,FY2024_Q4
AYEC INC,1,FY2024_Q4
CARIBBEAN PARADISE JAMAICAN RESTAURANT AND CATERIN,1,FY2024_Q4
ST MARIA PIZZA INC,1,FY2024_Q4
MASHPEE ORIENTAL INC,1,FY2024_Q4
JOKA INC,1,FY2024_Q4
PASHA GRILL LLC,1,FY2024_Q4
HAKATA FC LLC,1,FY2024_Q4
PB COFFEE LLC,1,FY2024_Q4
TAVERNA CRETEKOU,1,FY2024_Q4
"LANHAM INSULATION, INC.",1,FY2024_Q4
BARKING PARKS L.L.C.,1,FY2024_Q4
ANTONIETTA MANCINO,1,FY2024_Q4
BRITTANY SWALWELL,1,FY2024_Q4
HUDA ENTERPRISES INC,1,FY2024_Q4
LIONS GROUP INTERNATIONAL OF SW FL LLC,1,FY2024_Q4
"VACACIONES EN FLORIDA, LLC",1,FY2024_Q4
"1100 WEST INVESTMENTS, LLC",1,FY2024_Q4
TOP DOLLAR AMUSEMENT LLC,1,FY2024_Q4
ITX INTERNATIONAL INC.,1,FY2024_Q4
ARPI INC HOME HEALTH CARE SERVICES,1,FY2024_Q4
"IDEAL WINDOWS, INC.",1,FY2024_Q4
HARANG US INC,1,FY2024_Q4
J QUINTERO ROOFING CORP,1,FY2024_Q4
KEVIN HISSEM,1,FY2024_Q4
KORA RAE CLOTHING LLC,1,FY2024_Q4
"SWISSLANE FARMS, INC.",1,FY2024_Q4
"NORTHERN OYSTER COMPANY, INC.",1,FY2024_Q4
SHINHWA AUTO USA,1,FY2024_Q4
AVIATION PROFESSIONAL SERVICES LLC,1,FY2024_Q4
BARKINGHAM PALACE,1,FY2024_Q4
SUNRISE SUPERMARKET INC,1,FY2024_Q4
ERWIN ISOKAITIS JUNIOR LLC,1,FY2024_Q4
IMKOR LLC,1,FY2024_Q4
HR BEAUTY INC,1,FY2024_Q4
LIYA INVESTMENTS LP,1,FY2024_Q4
"ELEMIS USA, INC.",1,FY2024_Q4
"INTERGLOBO NORTH AMERICA, INC.",1,FY2024_Q4
THE GEORGETOWN COMPANY,1,FY2024_Q4
AMC USA LLC,1,FY2024_Q4
STAR ENERGY SERVICES INC.,1,FY2024_Q4
"INNOVATIVE SURFACE TECHNOLOGIES, INC.",1,FY2024_Q4
SUNRISE PHARMACEUTICAL INC.,1,FY2024_Q4
KRAJA CONSTRUCTION AND PAINTING LLC,1,FY2024_Q4
"AGADIA SYSTEMS, INC.",1,FY2024_Q4
BLUE ONE SOLUTIONS LLC,1,FY2024_Q4
ACUCARE HEALTH STRATEGIES,1,FY2024_Q4
"L5E, LLC",1,FY2024_Q4
ARAMCO IMPORTS INC,1,FY2024_Q4
ON THE RIGHT TRACK SYSTEMS INC,1,FY2024_Q4
"KUSTOV  ASSOCIATES, INC.",1,FY2024_Q4
REACH GLOBAL INDUSTRIES,1,FY2024_Q4
OKU SUSHI  POKE LLC,1,FY2024_Q4
"B CAPITAL GROUP US, LLC",1,FY2024_Q4
GROUP HEALTH FOUNDATION DBA INATAI FOUNDATION,1,FY2024_Q4
SHRI PADMAVATI LLC,1,FY2024_Q4
ZILLIANT INCORPORATED,1,FY2024_Q4
"AVEPOINT, INC.",1,FY2024_Q4
"RBM TECHNOLOGIES, INC.",1,FY2024_Q4
"ANT AUTOMATION, LLC",1,FY2024_Q4
BANKERS INSURANCE COMPANY,1,FY2024_Q4
APEX SERVICE PARTNERS,1,FY2024_Q4
"VISTAGE WORLDWIDE, INC.",1,FY2024_Q4
TRANSUNION RENTAL SCREENING SOLUTIONS,1,FY2024_Q4
AGILE HEALTH TECHNOLOGIES,1,FY2024_Q4
"DISNEY PARKS TECHNOLOGY SERVICES CO., LLC",1,FY2024_Q4
SVS TECHNOLOGIES LIMITED,1,FY2024_Q4
REGAL CINEMAS INC,1,FY2024_Q4
WELLMAX USA CORP DBA STARLUX CORP,1,FY2024_Q4
"INTERLINK TRANSPORT TECHNOLOGIES, INC.",1,FY2024_Q4
BOWMAN ENGINEERING  CONSULTING,1,FY2024_Q4
"PAYOLI, LLC",1,FY2024_Q4
STILES MACHINERY INC.,1,FY2024_Q4
XTEL COMMUNICATIONS INC.,1,FY2024_Q4
CEVIANS LLC,1,FY2024_Q4
KERI ENGINEERING PC,1,FY2024_Q4
"ELECTRONIC PRODUCT SERVICES, LLC",1,FY2024_Q4
ADAPTIMMUNE,1,FY2024_Q4
RESEARCH TRIANGLE INSTITUTE INTERNATIONAL RTI INT,1,FY2024_Q4
AUCTA PHARMACEUTICALS INC.,1,FY2024_Q4
HUANG LAW GROUP,1,FY2024_Q4
NAVAJO TECHNICAL UNIVERSITY,1,FY2024_Q4
UNIVERSITY OF NEW ORLEANS,1,FY2024_Q4
WEST CHESTER UNIVERSITY OF PENNSYLVANIA,1,FY2024_Q4
PACIFIC UNIVERSITY,1,FY2024_Q4
SEJONG ACADEMY OF MINNESOTA,1,FY2024_Q4
TIME ADVERTISING INC.,1,FY2024_Q4
ASIAN AMERICAN BUSINESS DEVELOPMENT CENTER,1,FY2024_Q4
ALTARE PUBLISHING INC,1,FY2024_Q4
EROS KAW,1,FY2024_Q4
WINNER THAI LLC,1,FY2024_Q4
KARATS FINE JEWELRY,1,FY2024_Q4
"POKE WAVE ENTERPRISES, LLC.",1,FY2024_Q4
GBL TRADING INC,1,FY2024_Q4
ASTORIA HONG KONG RESTAURANT INC,1,FY2024_Q4
YOGYBEE V INC,1,FY2024_Q4
ANATOLIA LLC,1,FY2024_Q4
COFFEE ACADEMY LLC,1,FY2024_Q4
HQ HOSPITALITY LLC,1,FY2024_Q4
MELISSA OYERKLEIN,1,FY2024_Q4
TIMOTHY EGAN,1,FY2024_Q4
S  I INC DBA MOOSE ON THE LOOSE,1,FY2024_Q4
ALMEDA SWIFT STORE LLC,1,FY2024_Q4
PACIFIC METALS TRADING INC.,1,FY2024_Q4
SPLATFORM LLC,1,FY2024_Q4
PPG TRANS INC.,1,FY2024_Q4
BLD REALTY LLC,1,FY2024_Q4
STALLION ENTERPRISE LLC,1,FY2024_Q4
"FURBINOS PAINTING, INC.",1,FY2024_Q4
EMILY  THE ANGEL COACH LLC,1,FY2024_Q4
"EDUCORE, INC.",1,FY2024_Q4
"CAPE ENVIRONMENTAL MANAGEMENT, INC",1,FY2024_Q4
SOUTHWEST FLORIDA COPIER SERVICE,1,FY2024_Q4
GERAS HOME CARE SERVICES LLC,1,FY2024_Q4
CHRISTOPHER WHITEHEAD FARMS PARTNERSHIP,1,FY2024_Q4
BIG RIVER STEEL LLC,1,FY2024_Q4
WHITE ELEPHANT EATERIE LLC,1,FY2024_Q4
AAA MARINE VENTURA LLC,1,FY2024_Q4
MART 21 LLC,1,FY2024_Q4
BASTION HOSPITALITY LLC,1,FY2024_Q4
MARIVA CAPITAL MARKETS LLC,1,FY2024_Q4
BUDHWANI  VIRANI INC.,1,FY2024_Q4
SUMITOMO PHARMA ONCOLOGY,1,FY2024_Q4
DEREX TECHNOLOGIES INC,1,FY2024_Q4
"KELLER WILLIAMS REALTY, INC.",1,FY2024_Q4
INFOSWIFT CORP,1,FY2024_Q4
AMCS GROUP,1,FY2024_Q4
"AUROBINDO PHARMA USA, INC.",1,FY2024_Q4
"WESTERN POST US, INC.",1,FY2024_Q4
HUNKAR LLC,1,FY2024_Q4
HUTCHINSON AND BLOODGOOD LLP,1,FY2024_Q4
CNM LLP,1,FY2024_Q4
SCHROEDER PARTNERSHIP LTD,1,FY2024_Q4
LAW OFFICES OF MANUEL E. SOLIS,1,FY2024_Q4
PERIBECA LLC,1,FY2024_Q4
"CHICAGO PACIFIC CAPITAL, LP",1,FY2024_Q4
"PREMIUM BRANDS SERVICES, LLC, DBA ASCENA RETAIL GROUP",1,FY2024_Q4
EVERGREEN TRAINING INC,1,FY2024_Q4
ADMINISTRATIVE OFFICE OF THE COURTS,1,FY2024_Q4
"WHITEPAGES, INC.",1,FY2024_Q4
"INSTITUTIONAL SHAREHOLDER SERVICES, INC.",1,FY2024_Q4
"BESPOKE FINANCIAL, INC.",1,FY2024_Q4
"IT GLITTERZ, LLC",1,FY2024_Q4
MASTERCONTROL INC,1,FY2024_Q4
"TEXAS TEACHERS OF TOMORROW, LLC",1,FY2024_Q4
FUJIFILM HEALTHCARE AMERICAS CORPORATION,1,FY2024_Q4
"TRUSTEK, INC.",1,FY2024_Q4
"EDGESTREAM PARTNERS, L.P.",1,FY2024_Q4
"IDEA ARCHITECTS, LLC",1,FY2024_Q4
"CCL USA, INC.",1,FY2024_Q4
SHAWNDRA PRODUCTS INC.,1,FY2024_Q4
BOSCH THERMOTECHNOLOGY CORPORATION,1,FY2024_Q4
"LS CABLE  SYSTEM USA, INC.",1,FY2024_Q4
"RICARDO, INC.",1,FY2024_Q4
AVERATEK CORPORATION,1,FY2024_Q4
COMPASS BEHAVIORAL  DEVELOPMENTAL CONSULTANTS LL,1,FY2024_Q4
"YANG  ASSOCIATES, P.C.",1,FY2024_Q4
UNIVERSITY OF ARKANSAS AT LITTLE ROCK,1,FY2024_Q4
SOUTHERN WESLEYAN UNIVERSITY,1,FY2024_Q4
THE PRINCIPIA CORPORATION,1,FY2024_Q4
HOSPITAL PHYSICIAN SERVICES SOUTHEAST PROFESSIONAL,1,FY2024_Q4
THROGS NECK OPERATING CO LLC,1,FY2024_Q4
DOLORES A. LOPEZ,1,FY2024_Q4
SELIN ENTERPRISES LLC DBA TRUVA TURKISH KITCHEN,1,FY2024_Q4
"EL ZECATECANO, LLC.",1,FY2024_Q4
MARAOLI CORPORATION DBA VILLA OLIVETTI RESTAURANT,1,FY2024_Q4
INDOCHINA INC,1,FY2024_Q4
"UKAI, INC DBA UKAI JAPANESE BISTRO",1,FY2024_Q4
HRS ESTATES LLC,1,FY2024_Q4
MEGHAN BOWE WAGONER,1,FY2024_Q4
NATASHA K HACKETT,1,FY2024_Q4
JAMES HANNA,1,FY2024_Q4
KLATTER INVESTMENTS LLC,1,FY2024_Q4
LAUREN AMELIA FREUND,1,FY2024_Q4
HORIZON JEWELRY,1,FY2024_Q4
"ZUMY 833, INC.",1,FY2024_Q4
INTERTRADE FINANCIAL CONSULTING LLC,1,FY2024_Q4
W CONCEPT USA INC.,1,FY2024_Q4
EZL LOGISTICS,1,FY2024_Q4
SUPREME MARKETING INC,1,FY2024_Q4
CHANG  DEKA LLC,1,FY2024_Q4
"WILSHIRE CARDIOLOGY GROUP, APC",1,FY2024_Q4
DAVISVILLE PROPERTIES INC. DBA DAVISVILLE MANAGEMENT COMPANY,1,FY2024_Q4
HARBORVIEW FARMS LLC DBA 8 HANDS FARM,1,FY2024_Q4
HOFFMAN LAND  CATTLE LLC,1,FY2024_Q4
KT GENERAL CONTRACTING LLC,1,FY2024_Q4
AFFORDABLE FOUNDATION SOLUTIONS INC.,1,FY2024_Q4
RCM CARPENTRY,1,FY2024_Q4
"P3 FLEET, LLC",1,FY2024_Q4
"KNAPP TRUCKING, LLC",1,FY2024_Q4
MEDITERRANEAN BAKERY INC,1,FY2024_Q4
"I M SHIN ENTERPRISES, INC. DBA MARKET AT COLUMBIA PLAZA",1,FY2024_Q4
NC TAX SERVICES,1,FY2024_Q4
"QUANTILOPE, INC.",1,FY2024_Q4
"HUGE, LLC",1,FY2024_Q4
"ENERGIX US, LLC",1,FY2024_Q4
"FLEX INTERCONNECT TECHNOLOGIES, INC.",1,FY2024_Q4
GSE INTERNATIONAL LLC,1,FY2024_Q4
LEGACY CORPORATION OF IL,1,FY2024_Q4
"GIANT EAGLE, INC.",1,FY2024_Q4
ISEE CAREER SOLUTIONS,1,FY2024_Q4
"DELUXE MEDICAL SUPPLY, LLC",1,FY2024_Q4
"CENTRALBOS EMPLOYEE SERVICES, INC.",1,FY2024_Q4
"UNIVERSAL SYSTEM TECHNOLOGIES, INC.",1,FY2024_Q4
NATIONAL CHECKING COMPANY,1,FY2024_Q4
METASENSE INC,1,FY2024_Q4
MAGIC RIDES INC.,1,FY2024_Q4
SNSCARS INC,1,FY2024_Q4
A.R. PLASTICS LLC,1,FY2024_Q4
ETERNAL BLESSING CORP.,1,FY2024_Q4
JEROME BELLOTTI  ASSOCIATES,1,FY2024_Q4
APERCEN PARTNERS LLC,1,FY2024_Q4
"EVERGREEN ENTERPRISES, LLC",1,FY2024_Q4
AMERICAN AUTO BANKERS INC,1,FY2024_Q4
ALL FOR YOU PRODUCTS CORP,1,FY2024_Q4
"EQUITY MULTIPLE, INC.",1,FY2024_Q4
RBI MORTGAGES LLC,1,FY2024_Q4
INTEX SOLUTIONS INC.,1,FY2024_Q4
INTERNATIONAL CAPITAL LLC,1,FY2024_Q4
EQUISTAR CHEMICALS LP,1,FY2024_Q4
PACKAGING CORPORATION OF AMERICA,1,FY2024_Q4
"CAESARS ENTERPRISE SERVICES, LLC",1,FY2024_Q4
ANDELA INC,1,FY2024_Q4
"HPS SOFTWARE SOLUTIONS, INC",1,FY2024_Q4
"OOMA, INC",1,FY2024_Q4
"MIS SOLUTIONS, INC.",1,FY2024_Q4
"HDR, INC.",1,FY2024_Q4
DHAVAL SHAH DDS INC,1,FY2024_Q4
ANSIRA PARTNERS INC,1,FY2024_Q4
"HEMOSTASIS, LLC",1,FY2024_Q4
INKBIT LLC,1,FY2024_Q4
INFOSOLUTIONS INC.,1,FY2024_Q4
SP GLOBAL INC.,1,FY2024_Q4
VENSIT CORP,1,FY2024_Q4
EBUILDER,1,FY2024_Q4
IDATALYTICS LLC,1,FY2024_Q4
LIVEACTION,1,FY2024_Q4
"ARMOIRE STYLE, INC.",1,FY2024_Q4
"NOVA CLINICAL RESEARCH, LLC",1,FY2024_Q4
EXCLUSIVELY YOURS FINANCIAL SERVICES,1,FY2024_Q4
"AY DEE KAY, LLC",1,FY2024_Q4
"BARRYWEHMILLER COMPANIES, INC.",1,FY2024_Q4
INTERMARKET CORP,1,FY2024_Q4
"TK, LLC",1,FY2024_Q4
RJC ARCHITECTS INC.,1,FY2024_Q4
JACKSON  RYAN ARCHITECTS,1,FY2024_Q4
"BLUEBIRD BIO, INC.",1,FY2024_Q4
LAW OFFICE OF JENNIFER L BENNETT,1,FY2024_Q4
GRASSHOPPER TRADING CO,1,FY2024_Q4
PARY,1,FY2024_Q4
ITASCA ORCHESTRA AND STRINGS PROGRAM,1,FY2024_Q4
"INTERPRETING SERVICES INTERNATIONAL, LLC",1,FY2024_Q4
EVERYONES FAMILY DENTAL ST. CHARLES,1,FY2024_Q4
"ASSOCIATES IN ENDODONTICS, P.C.",1,FY2024_Q4
COQUILLE VALLEY HOSPITAL,1,FY2024_Q4
"CLINCH PROFESSIONAL PHYSICIAN SERVICES, LLC",1,FY2024_Q4
NKDHC,1,FY2024_Q4
ANNANDALE FAMILY MEDICINE PC,1,FY2024_Q4
FALSA LIMONADA LLC,1,FY2024_Q4
"ARCANGELO  CO., LLC",1,FY2024_Q4
"MT. EVEREST CUISINE, INC.",1,FY2024_Q4
J TO P CORP,1,FY2024_Q4
OLIVEIRAS ENTERPRISES CORP,1,FY2024_Q4
"H.U.R.B. LANDSCAPING, INC.",1,FY2024_Q4
PRIYA ESTHETIC INC,1,FY2024_Q4
GERALD TOPITZER PRIVATE HOUSEHOLD,1,FY2024_Q4
JILLIAN MARIUTTI,1,FY2024_Q4
LAUREN BELL,1,FY2024_Q4
AMIR MADDEN,1,FY2024_Q4
KRISTIN BARTHOLOMEW,1,FY2024_Q4
JOHNATHAN ZEMONEK,1,FY2024_Q4
AJT MANAGMENT GROUP,1,FY2024_Q4
FREEDOM SOFTWARE LLC,1,FY2024_Q4
GLOBAL INDUPROD INTERNATIONAL LLC,1,FY2024_Q4
MODERN DAY AUCTIONS,1,FY2024_Q4
CROWN DANCE SHOES INC.,1,FY2024_Q4
BARON  VASCONCELOS LLC,1,FY2024_Q4
DEKKER DAIRY FARMS LLC,1,FY2024_Q4
BAKER AG,1,FY2024_Q4
BURGESS AIRCRAFT MANAGEMENT,1,FY2024_Q4
PARADIGM INC.,1,FY2024_Q4
RBC GLOBAL ASSET MANAGEMENT U.S. INC.,1,FY2024_Q4
"BIG BOY HEADGEAR, INC.",1,FY2024_Q4
SMALL WONDERS PRESCHOOL AND LEARNING CENTER LLC,1,FY2024_Q4
JAMES M BARB CONSTRUCTION INC,1,FY2024_Q4
OSTERIA PIEMONTE CORPORATION,1,FY2024_Q4
LOVINGLY LLC,1,FY2024_Q4
"UNITED NATIONAL CLOSEOUT STORES, INC.",1,FY2024_Q4
DISTRICT OF COLUMBIA BAR,1,FY2024_Q4
"CSX TRANSPORTATION, INC.",1,FY2024_Q4
"PLATTE CENTER WEST, LLC",1,FY2024_Q4
"HOMELEGANCE TX, INC.",1,FY2024_Q4
"ORION MARINE CONSTRUCTION, INC.",1,FY2024_Q4
VARNAM INC,1,FY2024_Q4
"PRESTIGE MOLD, INC",1,FY2024_Q4
THE VIVA PARTNERSHIP,1,FY2024_Q4
RAY OF EDEN LLC,1,FY2024_Q4
"GOLD EMPIRE JEWELRY, INC.",1,FY2024_Q4
ALLIANCE FUNDING GROUP,1,FY2024_Q4
HARBOR CARE CENTER,1,FY2024_Q4
JUDSON UNIVERSITY A BAPTIST INSTITUTION,1,FY2024_Q4
"AVION LABS, INC.",1,FY2024_Q4
CLI NY LLC,1,FY2024_Q4
"NEW NEIGHBORHOOD, INC",1,FY2024_Q4
RSR INVESTMENT BUSINESS LLC,1,FY2024_Q4
ST GROUP P.C.,1,FY2024_Q4
REMODEL DESIGN  BUILD CO.,1,FY2024_Q4
PRESTIGE TRADING,1,FY2024_Q4
"BEST CHOICE PRODUCTS, INC",1,FY2024_Q4
GRSI,1,FY2024_Q4
MD CHARTS LLC,1,FY2024_Q4
MGF SOURCING,1,FY2024_Q4
MASTER INFORMATIX SYSTEMS INC,1,FY2024_Q4
WARMLYYOURS.COM INC,1,FY2024_Q4
"DAMAN, INCORPORATED",1,FY2024_Q4
"MUDRASYS, INC",1,FY2024_Q4
NEXON AMERICA INC.,1,FY2024_Q4
SOFTWARE INCUBATOR INC.,1,FY2024_Q4
BIGLEAF NETWORKS,1,FY2024_Q4
NUANZA INC,1,FY2024_Q4
BTREE SOLUTIONSINC,1,FY2024_Q4
MECHANIC STORE INC,1,FY2024_Q4
"T.L.F. GRAPHICS, INC.",1,FY2024_Q4
"DYNATA, LLC",1,FY2024_Q4
"KRYPTOWIRE, INC.",1,FY2024_Q4
"HILLROM MANUFACTURING, INC.",1,FY2024_Q4
GOLDBELLY INC.,1,FY2024_Q4
"BANYAN SECURITY, INC.",1,FY2024_Q4
DEGREE INTERNATIONAL GROUP INC,1,FY2024_Q4
YOUTH VILLAGES,1,FY2024_Q4
CJ FOODS MANUFACTURING BEAUMONT CORPORATION,1,FY2024_Q4
EFIELD USA INC.,1,FY2024_Q4
ONYX CARD LLC,1,FY2024_Q4
ACE AUTO CLUB LLC,1,FY2024_Q4
"LIANG ARCHITECTURE BUREAU PLUS, INC",1,FY2024_Q4
MCN BUILD,1,FY2024_Q4
"PHILIP ROSS INDUSTRIES, INC.",1,FY2024_Q4
"ASENSUS SURGICAL US, INC.",1,FY2024_Q4
"RANI THERAPEUTICS, LLC",1,FY2024_Q4
AXISCADES INC,1,FY2024_Q4
ACM GEORGIA,1,FY2024_Q4
BIAMP SYSTEMS,1,FY2024_Q4
"SHADPOUR CONSULTING ENGINEERS, LP",1,FY2024_Q4
ORNUA WHITEHALL INGREDIENTS INC.,1,FY2024_Q4
"PRIMERGY SOLAR MANAGEMENT, LLC",1,FY2024_Q4
"MITCHELLGIURGOLA ARCHITECTS, LLP",1,FY2024_Q4
KATTEN MUCHIN ROSENMAN LLP,1,FY2024_Q4
"BROWN IMMIGRATION LAW PC, LLO",1,FY2024_Q4
LUBIN PHAM  CAPLIN LLP,1,FY2024_Q4
ROBERT MORRIS UNIVERSITY,1,FY2024_Q4
TEXAS STATE UNIVERSITYSAN MARCOS,1,FY2024_Q4
"JECUS, INC. DBA SAPIX USA",1,FY2024_Q4
BILINGUAL BUDS NYC,1,FY2024_Q4
PENDERGAST ELEMENTARY SCHOOL DISTRICT,1,FY2024_Q4
"GEIGER INTERNATIONAL, INC.",1,FY2024_Q4
"SITUATION PUBLISHING LIMITED, INC.",1,FY2024_Q4
"SUBURBAN PHARMACY LTC, INC",1,FY2024_Q4
ST. VINCENT WILLIAMSPORT HOSPITAL INC.,1,FY2024_Q4
REDINGTONFAIRVIEW GENERAL HOSPITAL,1,FY2024_Q4
COGENT HEALTHCARE OF GEORGIA PC,1,FY2024_Q4
CHI MERCY HEALTH VALLEY CITY,1,FY2024_Q4
WILLIAM Z COHEN,1,FY2024_Q4
THE NOODLE BAR LLC,1,FY2024_Q4
"KELSCOPOP, LLC",1,FY2024_Q4
"PIZZERIA LA SIERRA, INC.",1,FY2024_Q4
"SKO, INC.",1,FY2024_Q4
WING FENG LONG INC,1,FY2024_Q4
EK FOOD INC.,1,FY2024_Q4
DAEBAK ENTERPRISE CORPORATION,1,FY2024_Q4
NETTIES,1,FY2024_Q4
"ACQUA CLEAR POOL SERVICES, INC.",1,FY2024_Q4
ECO NAIL LLC,1,FY2024_Q4
ANGELA PARRIS TOBIN,1,FY2024_Q4
MATTHEW RICHARD TRACEY,1,FY2024_Q4
LAUREN HILL THEODORAKOS,1,FY2024_Q4
MD SHOPE LLC,1,FY2024_Q4
KAM CONTROLS,1,FY2024_Q4
"LUFTHANSA SYSTEMS AMERICAS, INC.",1,FY2024_Q4
MALOM CONSULTING CORP,1,FY2024_Q4
OLD NEW YORK PIZZA INC,1,FY2024_Q4
NY POWER TEL,1,FY2024_Q4
"BEAR BLOCK MOTORS, INC",1,FY2024_Q4
EXIST INC,1,FY2024_Q4
PLUS RECYCLING NETWORK,1,FY2024_Q4
SOUTH FLORIDA BIBLE COLLEGE  THEOLOGICAL SEMINARY,1,FY2024_Q4
BK FOODS LLC,1,FY2024_Q4
GENESIS CONSTRUCTION  RENOVATION COMPANY,1,FY2024_Q4
"WON PRODUCE, INC.",1,FY2024_Q4
TOM RANCH COMPANY,1,FY2024_Q4
QUAD FARMS LLC,1,FY2024_Q4
B BUEHL INDUSTRIES INC DBA A  B ROOFING,1,FY2024_Q4
"TK HARDWOOD FLOORING, INC.",1,FY2024_Q4
DAMOIA CARPENTRY INC.,1,FY2024_Q4
RAYDA TIRES INC.,1,FY2024_Q4
SOUTHWEST COATING SERVICE LLC,1,FY2024_Q4
SANDIGO MECHANICAL CONTRACTING INC,1,FY2024_Q4
PREMIUM QUALITY MEATS INC,1,FY2024_Q4
"MANA MRI, LLC",1,FY2024_Q4
"GREEN BIO ENERGY, INC.",1,FY2024_Q4
REAL FOOD DURHAM LLC DBA GUASACA,1,FY2024_Q4
ROLLS SHADING SYSTEMS LLC,1,FY2024_Q4
WD40 COMPANY,1,FY2024_Q4
"SUZANNE ZAHR, INC.",1,FY2024_Q4
PRINCETON NUENERGY INC,1,FY2024_Q4
SIGNDEALZ,1,FY2024_Q4
VEGA PRODUCE LLC,1,FY2024_Q4
POWERFUL MEN LLC,1,FY2024_Q4
"CSCGH SHARED SERVICES, LLC",1,FY2024_Q4
SEG AUTOMOTIVE NORTH AMERICA LLC,1,FY2024_Q4
SMILE MARKET INC,1,FY2024_Q4
VICTORIA FINANCIAL CORP,1,FY2024_Q4
TARKETT,1,FY2024_Q4
"PHARO MANAGEMENT, INC",1,FY2024_Q4
"SMBC NIKKO SECURITIES AMERICA, INC.",1,FY2024_Q4
NESPON INC.,1,FY2024_Q4
ASPIRE SYSTEMS INC,1,FY2024_Q4
"HOMISCO, INC",1,FY2024_Q4
"YPRIME, LLC",1,FY2024_Q4
"DIGITEK SOFTWARE, INC",1,FY2024_Q4
"GAIN AMERICA, INC.",1,FY2024_Q4
CORPORATE COMPUTER  SOLUTIONS LLC,1,FY2024_Q4
ROCK FLOW DYNAMICS INC,1,FY2024_Q4
HSK TECHNOLOGIES INC,1,FY2024_Q4
"PROTEC SECURE CARD, LLC.",1,FY2024_Q4
NS INFO HOLDINGS LLC,1,FY2024_Q4
"AQX ENGINEERING, INC.",1,FY2024_Q4
"CSEICON, INC.",1,FY2024_Q4
PROCEPT BIOROBOTICS,1,FY2024_Q4
"TEGAM, INC.",1,FY2024_Q4
SUPREMACY SERVICES INC,1,FY2024_Q4
"CABWORKS CUSTOM ELEVATORS, INC.",1,FY2024_Q4
BOWERY FARMING INC,1,FY2024_Q4
PARADISE TOMATO KITCHENS,1,FY2024_Q4
"NAN YA PLASTICS CORP., AMERICA",1,FY2024_Q4
INSPIRATION GLOBAL LLC,1,FY2024_Q4
TEXAS AM UNIVERSITY  KINGSVILLE,1,FY2024_Q4
STATE UNIVERSITY OF NEW YORK AT BINGHAMTON,1,FY2024_Q4
MIDWEST UNIVERSITY,1,FY2024_Q4
THREEFOLD EDUCATIONAL FOUNDATION AND SCHOOL,1,FY2024_Q4
"ANESTHESIA SPECIALISTS OF BETHLEHEM, P.C.",1,FY2024_Q4
"COMMONWEALTH HEALTH CORPORATION, INC.",1,FY2024_Q4
WARD MEMORIAL HOSPITAL,1,FY2024_Q4
KEING CORPORATION,1,FY2024_Q4
RICHMOND RESTAURANT GROUP VIII,1,FY2024_Q4
MILFORD CHARLEYS PHILLY STEAKS INC DBA CHARLEYS PH,1,FY2024_Q4
TEXAS STAR BLESSED INC DBA EXPRESS LANE TEXECO,1,FY2024_Q4
RAM KRUSHNA LLC,1,FY2024_Q4
KHANHS SPORTS  BOUTIQUE INC,1,FY2024_Q4
PACIFIC BASIN INSURANCE COMPANY,1,FY2024_Q4
"NORTHERN LIGHTS PAINTING COMPANY, INC.",1,FY2024_Q4
"STAR WORLD HOME HEALTH CARE SERVICES, INC.",1,FY2024_Q4
TOM SACHS STUDIO LLC,1,FY2024_Q4
"VS, INC.",1,FY2024_Q4
RYAN INC SOUTHERN,1,FY2024_Q4
SEABRA FOODS VII INC.,1,FY2024_Q4
KELVIN INC.,1,FY2024_Q4
CAB CAPITAL INVESTMENTS  ASSOCIATE,1,FY2024_Q4
FN USA INC,1,FY2024_Q4
WORLD WIDE DATA LINK INC.,1,FY2024_Q4
NORMA MICHIGAN INC.,1,FY2024_Q4
ALL STATE 12 GENERAL CONTRACTING CORP.,1,FY2024_Q4
"NIBCO, INC.",1,FY2024_Q4
FOODKOPOLIS LLC,1,FY2024_Q4
NORMAN KEIL NURSERIES INC.,1,FY2024_Q4
PLANT AND MATTER LLC,1,FY2024_Q4
BRIDGEVOICE INC,1,FY2024_Q4
DOUBLE M DIAMONDS LLC,1,FY2024_Q4
"CKP, LLP",1,FY2024_Q4
"EXPERTAX FINANCIAL, LLC",1,FY2024_Q4
USF USA LOGISTICS LTD,1,FY2024_Q4
THE OLAMA CORPORATION,1,FY2024_Q4
AIG LATIN AMERICA I.I.,1,FY2024_Q4
STEPSTONE GROUP LP,1,FY2024_Q4
VISIONSTREAM LLC,1,FY2024_Q4
UNITED STATES COLD STORAGE,1,FY2024_Q4
HUMOR RAINBOW INC,1,FY2024_Q4
"BRACEBRIDGE CAPITAL, LLC",1,FY2024_Q4
HECTOR SYSTEMS INC,1,FY2024_Q4
SPARTAN SOLUTIONS INC.,1,FY2024_Q4
"COVESTIC, INC.",1,FY2024_Q4
CDW TECHNOLOGIES LLC,1,FY2024_Q4
"DATACHAT, INC.",1,FY2024_Q4
"BON SECOURS MERCY HEALTH, INC",1,FY2024_Q4
GLOBAL FORCE USA INC,1,FY2024_Q4
AQUATIC GROUP LLC,1,FY2024_Q4
"3SAE TECHNOLOGIES, INC.",1,FY2024_Q4
"WPENGINE, INC",1,FY2024_Q4
RPI,1,FY2024_Q4
"ANER GROUP, INC",1,FY2024_Q4
RAREBREED VETERINARY PARTNERS,1,FY2024_Q4
GLOBAL SIGMA GROUP LLC,1,FY2024_Q4
GEORGIAPACIFIC CONSUMER PRODUCTS LP,1,FY2024_Q4
ESSEX LAKE GROUP LLC,1,FY2024_Q4
"AXELA TECHNOLOGIES, INC",1,FY2024_Q4
"CUNINGHAM GROUP ARCHITECTURE, INC.",1,FY2024_Q4
"GREENBERG FARROW ARCHITECTURE, INC.",1,FY2024_Q4
JONATHAN ALDERSON LANDSCAPE ARCHITECTS,1,FY2024_Q4
"CIVIL SCIENCE INFRASTRUCTURE, INC.",1,FY2024_Q4
"JCQ SERVICES, INC",1,FY2024_Q4
ZTEX CONSTRUCTION INC,1,FY2024_Q4
"FEDERATED WIRELESS, INC",1,FY2024_Q4
ASPECT ENGINEERING GROUP,1,FY2024_Q4
INDICATE TECHNOLOGIES INC.,1,FY2024_Q4
TRANSOCEAN OFFSHORE DEEPWATER DRILLING INC.,1,FY2024_Q4
DICASTAL NORTH AMERICA INC.,1,FY2024_Q4
BAR PROCESSING CORP,1,FY2024_Q4
LDA DESIGN GROUP INC,1,FY2024_Q4
"INTELLIA THERAPEUTICS, INC.",1,FY2024_Q4
RAAZI CLINICAL LABORATORY LLC,1,FY2024_Q4
DRAKE REAL ESTATE PARTNERS,1,FY2024_Q4
CHINATOWN SERVICE CENTER,1,FY2024_Q4
YOUTH EASTSIDE SERVICES,1,FY2024_Q4
ST. LUKES CLINIC  ALA MOANA INC.,1,FY2024_Q4
BRACK LAW LLC,1,FY2024_Q4
"HOGE, FENTON, JONES AND APPEL",1,FY2024_Q4
BABY STARS INC,1,FY2024_Q4
PACE GALLERY LLC,1,FY2024_Q4
GSDM LLC,1,FY2024_Q4
"BLUE BELL USA LLC., DBA A2B INDIAN VEG RESTAURANT",1,FY2024_Q4
DENTWELL PC,1,FY2024_Q4
BENZER WI 2 LLC,1,FY2024_Q4
COMMUNITY PHARMACY,1,FY2024_Q4
"SPENCER MUNICIPAL HOSPITAL, DBA SPENCER HOSPITAL",1,FY2024_Q4
"BMS RESTAURANTS, LLC",1,FY2024_Q4
345 GOLDSTREAM DINING CO.,1,FY2024_Q4
"HILLTOP ROAD DEV.LLP.,DBA TANDOOR PALACE REST.BAR",1,FY2024_Q4
BORIS GUSTAVO DURAN MENDIBLE,1,FY2024_Q4
"GREEN BOYS LAWNCARE, INC.",1,FY2024_Q4
LIRON PERGAMENTGAL,1,FY2024_Q4
ELIZABETH NEUGART CORONADO,1,FY2024_Q4
BRUNO DRUMMOND  INDIVIDUAL EMPLOYER,1,FY2024_Q4
BRYANT GRIFFITH,1,FY2024_Q4
ALI K CARAVELLA,1,FY2024_Q4
AALIYAH GROUP LLC,1,FY2024_Q4
ELVIS EXXON INC. DBA ELVIS EXXON,1,FY2024_Q4
"AARIZ, INC. DBA PROIMAGE SPORTS",1,FY2024_Q4
COMSOL INC,1,FY2024_Q4
"DESMET BALLESTRA NORTH AMERICA, INC.",1,FY2024_Q4
BAYSIDE PRIME SEAFOOD FREIGHT AND COLD STORAGE INC,1,FY2024_Q4
"DISJOBEL USA, LLC",1,FY2024_Q4
ACIG TECHNOLOGY INTERNATIONAL CORP,1,FY2024_Q4
EVENTS BY FAIZA,1,FY2024_Q4
CDW CONSULTANTS INC.,1,FY2024_Q4
VW WORLD INC,1,FY2024_Q4
LCS MASTER CONSTRUCTION INC,1,FY2024_Q4
AKROPOLIS MARBLE  GRANITE,1,FY2024_Q4
B  B DENTAL TECH CORP.,1,FY2024_Q4
GTE AGENCY,1,FY2024_Q4
ANINE BING,1,FY2024_Q4
"ALTRO USA INC., DBA COMPASS FLOORING",1,FY2024_Q4
"SPEAK UP AFRICA, INC",1,FY2024_Q4
"CARR, RIGGS  INGRAM, LLC",1,FY2024_Q4
ASHA RETAIL AND WHOLESALE LLC,1,FY2024_Q4
GRAHAM GROUP US INC,1,FY2024_Q4
"KAYNE ANDERSON CAPITAL ADVISORS, L.P.",1,FY2024_Q4
GOZUKAYA ENTERTAINMENT LLC,1,FY2024_Q4
CENTRAL AMUSEMENT INTERNATIONAL INC.,1,FY2024_Q4
"ROSSOMELA, INC.",1,FY2024_Q4
LOGICSITE LLC,1,FY2024_Q4
ETO DOORS CORP,1,FY2024_Q4
AMERICAN HYDROSTATICS DISTRIBUTION INC.,1,FY2024_Q4
KESS MANAGEMENT CORPORATION,1,FY2024_Q4
JG PLASTERING,1,FY2024_Q4
VIKRANT CONTRACTING  BUILDERS INC.,1,FY2024_Q4
IMEX GLOBAL ENTERPRISES INC,1,FY2024_Q4
AVANT ENERGY INC,1,FY2024_Q4
"CODEAGE, LLC.",1,FY2024_Q4
KG KARAVAN INC,1,FY2024_Q4
TOMCO MECHANICAL CORPORATION,1,FY2024_Q4
EZ WORLD CARGO INC.,1,FY2024_Q4
"BEVERLY RUG, INC.",1,FY2024_Q4
LUCKY PANDA KIDS LLC,1,FY2024_Q4
"AG APPLIANCE REPAIR, INC.",1,FY2024_Q4
LINCOLN ROAD GLOBAL MANAGEMENT LLC,1,FY2024_Q4
SELECT MEDICAL CORPORATION,1,FY2024_Q4
"INFOTREND, INC.",1,FY2024_Q4
"C2S TECHNOLOGIES, INC.",1,FY2024_Q4
INTERACTIVE BROKERS LLC,1,FY2024_Q4
"ETA TRANS, INC.",1,FY2024_Q4
LIFEFOUNDRY INC.,1,FY2024_Q4
"TERARECON, INC.",1,FY2024_Q4
AKIDEV CORPORATION,1,FY2024_Q4
INNOVATION FINANCE USA LLC,1,FY2024_Q4
CENTRA INC,1,FY2024_Q4
"GAVS TECHNOLOGIES N.A., INC",1,FY2024_Q4
"JB MEDICAL SUPPLY CO., INC.",1,FY2024_Q4
"ENTEGRATION, INC.",1,FY2024_Q4
"CLOUDWAVE INC.,",1,FY2024_Q4
COMPASS MINERALS,1,FY2024_Q4
ATYETI INC,1,FY2024_Q4
ASIMILY INC,1,FY2024_Q4
JANICO INC,1,FY2024_Q4
"EMD SERONO, INC.",1,FY2024_Q4
"EMPATH, INC.",1,FY2024_Q4
LABCORP CLINICAL RESEARCH UNIT INC.,1,FY2024_Q4
"JON BROUSE AIA  ASSOCIATES, INC.",1,FY2024_Q4
"ZEROAVIA, INC.",1,FY2024_Q4
KIEWIT INFRASTRUCTURE SOUTH CO.,1,FY2024_Q4
JIVAN BUILDERS INC.,1,FY2024_Q4
GMZ ENGINEERING INC.,1,FY2024_Q4
KNOXVILLE UTILITIES BOARD,1,FY2024_Q4
"HUMBOLDT WEDAG, INC.",1,FY2024_Q4
"UNITED FOODS INTERNATIONAL USA, INC.",1,FY2024_Q4
CHICAGO ROTEM MISSION CHURCH,1,FY2024_Q4
"YOUTH ENRICHMENT PROGRAM OF WILSON, INC.",1,FY2024_Q4
EPISCOPAL HIGH SCHOOL OF BATON ROUGE,1,FY2024_Q4
TEXAS TORAH INSTITUTE,1,FY2024_Q4
"F.E. MORAN, INC., FIRE PROTECTION",1,FY2024_Q4
NADAVON CAPITAL CORPORATION,1,FY2024_Q4
GLAB GROUP CORP,1,FY2024_Q4
"TRIBE CREATIVE, INC.",1,FY2024_Q4
"ASHLEY GILBREATH INTERIOR DESIGN, LLC",1,FY2024_Q4
"2TO1, INC.",1,FY2024_Q4
STUDIOS GO INC,1,FY2024_Q4
KOROLEV TENNIS LLC,1,FY2024_Q4
ASM SPORTS GROUP,1,FY2024_Q4
LOVE AND TRUTH CHRISTIAN CENTER INC,1,FY2024_Q4
KPB IMMIGRATION LAW FIRM PC,1,FY2024_Q4
"AHMADI AND ALVAND DDS, P.A.",1,FY2024_Q4
"MEZAFUSION, INC. DBA KINGS ROW GASTROPUB",1,FY2024_Q4
"SADATHIA FOODS, INC",1,FY2024_Q4
TAIKO LLC DBA Q SUSHI BAR  OMAKASE,1,FY2024_Q4
LAON JY CORP,1,FY2024_Q4
TEDPANICH INC,1,FY2024_Q4
"BOWIES BEST WINGS, INC.",1,FY2024_Q4
JAMO 31 INC.,1,FY2024_Q4
FRIENDS HOUSE,1,FY2024_Q4
AZ ROYAL NAILS AND SPA LLC,1,FY2024_Q4
"ANTEATER PEST CONTROL, INC.",1,FY2024_Q4
RIGHT CHOICE SENIOR LIVING LLC,1,FY2024_Q4
MOSDOTH BERESHITH INC.,1,FY2024_Q4
GREGORY CHIADIKA,1,FY2024_Q4
N  D INVESTMENT PROPERTIES LLC,1,FY2024_Q4
"METRO SUPERMARKET, INC.",1,FY2024_Q4
AQSA VENTURES LLC,1,FY2024_Q4
"BISMILLA ENTERPRISE, INC.",1,FY2024_Q4
ANZ RETAIL SERVICES CORPORATION,1,FY2024_Q4
ABED ZABEN INC,1,FY2024_Q4
EVOLUTION PENNSYLVANIA LLC,1,FY2024_Q4
S.R. CHANDRA INC,1,FY2024_Q4
"JNM REALTY, INC",1,FY2024_Q4
DIABETIC  PRESCRIPTION CENTER,1,FY2024_Q4
"IMPEX GLS, INC.",1,FY2024_Q4
SARAH FOODS LLC,1,FY2024_Q4
"DAILY NUTS AND FRUITS, INC.",1,FY2024_Q4
"ADESA INTERNATIONAL, LLC",1,FY2024_Q4
"HELENA AGRIENTERPRISES, LLC",1,FY2024_Q4
J YALA CORPORATION,1,FY2024_Q4
BJ FOOD ENTERPRISE LLC.,1,FY2024_Q4
"EUTEX INTERNATIONAL, INC.",1,FY2024_Q4
LAS ZIRH AMERICAS INC,1,FY2024_Q4
"PPG INDUSTRIES, INC.",1,FY2024_Q4
"DISCOVERY INSURANCE AGENCY, LLC",1,FY2024_Q4
"QUALIFIED.COM, INC.",1,FY2024_Q4
"JENOPTIK OPTICAL SYSTEMS, LLC",1,FY2024_Q4
SV TEKNOLOJI INC,1,FY2024_Q4
ROTARY CORPORATION,1,FY2024_Q4
CRANE PUMPS  SYSTEMS,1,FY2024_Q4
NITTO INC,1,FY2024_Q4
CARGOPRIME CORPORATION,1,FY2024_Q4
"MAINBRIDGE HEALTH PARTNERS, LLC",1,FY2024_Q4
STATE CONTRACTING  ENGINEERING CORPORATION,1,FY2024_Q4
"OBRA RAMOS CONSTRUCTION, LLC",1,FY2024_Q4
"SAMSUNG SDI AMERICA, INC.",1,FY2024_Q4
PREFERRED PROPPANTS LLC,1,FY2024_Q4
MTC PETROLEUM GROUP LLC,1,FY2024_Q4
"MACONDO DORAL, INC.",1,FY2024_Q4
CONEBEAM IMAGING LLC,1,FY2024_Q4
FOUNDATION FOR ECONOMIC EDUCATION,1,FY2024_Q4
GOSH ENTERPRISES INC,1,FY2024_Q4
"IPG DXTRA, INC.",1,FY2024_Q4
ORION PROJECT SERVICES,1,FY2024_Q4
EL INTERNATIONAL WEST INC.,1,FY2024_Q4
SAI KRUPA LLC,1,FY2024_Q4
"PLASTIPAK PACKAGING, INC.",1,FY2024_Q4
YAMATO GAS BOCA RATON LLC,1,FY2024_Q4
"TENDYNE HOLDINGS, INC.",1,FY2024_Q4
"RMK DINING, INC.",1,FY2024_Q4
KNOAS DISTRIBUTION INC,1,FY2024_Q4
ALWAYS ABOUT EXPRESS,1,FY2024_Q4
"BRISTLECONE,INC",1,FY2024_Q4
"ROSEMOUNT, INC.",1,FY2024_Q4
BUREAU VERITAS CERTIFICATION NORTH AMERICA INC.,1,FY2024_Q4
ORANGEBIO USA LLC,1,FY2024_Q4
OPEN HEARTS LANGUAGE ACADEMY INC.,1,FY2024_Q4
KNOXVILLE RACQUET CLUB,1,FY2024_Q4
JST CORPORATION,1,FY2024_Q4
"TV COMMUNICATIONS, INC.",1,FY2024_Q4
AIRCELL ENTERPRISE INC DBA AIRCELL WIRELESS,1,FY2024_Q4
"GRANITE EVOLUTION, INC",1,FY2024_Q4
BRAVEN AGENCY,1,FY2024_Q4
"IM IN USA, CORP",1,FY2024_Q4
"JC  ASSOCIATES, APC",1,FY2024_Q4
"SOUTHWEST FUNDING, LP",1,FY2024_Q4
"MUI  ASSOCIATES, LTD",1,FY2024_Q4
GOLDIN GROUP LLC,1,FY2024_Q4
"PNSMGN, INC.",1,FY2024_Q4
AT TAX ACCOUNTING SOLUTIONS,1,FY2024_Q4
THE ELLIOTT GROUP,1,FY2024_Q4
RIPARIAN CAPITAL PARTNERS,1,FY2024_Q4
RYEDALE INC.,1,FY2024_Q4
LEADING TORCH LLC,1,FY2024_Q4
AMERIINFOVETS INC,1,FY2024_Q4
BONZZU INC.,1,FY2024_Q4
"PEOPLESERVE, INC.",1,FY2024_Q4
ALLIANT INSURANCE SERVICES,1,FY2024_Q4
HURD IT COMMUNICATIONS,1,FY2024_Q4
"PERFECT DAY, INC.",1,FY2024_Q4
ABN AMRO CLEARING USA LLC,1,FY2024_Q4
"NOVAGIGS, INC.",1,FY2024_Q4
FIONTA INCORPORATED,1,FY2024_Q4
HOLPECA CORP,1,FY2024_Q4
"SOLOMONS INTERNATIONAL, LLC",1,FY2024_Q4
INNOWAVE TECHNOLOGIES LLC,1,FY2024_Q4
"ICE DATA CONNECTIVITY  FEEDS, INC.",1,FY2024_Q4
"EML PAYMENTS USA, LLC",1,FY2024_Q4
ELIX INC,1,FY2024_Q4
UGURU DATA SCIENCES,1,FY2024_Q4
POSSIBLE FINANCIAL INC.,1,FY2024_Q4
"PHARMACY DATA MANAGEMENT, INC. PDMI",1,FY2024_Q4
"PEERLESS NETWORK, INC.",1,FY2024_Q4
"OVERLAND SHEEPSKIN CO., INC.",1,FY2024_Q4
"KRYPTOWIRE, LLC",1,FY2024_Q4
RAILHEAD INC.,1,FY2024_Q4
"NET2SOURCE, INC",1,FY2024_Q4
IBG LLC,1,FY2024_Q4
"EDGE DELTA, INC.",1,FY2024_Q4
ACCUPULSE MEDICAL INC.,1,FY2024_Q4
"N.F. SMITH  ASSOCIATES, L.P.",1,FY2024_Q4
"ILINESOFT, LLC",1,FY2024_Q4
"3DI, INC.",1,FY2024_Q4
AUTOTECHMATION INC,1,FY2024_Q4
GATI TECH INC,1,FY2024_Q4
"GRANDSTREAM NETWORKS, INC.",1,FY2024_Q4
CURO MANAGEMENT LLC,1,FY2024_Q4
"COMMUNITYFORCE, INC.",1,FY2024_Q4
GD MOBILE SECURITY AMERICA INC.,1,FY2024_Q4
NEXTERA ENERGY PROJECT MANAGEMENT LLC,1,FY2024_Q4
PROPEL32 INC.,1,FY2024_Q4
"METRO ARCHITECTURE PARTNERSHIP, INC.",1,FY2024_Q4
NADEL INC.,1,FY2024_Q4
TENSAR INTERNATIONAL CORPORATION,1,FY2024_Q4
MDC REMODELING LLC,1,FY2024_Q4
CHINA SOURCELINK,1,FY2024_Q4
"SITELOGIQ, INC.",1,FY2024_Q4
SUNWAY COMMUNICATION INC,1,FY2024_Q4
"ENVIRONMENTAL SYSTEMS DESIGN, INC",1,FY2024_Q4
EXAGEN SOLUTIONS INC,1,FY2024_Q4
PBR INC. DBA SKAPS INDUSTRIES,1,FY2024_Q4
DIASORIN MOLECULAR LLC,1,FY2024_Q4
"MARITECH COMMERCIAL, INC.",1,FY2024_Q4
NWEA LLC,1,FY2024_Q4
"ZF CHASSIS SYSTEMS DUNCAN, LLC",1,FY2024_Q4
HYPERTHERM,1,FY2024_Q4
ROYAL APPLIANCE MANUFACTURING COMPANY,1,FY2024_Q4
TENNESSEE ALLOYS CO,1,FY2024_Q4
"HITACHI HIGHTECH AMERICA, INC.",1,FY2024_Q4
MAD OFFICE LIMITED,1,FY2024_Q4
"ARRINGTON WATKINS ARCHITECTS, LLC",1,FY2024_Q4
FRIENDSHIP DAIRIES,1,FY2024_Q4
"JOSE GABRIEL CASTELLANOS, MD, INC.",1,FY2024_Q4
FEHR  PEERS,1,FY2024_Q4
BUL KWANG SA INC,1,FY2024_Q4
THE BRIDGE CHURCH IN NEWBURY PARK,1,FY2024_Q4
JENNER  BLOCK,1,FY2024_Q4
LAW OFFICE OF ANIL JETHMALANI PLLC,1,FY2024_Q4
"BALLISTIGLASS, LLC",1,FY2024_Q4
"LEA OLIVEIRA LAW OFFICE, PLLC",1,FY2024_Q4
CALIFORNIA STATE UNIVERSITY SAN BERNARDINO,1,FY2024_Q4
HOLLY SPRINGS SCHOOL DISTRICT,1,FY2024_Q4
"A TO Z CABINETS, INC",1,FY2024_Q4
"KAL DESIGN, LLC.",1,FY2024_Q4
IA DESIGN STUDIO,1,FY2024_Q4
CAMP MATOAKA,1,FY2024_Q4
MITCHELLSQUASH LLC,1,FY2024_Q4
HUGO S ARMANDO,1,FY2024_Q4
RIDGELY WALSH LLC,1,FY2024_Q4
SWADHARMA LLC DBA TOLEDO PHARMACY,1,FY2024_Q4
"GREAT LAKES ANESTHESIOLOGY, PC",1,FY2024_Q4
UNIVERSITY PRIMARY CARE PRACTICES INC.,1,FY2024_Q4
"SOUTHEASTERN PHYSICIAN SERVICES, PROFESSIONAL CORP",1,FY2024_Q4
KIDNEY SPECIALISTS OF KENTUCKY LLC,1,FY2024_Q4
FULGAS ADULT CARE HOME INC,1,FY2024_Q4
TANOSHII FOODS LLC DBA TOMO JAPANESE STREET FOOD,1,FY2024_Q4
"SSZ, LLC DBA MICKYS RESTAURANT",1,FY2024_Q4
SWADES INC. DBA RASOI,1,FY2024_Q4
"SELMAS CHICAGO PIZZERIA, INC.",1,FY2024_Q4
JIMMIES PIZZA LLC,1,FY2024_Q4
"ECHI SUSHI, INC.",1,FY2024_Q4
"COA VIRGINIA, INC.",1,FY2024_Q4
MARCOS CAMPOS INC DBA BELLA;S CLEANING,1,FY2024_Q4
MATTHEW SHIFFMAN,1,FY2024_Q4
DANIELLE RIVERA,1,FY2024_Q4
MS. EMILY WATSON,1,FY2024_Q4
DANIEL DEFORTE,1,FY2024_Q4
BETHANY MAE KEMP,1,FY2024_Q4
MR. PAUL V. TAGLIARENI,1,FY2024_Q4
"FOGGY FROG, LLC",1,FY2024_Q4
MOONLIGHT FOOD  GAS,1,FY2024_Q4
PUNTO OTTICO USA LLC,1,FY2024_Q4
"ONE MOBILE, LLC",1,FY2024_Q4
MUNIBAPU108 CORP,1,FY2024_Q4
"SHAHIN ENTERPRISES, INC",1,FY2024_Q4
JK SOLUTION INC,1,FY2024_Q4
"AK MILLWORK, INC.",1,FY2024_Q4
LOESCHE AMERICA INC.,1,FY2024_Q4
MGM PROFESSIONAL PAINTING LLC,1,FY2024_Q4
"MRA LAW GROUP, P.A.",1,FY2024_Q4
TYME GLOBAL,1,FY2024_Q4
CAGLE CONSULTING LLC DBA ON POINTE PARTNERS,1,FY2024_Q4
"HEIDNER LAW FIRM, PC",1,FY2024_Q4
SEVEN FINISH LLC,1,FY2024_Q4
FAIRFAX TAX SERVICES INC,1,FY2024_Q4
"J  K CAMPUS, INC. DBA  CAMPUS EDUCATION NY",1,FY2024_Q4
ALOHAWAII TRAVEL CORPORATION,1,FY2024_Q4
COSMO EXPRESS INTERNATIONAL CORP.,1,FY2024_Q4
PRIME FORTUNE LLC,1,FY2024_Q4
"RSM INTERESTS, INC.",1,FY2024_Q4
QUEENS SOCIAL ADULT DAY CARE CENTER INC.,1,FY2024_Q4
WWD USA GROUP,1,FY2024_Q4
PURE LIFE HOME HEALTH CARE INC,1,FY2024_Q4
RADAR HOLDINGS INC.,1,FY2024_Q4
SMITH BROTHERS INC,1,FY2024_Q4
DIVISION 4 CONSTRUCTION LLC,1,FY2024_Q4
JEPOL CONSTRUCTION INC.,1,FY2024_Q4
"LAD  P, LLC DBA PORSCHE DOWNTOWN LA",1,FY2024_Q4
"MERCHANDIZING OF AUTOMOTIVE  COMPONENTS, INC.",1,FY2024_Q4
"RPM CRUSHERS AND SCREENS, LLC",1,FY2024_Q4
FM WOODWORKING,1,FY2024_Q4
PIE GOURMET LTD,1,FY2024_Q4
ATHENS MOLD AND MACHINE INC,1,FY2024_Q4
"TGC FOOD, INC",1,FY2024_Q4
ADVANCED SOLUTIONS GROUP INC,1,FY2024_Q4
"GFORCE I  E GROUP, INC.",1,FY2024_Q4
"US IGNITE, INC.",1,FY2024_Q4
BUPA WORLDWIDE CORPORATION,1,FY2024_Q4
VALUENCE CAPITAL US LLC,1,FY2024_Q4
MONDI BAGS USA LLC,1,FY2024_Q4
PAPER STREET MEDIA,1,FY2024_Q4
SERENE BUILDER INC,1,FY2024_Q4
"ROUNDSQUARE BUILDERS, LLC",1,FY2024_Q4
TRINITY RESORT SERVICES LLC,1,FY2024_Q4
INNOVATIVE PACKAGING COMPANY,1,FY2024_Q4
WURTH GROUP OF NORTH AMERICA INC,1,FY2024_Q4
REAL ESTATE EVALUATIONS LLC,1,FY2024_Q4
APPLIED MAINTENANCE SUPPLIES AND SOLUTIONS LLC,1,FY2024_Q4
USA ENERGY LLC,1,FY2024_Q4
"VOLGA HOME CARE, LLC",1,FY2024_Q4
SEABOARD MARINE LTD.,1,FY2024_Q4
ELSARIM GROUP INC,1,FY2024_Q4
SPI SOLAR INC,1,FY2024_Q4
JK TECH US INC,1,FY2024_Q4
THE PROACTIVE TECHNOLOGY GROUP LLC,1,FY2024_Q4
ENNVEE TECHNOGROUP INC.,1,FY2024_Q4
"SPIREON, INC",1,FY2024_Q4
99MEDIALAB LLC,1,FY2024_Q4
"ADVANCE AMERICA, CASH ADVANCE CENTERS, INC.",1,FY2024_Q4
JKV INTERNATIONAL LLC,1,FY2024_Q4
THS GROUP LLC,1,FY2024_Q4
THE HACKETT GROUP,1,FY2024_Q4
"SMARTINT TECHNOLOGIES, LLC",1,FY2024_Q4
WHITE GLOBE LLC,1,FY2024_Q4
TORQATA DATA AND ANALYTICS LLC,1,FY2024_Q4
"SANDS DECKER CPS, LLC",1,FY2024_Q4
"CLAYCO, INC",1,FY2024_Q4
VENTANA MICRO SYSTEMS INC.,1,FY2024_Q4
UPL NA INC.,1,FY2024_Q4
"BRAY INTERNATIONAL, INC.",1,FY2024_Q4
"SEGULA TECHNOLOGIES USA, INC.",1,FY2024_Q4
KREMERS URBAN PHARMACEUTICALS INC LANNETT CO INC,1,FY2024_Q4
VERITAS EDUCATION LLC,1,FY2024_Q4
SAM HOUSTON STATE UNIVERSITY,1,FY2024_Q4
SUNFLOWER PRESCH00LS INC.,1,FY2024_Q4
THIRLWALL LLC,1,FY2024_Q4
TZ ENTERPRISES INC.,1,FY2024_Q4
SCOTT  WHITE HOSPITAL MARBLE FALLS,1,FY2024_Q4
PKD GROUP HOMES,1,FY2024_Q4
BSF FRANCHISE LLC,1,FY2024_Q4
YAFAG INC,1,FY2024_Q4
PRUPENNINGTON INC.,1,FY2024_Q4
MING FLOWER INC,1,FY2024_Q4
RIVERSIDE CAFE AND DINER,1,FY2024_Q4
"SANG AH USA, INC",1,FY2024_Q4
POMERANIA LTD DBA CAFE POLONIA,1,FY2024_Q4
RENUKA NANDAN,1,FY2024_Q4
KIRO KARAS INC,1,FY2024_Q4
GLK  ROZY LLC,1,FY2024_Q4
"TRINOVA, INC.",1,FY2024_Q4
"WELLNESS ACUPUNCTURE  NATURAL MEDICINE, INC.",1,FY2024_Q4
BP LEGAL SERVICE,1,FY2024_Q4
"A PLUS INSURANCE AGENCY, CORP.",1,FY2024_Q4
"HAYK ARAKELYAN, DDS, INC",1,FY2024_Q4
"MILLERS PROFESSIONALS, INC.",1,FY2024_Q4
SHARP HOME BUILDERS INC,1,FY2024_Q4
"TIDEWATER BLOCK, LLC",1,FY2024_Q4
"CHECK POINT SOFTWARE TECHNOLOGIES, INC.",1,FY2024_Q4
"TRANSGLOBAL SOLUTIONS, INC.",1,FY2024_Q4
BIOMEA FUSION,1,FY2024_Q4
BRILLIANT TIMEPIECE AND DIAMONDS,1,FY2024_Q4
ECOVATIVE DESIGN,1,FY2024_Q4
"V4 DEVELOPMENT, LLC.",1,FY2024_Q4
TEWKSBURY PIE COMPANY INC. DBA DOMINOS PIZZA,1,FY2024_Q4
"THE CORPORATE AGENDA, LLC",1,FY2024_Q4
CHINA MOBILE INTERNATIONAL USA INC.,1,FY2024_Q4
A.I. ARTIST STUDIO INC.,1,FY2024_Q4
"SEIL, LLP",1,FY2024_Q4
SINGPOLI CAPITAL CORPORATION,1,FY2024_Q4
WWB ASSET MANAGEMENT LLC,1,FY2024_Q4
ETQ LLC,1,FY2024_Q4
DFARM INC,1,FY2024_Q4
EDUCATION SUCCESS NETWORK,1,FY2024_Q4
"BRINGKO USA, INC.",1,FY2024_Q4
SPARQTRONICS INC.,1,FY2024_Q4
DIDI USA INC.,1,FY2024_Q4
ENGINEERING SOFTWARE RESEARCH AND DEVELOPMENT INC,1,FY2024_Q4
CARDUS INC,1,FY2024_Q4
CONVERGENT IT SOLUTIONS INC,1,FY2024_Q4
"KINTENT, INC",1,FY2024_Q4
"VALIMAIL, INC.",1,FY2024_Q4
WORKSTAM LLC,1,FY2024_Q4
JOBCASE,1,FY2024_Q4
JUST US 4 YOUTH,1,FY2024_Q4
BOSTON MEDICAL CENTER,1,FY2024_Q4
CLINPHARMA CLINICAL RESEARCH LLC,1,FY2024_Q4
ADROIT WORLDWIDE MEDIA INC.,1,FY2024_Q4
"THE ARCHITECTURAL TEAM, INC.",1,FY2024_Q4
DIGITAL PLUS SOLUTIONS LLC,1,FY2024_Q4
DISH WIRELESS L.L.C.,1,FY2024_Q4
"RIGNET, INC.",1,FY2024_Q4
"JINDAL FILMS  AMERICAS, LLC",1,FY2024_Q4
"DUNLOP PROTECTIVE FOOTWEAR USA, LLC",1,FY2024_Q4
BERG PIPE PANAMA CITY CORP,1,FY2024_Q4
KJ USA INC.,1,FY2024_Q4
"FISHER  COMPANY, INC.",1,FY2024_Q4
"KWIK EQUIPMENT SALES, LLC",1,FY2024_Q4
"CANACHIEVE GLOBAL EDUCATION, INC.",1,FY2024_Q4
CENTENNIAL COUNSELING CENTER,1,FY2024_Q4
FRIENDSHIP PUBLIC CHARTER SCHOOL,1,FY2024_Q4
CAROLINA ELITE SPORTS LLC,1,FY2024_Q4
BREATHE AND SPLASH SWIM SCHOOL LLC,1,FY2024_Q4
DURAN ACCOUNTING SOLUTIONS LLC,1,FY2024_Q4
ESTELLA MANAGEMENT LLC,1,FY2024_Q4
"COAST FLORIDA, PA",1,FY2024_Q4
BROOKSIDE DENTAL CARE,1,FY2024_Q4
COMFORT DENTAL WEYMOUTH,1,FY2024_Q4
"JJS PHARMACY, LLC.",1,FY2024_Q4
"WESTERN CONNECTICUT MEDICAL GROUP, PC",1,FY2024_Q4
"BETSY HOSPITALITY MANAGEMENT, LLC",1,FY2024_Q4
KITCHANUT LLC DBA BLUEMANGO,1,FY2024_Q4
"CHANTILLY KABOB, LLC TA SHEESH GRILL",1,FY2024_Q4
LAS AGUILAS INC.  DBA  AZTECA DORO,1,FY2024_Q4
BIGYAPRADEEP INC,1,FY2024_Q4
LITTLE MAN TREE LLC,1,FY2024_Q4
KELLY JOYCESHAPIRO,1,FY2024_Q4
FRANCOISE BERLIOZSEUX,1,FY2024_Q4
CAROL GRUNBERG,1,FY2024_Q4
FAMILY HOSPITALITY LLC,1,FY2024_Q4
BRYSON OPERATING RETAIL INC,1,FY2024_Q4
CALM SPRING DENTAL,1,FY2024_Q4
JAMES VANARIA  SONS LANDSCAPING INC.,1,FY2024_Q4
FV SILVA CONSTRUCTION LLC.,1,FY2024_Q4
JEFFREY M REXROAT INC,1,FY2024_Q4
"MARKET AMERICA, INC.",1,FY2024_Q4
JAES KOREAN FOOD INC,1,FY2024_Q4
"COMET TECHNOLOGIES USA, INC.",1,FY2024_Q4
SECURIPORT LLC,1,FY2024_Q4
KAMBY BROS LLC,1,FY2024_Q4
"BUILDERS TEAM, INC.",1,FY2024_Q4
THE CLEANING COMPANY,1,FY2024_Q4
"MEDIA MOBILIZE, INC",1,FY2024_Q4
SHALYN JUBILEE INC,1,FY2024_Q4
NASREEN INC,1,FY2024_Q4
EMPIRE PAVERS CORP,1,FY2024_Q4
"CITY FARMS, LLC, DBA GREENS  GRILLE",1,FY2024_Q4
PROMPTCARE HEALTH SERVICES INC.,1,FY2024_Q4
YOUR CHOIS INC,1,FY2024_Q4
BRUCKAL DEVELOPMENTS WASHINGTON,1,FY2024_Q4
MIROVA US LLC,1,FY2024_Q4
CLARIP INC,1,FY2024_Q4
"TOYOTA TSUSHO SYSTEMS US, INC.",1,FY2024_Q4
"TRIMBLE MAPS, INC.",1,FY2024_Q4
CAMBER PHARMACEUTICALS INC.,1,FY2024_Q4
ZIDDOS INC,1,FY2024_Q4
RAPID FINANCIAL SERVICES,1,FY2024_Q4
HTOWN TECHNOLOGIES INC.,1,FY2024_Q4
ZOLL MEDICAL CORPORATION,1,FY2024_Q4
VALTIX,1,FY2024_Q4
"POSCO AAPC, LLC",1,FY2024_Q4
KENTEX CORPORATION,1,FY2024_Q4
"WOOD, PATEL  ASSOCIATES, INC.",1,FY2024_Q4
"NORTHSTAR ENERGY MANAGEMENT, LLC",1,FY2024_Q4
TRENTON FORGING COMPANY,1,FY2024_Q4
LAW OFFICES OF MELANIE M. YANG,1,FY2024_Q4
YING CAO LAW LLC,1,FY2024_Q4
LAW HUANG INTERNATIONAL LTD.,1,FY2024_Q4
"MITCHELL C. ZWAIK, ESQ.  ASSOCIATES, P.C.",1,FY2024_Q4
"WEINSTOCK IMMIGRATION LAWYERS, P.C",1,FY2024_Q4
"T K TAEKWONDO ACADEMY, INC.",1,FY2024_Q4
"THE BARBARIAN GROUP, LLC",1,FY2024_Q4
"JC WORLD TKD, INC. DBA JC WORLD TAEKWONDO",1,FY2024_Q4
WASHINGTON BRAZIL OFFICE,1,FY2024_Q4
YUANCONG WANG DO PLLC,1,FY2024_Q4
"ETOWN INFUSION PHARMACY, LLC",1,FY2024_Q4
TEXAS COUNTY MEMORIAL HOSPITAL,1,FY2024_Q4
"OSEYO, INC. TA OSEYO",1,FY2024_Q4
TOPPED LLC,1,FY2024_Q4
CENTURY HOUSE OF PEABODY INC,1,FY2024_Q4
DANIEL SPIEGEL,1,FY2024_Q4
SAMANTHA WEISBERG,1,FY2024_Q4
STEFAN NOWICKI,1,FY2024_Q4
YANINA MICULITZKI,1,FY2024_Q4
BAJRA CORP,1,FY2024_Q4
US ALUMINUM SERVICES,1,FY2024_Q4
COLD JET LLC,1,FY2024_Q4
DJL3 ENTERPRISES LLC,1,FY2024_Q4
SABRICAS CAPITAL MANAGEMENT,1,FY2024_Q4
WOODSIDE SMILE DENTAL PC,1,FY2024_Q4
"MIRAE DISTRIBUTOR, INC.",1,FY2024_Q4
WAQAS INC,1,FY2024_Q4
"KSTAMPS  2015, LLC",1,FY2024_Q4
"VSP, LLC",1,FY2024_Q4
P  P GLOBAL INC.,1,FY2024_Q4
"PERIODONTIC EXCELLENCE, PLLC",1,FY2024_Q4
ZELARI SERVICES LLC,1,FY2024_Q4
MM CONSTRUCTION SERVICES,1,FY2024_Q4
LANTECH COMMUNICATIONS LLC,1,FY2024_Q4
US ADVANCE TRANSPORTATION INC,1,FY2024_Q4
CASE WESTERN RESERVE UNIVERSITY,1,FY2024_Q4
"BOTEKA, INC",1,FY2024_Q4
"HANS AMERICA, INC.",1,FY2024_Q4
"MYTH SERVICES INC., DBA SALUD CARE SPEC. PHARM.",1,FY2024_Q4
EUROVMY USA INC,1,FY2024_Q4
"MAQUINA DEVELOPERS, LLC",1,FY2024_Q4
"PBY DEVELOPMENT, INC.",1,FY2024_Q4
HOTTA LIESENBERG SAITO LLP,1,FY2024_Q4
AMAX ENGINEERING CORPORATION,1,FY2024_Q4
VFS US LLC,1,FY2024_Q4
L.J. ALTFEST  CO. INC.,1,FY2024_Q4
GOLDEN TOWN INTERNATIONAL L.P.,1,FY2024_Q4
GREENLAND CAPITAL MANAGEMENT LP,1,FY2024_Q4
KBIT LLC,1,FY2024_Q4
EVISIT INC.,1,FY2024_Q4
"EPMPOINT, INC.",1,FY2024_Q4
"NDIMENSIONS TECHNOLOGIES, INC",1,FY2024_Q4
"JACKSON HEWITT TECHNOLOGY SERVICES, LLC",1,FY2024_Q4
DIEBOLD NIXDORF,1,FY2024_Q4
"BEEHIVE AI, INC.",1,FY2024_Q4
ERP ANALYSTS INC,1,FY2024_Q4
"CIRCULAR EDGE, LLC",1,FY2024_Q4
"BOXOUT, LLC",1,FY2024_Q4
"DOUBLEBRIDGE TECHNOLOGIES, INC.",1,FY2024_Q4
"JACOBSWYPER ARCHITECTS, LLP",1,FY2024_Q4
S9 ARCHITECTURE AND ENGINEERING DPC,1,FY2024_Q4
HANNA ARCHITECTS INC.,1,FY2024_Q4
"CALVARY DESIGN TEAM, INC. DBA CALVARY AUTOMATION",1,FY2024_Q4
"CUBERG, INC.",1,FY2024_Q4
GRIDSPAN CORPORATION,1,FY2024_Q4
HEXIN MACHINERY USA,1,FY2024_Q4
"HEALTHCORE, INC.",1,FY2024_Q4
HARVESTERS KOREAN EVANGELICAL CHURCH,1,FY2024_Q4
GARDENA PRESBYTERIAN CHURCH,1,FY2024_Q4
KEITH N YUNG,1,FY2024_Q4
EVERSHEDS SUTHERLAND US LLP,1,FY2024_Q4
DEFENDERS OF CHILDREN,1,FY2024_Q4
"MURRAH  KILLOUGH, PLLC",1,FY2024_Q4
BOWIE UNIFIED SCHOOL DISTRICT 14,1,FY2024_Q4
"NAVROZ MEDIA NETWORK, INC.",1,FY2024_Q4
SUN SMILE CORP,1,FY2024_Q4
GGBB RESTAURANT GROUP LLC,1,FY2024_Q4
DESI BETHAK,1,FY2024_Q4
BRIAN SULLIVAN,1,FY2024_Q4
RG BOOMING VACATION HOMES LLC,1,FY2024_Q4
JONES CUIVRE FARMS LLC,1,FY2024_Q4
EDABRAN,1,FY2024_Q4
KANS FOOD INC,1,FY2024_Q4
"LIVING THE LANGUAGE, LLC",1,FY2024_Q4
RUPALI CONVENIENCE STORE LLC,1,FY2024_Q4
AAMA EAST INC,1,FY2024_Q4
LAKE CREEK FARMS,1,FY2024_Q4
"SCOTCHMAN INDUSTRIES, INC",1,FY2024_Q4
"CHEF NESS GOURMET FOODS, LLC",1,FY2024_Q4
PROTECH DENTAL STUDIO INC.,1,FY2024_Q4
"RUBEN EXPRESS, INC.",1,FY2024_Q4
SS GRANITE AND TILE WORK INC,1,FY2024_Q4
"LUCIDWORKS, INC.",1,FY2024_Q4
"VLUMBER, LLC",1,FY2024_Q4
GERBER PAYROLL SERVICES INC,1,FY2024_Q4
"ROYAL CANIN USA, INC.",1,FY2024_Q4
"SJA, INC",1,FY2024_Q4
"LILY K. SHARIFZADEH NADIMI DDS, LLC",1,FY2024_Q4
VENUS NAILS SPA INC,1,FY2024_Q4
AIM ENTERPRISE INC,1,FY2024_Q4
BEYOND THE SPINE SOLUTIONS INC,1,FY2024_Q4
EMPIRE PEST CONTROL LLC,1,FY2024_Q4
SAFARIAN CARPET CLEANING INC.,1,FY2024_Q4
EXPRESS AUTO HAULERS LLC,1,FY2024_Q4
AGRO AMERICA LLC,1,FY2024_Q4
8GLABS INC,1,FY2024_Q4
"AEROTECH, INC.",1,FY2024_Q4
"AJ RENTAL, INC.",1,FY2024_Q4
APSI CONSTRUCTION MANAGEMENT,1,FY2024_Q4
CONCERT MUTTONTOWN LLC,1,FY2024_Q4
"NATIONAL BEEF PACKING COMPANY, LLC",1,FY2024_Q4
APS LOGISTICS INC,1,FY2024_Q4
CLIVE DANIEL HOME HOLDINGS LLC,1,FY2024_Q4
242 AVIATION LLC,1,FY2024_Q4
"EUROFINS MICROBIOLOGY LABORATORIES, INC.",1,FY2024_Q4
"ATIRA HOSPITALITY, LLC",1,FY2024_Q4
TEL1TEN INC,1,FY2024_Q4
"CALIFORNIA DAIRIES, INC.",1,FY2024_Q4
CHICAGO PNEUMATIC TOOL COMPANY LLC,1,FY2024_Q4
"ELYSIUM CONSTRUCTION, INC.",1,FY2024_Q4
ARAMIS INC,1,FY2024_Q4
"APNA TIME, INC",1,FY2024_Q4
"CHEETAH EXPRESS, INC",1,FY2024_Q4
RUVATI USA,1,FY2024_Q4
COVEMEX CORPORATION,1,FY2024_Q4
"BIOTRILLION, INC.",1,FY2024_Q4
ARDENS GARDEN THE JUICE MARKET,1,FY2024_Q4
CHEENHUAYE INC,1,FY2024_Q4
ARNOLD NEW YORK LLC,1,FY2024_Q4
CALROYAL PRODUCTS INC.,1,FY2024_Q4
CLOSED CAPTION LATINA CORPORATION,1,FY2024_Q4
AQUAGREEN LANDSCAPING INC,1,FY2024_Q4
ACCOUNTBL,1,FY2024_Q4
AEONS LLC,1,FY2024_Q4
AAZI INVESTMENTS INC,1,FY2024_Q4
ACCUTAX SERVICES INC,1,FY2024_Q4
CITRON HYGIENE US CORP,1,FY2024_Q4
MEXICAN CULTURAL CENTER,1,FY2024_Q4
"ADKF, P.C.",1,FY2024_Q4
NEW YORK AUTO DEPOT INC.,1,FY2024_Q4
"H20 CAPITAL INNOVATION, LLC",1,FY2024_Q4
ASSOCIATION OF SURFING PROFESSIONALS LLC,1,FY2024_Q4
ARCESIUM LLC,1,FY2024_Q4
"ARBOR REALTY SR, INC.",1,FY2024_Q4
CONTINENTAL GRAIN COMPANY,1,FY2024_Q4
CALVERT RESEARCH AND MANAGEMENT,1,FY2024_Q4
ABEAM CONSULTING USA LTD.,1,FY2024_Q4
ASHCROFT IMPORTS LLC,1,FY2024_Q4
DOMINION NATIONAL,1,FY2024_Q4
ARCADYAN TECHNOLOGY NORTH AMERICA CORPORATION,1,FY2024_Q4
ADVANCED COMPUTER CONCEPTS INC,1,FY2024_Q4
"ACCOUNTING  TAX PLANNERS OF NY, INC.",1,FY2024_Q4
ASTELLAS US LLC,1,FY2024_Q4
ADVANCED DATABASE  IT SOLUTIONS,1,FY2024_Q4
"IT WORX, INC.",1,FY2024_Q4
"2K GAMES, INC.",1,FY2024_Q4
EMBRACER FREEMODE INC,1,FY2024_Q4
"AIDASH, INC.",1,FY2024_Q4
BAYLOR SCOTT  WHITE HEALTH,1,FY2024_Q4
"ALKAMI TECHNOLOGY, INC.",1,FY2024_Q4
AIRSPACE TECHNOLOGIES INC.,1,FY2024_Q4
CITIZENS PROPERTY INSURANCE CORP.,1,FY2024_Q4
"DFINITY USA RESEARCH, LLC",1,FY2024_Q4
ELC ONLINE INC.,1,FY2024_Q4
ACADIAN ASSET MANAGEMENT LLC,1,FY2024_Q4
"PARKAR CONSULTING GROUP, LLC",1,FY2024_Q4
1KOSMOS,1,FY2024_Q4
"APPLIED OLAP,INC.",1,FY2024_Q4
ASCENT IMAGING TECHNOLOGIES INC,1,FY2024_Q4
CANTOR FITZGERALD  CO,1,FY2024_Q4
"APPLIEDINFO PARTNERS, INC.",1,FY2024_Q4
"ALLSTEEL, INC.",1,FY2024_Q4
"EEG ENTERPRISES, INC.",1,FY2024_Q4
"ALLEGIS GLOBAL SOLUTIONS, INC.",1,FY2024_Q4
"7THONLINE, INC.",1,FY2024_Q4
"CHICOS FAS, INC.",1,FY2024_Q4
"AARETECH, LLC DBA AARETE TECHNOLOGY SERVICES",1,FY2024_Q4
ARMANTEK LLC,1,FY2024_Q4
ARROWCORE GROUP LLC,1,FY2024_Q4
PARKVIEW HEALTH SYSTEM INC,1,FY2024_Q4
BUILDERSTONE GLOBAL LLC,1,FY2024_Q4
APPLIED ACADEMICS LLC,1,FY2024_Q4
325 CARACAS INC,1,FY2024_Q4
"AETNA MEDICAID ADMINISTRATORS, LLC",1,FY2024_Q4
GROUPON,1,FY2024_Q4
AITOMATIC INC.,1,FY2024_Q4
CAMPBELLEWALD,1,FY2024_Q4
"ASK MEDIA GROUP, LLC",1,FY2024_Q4
"CHRISTOPHERSON ANDAVO TRAVEL, LP",1,FY2024_Q4
"ASSET TECHNOLOGY SOLUTION, INC.",1,FY2024_Q4
"ASTELLAS PHARMA US, INC.",1,FY2024_Q4
"AKASA, INC.",1,FY2024_Q4
BATSONCOOK COMPANY,1,FY2024_Q4
"ELECTRICAL POWER DESIGNS, INC.",1,FY2024_Q4
A  A ENGINEERING CIVIL STRUCTURAL,1,FY2024_Q4
"ARDAMAN  ASSOCIATES, INC.",1,FY2024_Q4
"DOUCET  ASSOCIATES, INC.",1,FY2024_Q4
CAPITAL CITY VIEW HOMES DBA OCTAVE BUILT,1,FY2024_Q4
ARNA ENGINEERING INC,1,FY2024_Q4
BASE CONSULTANTS,1,FY2024_Q4
"KENT ENGINEERS AND CONSTRUCTORS, INC.",1,FY2024_Q4
"APPLIED RESEARCH ASSOCIATES, INC.",1,FY2024_Q4
"HDR MICHIGAN, INC.",1,FY2024_Q4
"ARTNET PRO, INC.",1,FY2024_Q4
"APERAM STAINLESS SERVICES AND SOLUTIONS USA, LLC",1,FY2024_Q4
"A SOCIETY GROUP, INC.",1,FY2024_Q4
"ARRANTA BIO MA2, LLC",1,FY2024_Q4
DIGILENS INC.,1,FY2024_Q4
ALLIED AIR ENTERPRISES LLC,1,FY2024_Q4
"ACME PLASTICS OF NEW JERSEY, INC.",1,FY2024_Q4
"ARROW SYSTEMS, INC.",1,FY2024_Q4
AFCHOLCROFT,1,FY2024_Q4
ECOMETRIC CONSULTING LLC,1,FY2024_Q4
ARROWSTREET INC.,1,FY2024_Q4
AS ENGINEERING,1,FY2024_Q4
ELITE CONSULTING OF SWFL,1,FY2024_Q4
"ELEKTROFI, INC.",1,FY2024_Q4
ACEPIX BIOSCIENCES INC,1,FY2024_Q4
EGEA FOOD LLC,1,FY2024_Q4
CANAAN PRESBYTERIAN CHURCH OF CHICAGO,1,FY2024_Q4
CHENG COHEN LLC,1,FY2024_Q4
DUANE MORRIS LLP,1,FY2024_Q4
AG LAW FIRM,1,FY2024_Q4
ALIGHT LEGAL PLLC,1,FY2024_Q4
BERING STRAIT SCHOOL DISTRICT,1,FY2024_Q4
CHINLE UNIFIED SCHOOL DISTRICT 24,1,FY2024_Q4
"BEOMSEOK HONG TKD, LLC",1,FY2024_Q4
ATELIER VIOLLET CO.,1,FY2024_Q4
"CADCAM CENTER OF MIAMI, INC.",1,FY2024_Q4
"ALL AMERICANLOOK, INC",1,FY2024_Q4
COOPER TACIA GENERAL CONTRACTING COMPANY,1,FY2024_Q4
BERKLEE COLLEGE OF MUSIC,1,FY2024_Q4
CHICAGO FOOD CORPORATION,1,FY2024_Q4
22MILES DIGITAL SIGNAGE INC,1,FY2024_Q4
ARK DENTAL LLC,1,FY2024_Q4
MOUNT AUBURN PROFESSIONAL SERVICES,1,FY2024_Q4
A1 REHAB  RECRUITMENT SERVICES INC,1,FY2024_Q4
MYUNGHANBANG ACUPUNCTURE CLINIC INC,1,FY2024_Q4
AULTMAN,1,FY2024_Q4
ASCENSION MEDICAL GROUP MICHIGAN,1,FY2024_Q4
"ASCENSION VIA CHRISTI HOSPITAL MANHATTAN, INC.",1,FY2024_Q4
ASSOCIATES IN RADIOLOGY OF PLATTSBURGH,1,FY2024_Q4
CHRISTIE CLINIC PLLC,1,FY2024_Q4
"HEALTH PROFESSIONALS, INC.",1,FY2024_Q4
ADVANCED DENTAL CARE OF FREDERICKSBURG,1,FY2024_Q4
AHURA HEALTHCARE CORPORATION,1,FY2024_Q4
662 FULTON ST. RESTAURANT CORP.,1,FY2024_Q4
99  THAIFUSION RESTAURANT,1,FY2024_Q4
226 QUINCY AVENUE INC.,1,FY2024_Q4
ASOBI TEPPANYAKI LLC DBA ASOBI TEPPANYAKI,1,FY2024_Q4
PJ DALYS PUB INC DBA SHENNANIGANS CAFE,1,FY2024_Q4
"DIAR, INC.",1,FY2024_Q4
"AQUATICA POOL SERVICES, LLC",1,FY2024_Q4
"CAMBRIDGE CONSULTING NETWORK, INC.",1,FY2024_Q4
"CITY CLEANING CO. OF NEW ENGLAND, INC",1,FY2024_Q4
"DJT FAMILY OFFICE, LLC",1,FY2024_Q4
ASHRAF M AMDANI,1,FY2024_Q4
ASH MANAGEMENT CORP,1,FY2024_Q4
BARRY CURTIS,1,FY2024_Q4
ALLISON JENKINS,1,FY2024_Q4
ANWAR BAWAN,1,FY2024_Q4
EDWARD SMITH,1,FY2024_Q4
CHRISTINE KIM YAVERBAUM,1,FY2024_Q4
786 TIME OUT GROCERY INC,1,FY2024_Q4
AFSHAN ENTERPRISES INC,1,FY2024_Q4
ARM  J CORPORATION,1,FY2024_Q4
"CALIFORNIA BEES, INC. DBA AM WAX, INC",1,FY2024_Q4
COPPOLA INTL REALTY LLC,1,FY2024_Q4
"121 COMPANY, INC",1,FY2024_Q4
BASSLER  REDICK CPAS LLC,1,FY2024_Q4
CAMILAS RESTAURANT ORLANDO LLC,1,FY2024_Q4
SALIL E ENTERPRISE,1,FY2024_Q4
CHIROPRACTIC CENTER OF RALEIGH HILLS,1,FY2024_Q4
CHUNGMI JO DENTAL PC,1,FY2024_Q4
ADVANCED AESTHETICS LLC,1,FY2024_Q4
2BTRUST LLC,1,FY2024_Q4
BOHEMIAN POSSIBILITIES LLC,1,FY2024_Q4
"JPT CARPENTERS, INC.",1,FY2024_Q4
CINNAMON RIDGE INC,1,FY2024_Q4
CANAL CONSTRUCTION CORP,1,FY2024_Q4
PACIFIC DENTAL LAB,1,FY2024_Q4
ADONAY LLC,1,FY2024_Q4
CONDOR TRANS INC,1,FY2024_Q4
"ALL GREEN, LP",1,FY2024_Q4
"AKRON CANTON COMPUTER RECYCLING, LLC",1,FY2024_Q4
MATCO TOOLS CORPORATION,1,FY2024_Q4
CITY SPECIALTY PHARMACY LLC,1,FY2024_Q4
FERRARI NORTH AMERICA,1,FY2024_Q4
AFFINE INC.,1,FY2024_Q4
AWESUNG INC,1,FY2024_Q4
COUNTRY VIEW FAMILY FARMS,1,FY2024_Q4
BEA ARCHITECTS INC,1,FY2024_Q4
GREEN BASEMENTS  REMODELING LLC,1,FY2024_Q4
ALVA STONE GROUP LLC,1,FY2024_Q4
"CLEAN ENERGY ASSOCIATES, LLC",1,FY2024_Q4
"AVESENA, INC.",1,FY2024_Q4
LEGEND REALTY  FINANCE GROUP,1,FY2024_Q4
AMARIN PHARMA INC,1,FY2024_Q4
GLOBAL EXPRESS RECRUITING LIMITED LLC,1,FY2024_Q4
NINJA EATS LLC,1,FY2024_Q4
CREATIVE STUDIO1 LLC,1,FY2024_Q4
"PORTOFINO LABS, INC. DBA BECAUSE MARKET",1,FY2024_Q4
"AUTO FIT, INC.",1,FY2024_Q4
ALRAZZAQ INC DBA KINDER SHINE,1,FY2024_Q4
CKS SOLUTION,1,FY2024_Q4
"AVINGER, INC.",1,FY2024_Q4
EDGE WIRELESS COMMUNICATIONS INC,1,FY2024_Q4
CARPARC USA LLC,1,FY2024_Q4
"CREATIVE ESSENCES, INC.",1,FY2024_Q4
DEUTSCHE BANK TRUST COMPANY AMERICAS,1,FY2024_Q4
ALPHANUMERO TECHNOLOGY SOLUTIONS INC,1,FY2024_Q4
"HARMONIC DESIGN, INC.",1,FY2024_Q4
ALPHA SYSTEMS LLC,1,FY2024_Q4
CARSTEN PHILLIPS INC.,1,FY2024_Q4
"NUTRICOST MANUFACTURING, LLC",1,FY2024_Q4
AWI BUILDERS INC,1,FY2024_Q4
"DATA MANAGEMENT SERVICES, INC.",1,FY2024_Q4
COCO TEA NY INC.,1,FY2024_Q4
ACQUISITION INTEGRATION,1,FY2024_Q4
CARE HOMES REGISTRY,1,FY2024_Q4
CLEAN SPACE INC,1,FY2024_Q4
"AVM, L.P.",1,FY2024_Q4
"LEYMONE HARDCASTLE  CO., LTD.",1,FY2024_Q4
CONNECT AMERICA.COM LLC,1,FY2024_Q4
BJ CONSULTING GROUP LLC,1,FY2024_Q4
ACE PACKAGING INC.,1,FY2024_Q4
"EVERSIDE CAPITAL PARTNERS, LLC",1,FY2024_Q4
"BELLWETHER ASSET MANAGEMENT, INC.",1,FY2024_Q4
"IDENTIV, INC",1,FY2024_Q4
"MONETAGO, INC.",1,FY2024_Q4
"FINCO SERVICES, INC.",1,FY2024_Q4
AGILIAN LLC,1,FY2024_Q4
BETTER AND FASTER TECH INC.,1,FY2024_Q4
"GRIDGAIN SYSTEMS, INC.",1,FY2024_Q4
"TRYON SOLUTIONS, INC.",1,FY2024_Q4
COMPLETE RESTORATION,1,FY2024_Q4
SDG CORPORATION,1,FY2024_Q4
DANA LIMITED,1,FY2024_Q4
"CYBECYS, INC",1,FY2024_Q4
"BEYOND MEAT, INC.",1,FY2024_Q4
HAKKI CORPORATION DBA PIZZA DAYS,1,FY2024_Q4
CYBERLOGITEC AMERICA INC,1,FY2024_Q4
"ALTIGEN COMMUNICATIONS, INC.",1,FY2024_Q4
"FARM CREDIT OF THE VIRGINIAS, ACA",1,FY2024_Q4
"DATAKITCHEN, INC.",1,FY2024_Q4
"CROCS, INC.",1,FY2024_Q4
"AUMNI, INC.",1,FY2024_Q4
CYLON TECHNOLOGIES INC,1,FY2024_Q4
GURU DENIM LLC,1,FY2024_Q4
AXXESS CONSULT INC. DBA AXXESS HEALTHCARE CONSULT,1,FY2024_Q4
"CARDFLIGHT, INC.",1,FY2024_Q4
CASCO PRODUCTS CORPORATION,1,FY2024_Q4
"CARE.COM, INC.",1,FY2024_Q4
AVIDYNE CORPORATION,1,FY2024_Q4
CRITICAL START INC.,1,FY2024_Q4
MOTOR VEHICLE SOFTWARE CORPORATION,1,FY2024_Q4
CLOUDTREND TECHNOLOGIES LLC,1,FY2024_Q4
AXS GROUP LLC,1,FY2024_Q4
"AUTOMOX, INC",1,FY2024_Q4
POLICYGENIUS INC.,1,FY2024_Q4
EIGHTYSIX INC,1,FY2024_Q4
CYDCOR LLC,1,FY2024_Q4
AUTOMOTIVE RENTAL INC,1,FY2024_Q4
CLOUDKARMA INC,1,FY2024_Q4
BIGCOMMERCE INC.,1,FY2024_Q4
CRIZIT LLC,1,FY2024_Q4
ACCDON LLC,1,FY2024_Q4
"CRAFT MEDIA DIGITAL, LLC",1,FY2024_Q4
"FINDEM, INC",1,FY2024_Q4
COMMONWEALTH CARE ALLIANCE INC.,1,FY2024_Q4
ALPHA CONSULTING CORP.,1,FY2024_Q4
ACV AUCTIONS INC.,1,FY2024_Q4
ADICET BIO,1,FY2024_Q4
CIVIL SOLUTIONS ASSOCIATES INC.,1,FY2024_Q4
"COMPASS MANAGEMENT, LLC",1,FY2024_Q4
"CULPEPPER  TERPENING, INC",1,FY2024_Q4
CRANNELL CRANNELL  MARTIN CORP,1,FY2024_Q4
CMC BUILDING INC.,1,FY2024_Q4
"AUTOMATED PET CARE PRODUCTS, LLC DBA WHISKER",1,FY2024_Q4
CRC ASSOCIATES INC,1,FY2024_Q4
CURIOUSER PRODUCTS INC. DBA MIRROR,1,FY2024_Q4
EXCELFORE CORPORATION,1,FY2024_Q4
"SHINSUNG NVH USA, INC.",1,FY2024_Q4
ATLAS EVALUATION  INSPECTION SERVICES LLC,1,FY2024_Q4
LAURENCE AND ASSOCIATES LLC,1,FY2024_Q4
"ALPHAPET,INC.",1,FY2024_Q4
CLARUS GLASSBOARDS LLC,1,FY2024_Q4
"BIOSENSE WEBSTER, INC.",1,FY2024_Q4
"CP PACKAGING, LLC",1,FY2024_Q4
BESTCARE LLC,1,FY2024_Q4
"CLARK NEXSEN, INC.",1,FY2024_Q4
"DAIMAY NORTH AMERICA AUTOMOTIVE, INC",1,FY2024_Q4
"BIMBO BAKERIES USA, INC.",1,FY2024_Q4
CREATIVE BIOMART INC.,1,FY2024_Q4
COVINGTON  BURLING LLP,1,FY2024_Q4
"ORRICK, HERRINGTON  SUTCLIFFE LLP",1,FY2024_Q4
DAHUI LAWYERS LLP,1,FY2024_Q4
ABRAHAM BALDWIN AGRICULTURAL COLLEGE,1,FY2024_Q4
"AU BEAU SEJOUR FRENCH PRESCHOOL, INC",1,FY2024_Q4
DAISY EDUCATION CORPORATION,1,FY2024_Q4
BEACON ACADEMY,1,FY2024_Q4
"BEYOND VISION MUSIC FOUNDATION, INC.",1,FY2024_Q4
"COMPOUND FINANCIAL, INC.",1,FY2024_Q4
"COCOLOVE APPAREL, INC.",1,FY2024_Q4
ADPOP INC,1,FY2024_Q4
BELTS COM,1,FY2024_Q4
ECRU INC,1,FY2024_Q4
CROSSROADS BIBLE CHURCH,1,FY2024_Q4
"EXCEL DENTAL, P.C.",1,FY2024_Q4
CORTICA HEALTHCARE INC.,1,FY2024_Q4
"GREAT RIVER HEALTH SYSTEM, INC.",1,FY2024_Q4
CLEVELAND CLINIC MERCY HOSPITAL,1,FY2024_Q4
BENICIA LOVING CARE HOME LLC,1,FY2024_Q4
AMBASSADORS LLC,1,FY2024_Q4
RACHELS QUALITY HOME INC.,1,FY2024_Q4
CMSLM INC.,1,FY2024_Q4
AFESTIN INC,1,FY2024_Q4
CARLOS L VAAMONDE,1,FY2024_Q4
ACCESSIBLE PHYSICIAN HOME CARE LLC,1,FY2024_Q4
"PHETCHABUN, INC.",1,FY2024_Q4
GRAN COLOMBIA RESTAURANTE INC,1,FY2024_Q4
BIG HENG INC,1,FY2024_Q4
"GURUNG, INC.",1,FY2024_Q4
"CULANTRO, LLC",1,FY2024_Q4
ALPIM GROUP LLC,1,FY2024_Q4
B.A.D SUSHI WEST L.A. INC,1,FY2024_Q4
BEAUTIFUL CLEANING,1,FY2024_Q4
CKC CLEANING SERVICES INC.,1,FY2024_Q4
DAISYS NAILS  SPA INC,1,FY2024_Q4
ZMAT INC,1,FY2024_Q4
HARIS PARTY STORE NO 2 INC,1,FY2024_Q4
CRUMBILL INC,1,FY2024_Q4
ALY MOHAMMED INC. DBA DAPPER DAN CLEANERS  SHOE R,1,FY2024_Q4
BIOREP TECHNOLOGIES INC,1,FY2024_Q4
"AZKOYEN USA, INC",1,FY2024_Q4
CPS AIR INC,1,FY2024_Q4
ATLANTIC BEARING SERVICES LLC,1,FY2024_Q4
CREATIVE NATION LLC,1,FY2024_Q4
INTERNATIONAL PLAZA GROUP INC,1,FY2024_Q4
"CRU INSTITUTE OF COSMETOLOGY AND BARBERING, INC.",1,FY2024_Q4
DARIYAN INVESTMENT LLC,1,FY2024_Q4
PURPLE ORCHID HOLLYWOOD LLC,1,FY2024_Q4
LANDSTAR DENTAL INC,1,FY2024_Q4
CUBE ENTERPRISE LLC,1,FY2024_Q4
GRAVITY LOGISTICS LLC,1,FY2024_Q4
CUNEX INC.,1,FY2024_Q4
"BILL ABBO DDS,MS,PA",1,FY2024_Q4
"CARE FOR PEOPLE, LLC",1,FY2024_Q4
ALX CONSTRUCTION INC,1,FY2024_Q4
BIOSCIENCE CONSULTANTS INC.,1,FY2024_Q4
"BIG BOX RETAILER, INC",1,FY2024_Q4
"IMPERIAL DEVELOPMENT GROUP, LLC",1,FY2024_Q4
"BIG R FARMS, INC",1,FY2024_Q4
EATON RANCH,1,FY2024_Q4
"B  M CONCRETE, INC.",1,FY2024_Q4
COUNTRY FOOD LLC,1,FY2024_Q4
ALSTOM MASS TRANSIT CORP,1,FY2024_Q4
DAI SING CORP.,1,FY2024_Q4
CUT AND COOK LLC,1,FY2024_Q4
"KONG S. Y., INC.",1,FY2024_Q4
"CRAFT CHARTER, LLC",1,FY2024_Q4
"BELTRAME VITAL SERVICES, CORP.",1,FY2024_Q4
AMERICA FLOORING AND DESIGN,1,FY2024_Q4
KARAT FINANCIAL TECHNOLOGIES INCORPORATED,1,FY2024_Q4
FORMSPRAG LLC,1,FY2024_Q4
"PHOENIX EAST AVIATION, LLC",1,FY2024_Q4
"FRAUNHOFER USA, INC",1,FY2024_Q4
CROSSBEE SPORTS AGENCY INC.,1,FY2024_Q4
CCP BUSINESS ESSENTIALS LLC,1,FY2024_Q4
GOGI INC.,1,FY2024_Q4
PHARMACY DOCTORS ENTERPRISES INC DBA ZION CLINIC,1,FY2024_Q4
BANCO DO BRASIL SECURITIES LLC,1,FY2024_Q4
PENSION ASSOCIATES RETIREMENT PLANNING LLC,1,FY2024_Q4
AGROS INTERNATIONAL,1,FY2024_Q4
PAYRANGE INC.,1,FY2024_Q4
FAR OUT SOLUTIONS LLC,1,FY2024_Q4
CREDIT CARD SERVICES,1,FY2024_Q4
LARKY,1,FY2024_Q4
DATOMETRY,1,FY2024_Q4
NETSPEND,1,FY2024_Q4
CERMAX CORP.,1,FY2024_Q4
AMC TECHNOLOGY LLC,1,FY2024_Q4
"BANYAN MEDICAL SYSTEMS, LLC",1,FY2024_Q4
ELECTRIC AI,1,FY2024_Q4
"CENTRIX GROUP, LLC",1,FY2024_Q4
CERES IMAGING,1,FY2024_Q4
"NATION ONLINE, INC.",1,FY2024_Q4
CELLTEIN LLC DBA LIFETEIN LLC,1,FY2024_Q4
PHILLIPS AUCTIONEERS LLC,1,FY2024_Q4
"CERTAINTEED GYPSUM AND CEILING MANUFACTURING, INC.",1,FY2024_Q4
"AEONSEMI TECHNOLOGIES, INC.",1,FY2024_Q4
GALPA EXPORT CORP,1,FY2024_Q4
PETER BASSO ASSOCIATES INC,1,FY2024_Q4
"FRORE SYSTEMS, INC.",1,FY2024_Q4
BAKER BOTTS LLP,1,FY2024_Q4
JRD LAW ASSOCIATES LLC,1,FY2024_Q4
BALL STATE UNIVERSITY,1,FY2024_Q4
FRANCISCAN MEDICAL GROUP,1,FY2024_Q4
ALLEGHENY CLINIC MEDICAL ONCOLOGY,1,FY2024_Q4
KASEI RETAIL LLC,1,FY2024_Q4
KIRWANS ON THE WHARF,1,FY2024_Q4
MARY AMERIKS,1,FY2024_Q4
NAGMAS INC,1,FY2024_Q4
FARIA LIMA CONSULTING L.L.C,1,FY2024_Q4
"EMART AMERICA, INC.",1,FY2024_Q4
PAXOS TRUST COMPANY LLC,1,FY2024_Q4
"FIRESTONE WALKER, INC.",1,FY2024_Q4
BOCCARD PIPE FABRICATORS,1,FY2024_Q4
GULDJIAN FASEL,1,FY2024_Q4
DNB BANK ASA,1,FY2024_Q4
SAEL PREMIUM SERVICE CORP.,1,FY2024_Q4
GLOBAL INVESTMENT AND DEVELOPMENT,1,FY2024_Q4
DR. XUS COMPREHENSIVE MEDICAL PLLC,1,FY2024_Q4
ALMAX CARGO LLC,1,FY2024_Q4
FRANK AND LEO LLC DBA IGK SALONS,1,FY2024_Q4
FFD PRODUCT INC,1,FY2024_Q4
"BS AUTO, INC.",1,FY2024_Q4
HARDEE BROTHERS LLC,1,FY2024_Q4
"BLACKSTAR WORLDWIDE, LLC",1,FY2024_Q4
GERMAN MACHINE TOOLS OF AMERICA,1,FY2024_Q4
"H GREGORY 1, INC. DBA HGREG.COM",1,FY2024_Q4
"HALMAR INTERNATIONAL, LLC",1,FY2024_Q4
BORGWARNER PDS USA INC.,1,FY2024_Q4
"FLIGHT UNLIMITED, LLC",1,FY2024_Q4
FIRST FACTOM LLC,1,FY2024_Q4
GSPM PHARMACY INC,1,FY2024_Q4
GL GROUP INC.,1,FY2024_Q4
"GRINDER, TABER, AND GRINDER, INC.",1,FY2024_Q4
BOSPORUS STONE AND DESIGN LLC,1,FY2024_Q4
CENTURY HOMEBUILDERS GROUP LLC,1,FY2024_Q4
"H MART LOGISTICS, INC.",1,FY2024_Q4
SETARO TRADING LLC,1,FY2024_Q4
BORAAM INDUSTRIES INC,1,FY2024_Q4
DTDC EXPRESS INC,1,FY2024_Q4
INFO ORIGIN INC,1,FY2024_Q4
BNP PARIBAS FINANCIAL SERVICES LLC,1,FY2024_Q4
BOSEM CORP,1,FY2024_Q4
"AMERICAN HOMESTAY SERVICES,  LLC",1,FY2024_Q4
BRCR MEDICAL CENTER INC.,1,FY2024_Q4
"NATIONWIDE OFFICE LIQUIDATORS, LLC",1,FY2024_Q4
LAW OFFICES OF SCOTT WARMUTH,1,FY2024_Q4
"CERTIFIED TILE AND STONE, INC.",1,FY2024_Q4
NATIONAL ALERT SECURITY AND PROTECTION SERVICES,1,FY2024_Q4
"CVI TECHNOLOGY, LLC",1,FY2024_Q4
"GRYPHON ADVISORS, LLC",1,FY2024_Q4
DT AIR CONDITIONING  HEATING INC,1,FY2024_Q4
BOLB INC,1,FY2024_Q4
AMERICAN FINANCIAL SERVICES ASSOCIATION,1,FY2024_Q4
"GOAL INVESTMENT GROUP, INC",1,FY2024_Q4
"BLANK INDUSTRIES, LLC",1,FY2024_Q4
GHISALLO GROUP LP,1,FY2024_Q4
ALPINE GLOBAL MANAGEMENT LLC,1,FY2024_Q4
"FLOOR AND DECOR OUTLETS OF AMERICA, INC.",1,FY2024_Q4
"BANCO DE SABADELL, S.A.",1,FY2024_Q4
HANYA TECHNOLOGIES LLC,1,FY2024_Q4
BOURNS INC,1,FY2024_Q4
FLEXTRADE SYSTEMS INC.,1,FY2024_Q4
"CASTLEGARDE, INC.",1,FY2024_Q4
"BTI SOLUTIONS, INC",1,FY2024_Q4
C1ST TECHNOLOGIES LLC,1,FY2024_Q4
HARLEM RBI INCORPORATED,1,FY2024_Q4
BRIGHT POWER,1,FY2024_Q4
SOFTSAGES LLC,1,FY2024_Q4
LOGICPRO SYSTEMS INC,1,FY2024_Q4
"NICE SYSTEMS TECHNOLOGIES, INC.",1,FY2024_Q4
SCIENTIA SYSTEMS LLC,1,FY2024_Q4
"HACHETTE BOOK GROUP, INC.",1,FY2024_Q4
BOTKEEPER INC.,1,FY2024_Q4
"ONIS SOLUTIONS, LLC",1,FY2024_Q4
"EDUFIN IT, INC",1,FY2024_Q4
"LISTENGAGE, LLC",1,FY2024_Q4
BUZZCLAN LLC,1,FY2024_Q4
"PDI TECHNOLOGIES, INC.",1,FY2024_Q4
"BODO, INC.",1,FY2024_Q4
BRAINCO. INC,1,FY2024_Q4
"BRIGHTHIRE, INC.",1,FY2024_Q4
PROCYON TECHNOSTRUCTURE LLC,1,FY2024_Q4
HRT TECHNOLOGY LLC,1,FY2024_Q4
"GOVERNMENTJOBS.COM, INC., DBA NEOGOV",1,FY2024_Q4
"GLOOKO, INC.",1,FY2024_Q4
BRAND INCUBATOR LLC,1,FY2024_Q4
"FIELDCORE SERVICE, INC.",1,FY2024_Q4
CENTRAL METHODIST UNIVERSITY,1,FY2024_Q4
BRISTOL FARMS,1,FY2024_Q4
ELITE LOGISTICS CORP,1,FY2024_Q4
"BUNGIE, INC.",1,FY2024_Q4
"BUNGE NORTH AMERICA, INC.",1,FY2024_Q4
"BOFFO CINEMAS, LLC DBA THE LOT",1,FY2024_Q4
BONSTRA HARESIGN ARCHITECTS LLP,1,FY2024_Q4
AEC ONSITE INC.,1,FY2024_Q4
"BURTON STUDIO, INC.",1,FY2024_Q4
CESO INC,1,FY2024_Q4
"FLEXDEX, INC.",1,FY2024_Q4
"SELLEN CONSTRUCTION CO., INC.",1,FY2024_Q4
GRAY CONSTRUCTION,1,FY2024_Q4
"BROSZ ENGINEERING, INC.",1,FY2024_Q4
LIM CONSULTANTS INC.,1,FY2024_Q4
"BURNS ENGINEERING, INC.",1,FY2024_Q4
BORN INC,1,FY2024_Q4
"FELSOMAT USA, INC.",1,FY2024_Q4
DTE ELECTRIC COMPANY,1,FY2024_Q4
"BRIGHTNIGHT, LLC",1,FY2024_Q4
"JEFFERSON SCIENCE ASSOCIATES, LLC",1,FY2024_Q4
ECOTERRA CONSULTING LLC,1,FY2024_Q4
"DRP ENGINEERING, INC",1,FY2024_Q4
BORGWARNER TRANSMISSION PRODUCTS LLC,1,FY2024_Q4
PURPLE LINE LLC,1,FY2024_Q4
"BLUESCOPE BUILDINGS NORTH AMERICA, INC.",1,FY2024_Q4
CHAMPION TOOL STORAGE,1,FY2024_Q4
"HG REFRIGERATION SUPPLY, INC",1,FY2024_Q4
GLOBAL MANUFACTURING TECH INC.,1,FY2024_Q4
PEGATRON TECHNOLOGY SERVICE INC.,1,FY2024_Q4
"GROUNDWORK RENEWABLES, INC.",1,FY2024_Q4
GREENWAY BIOTECH INC.,1,FY2024_Q4
BRAINTREE TECHNOLOGY SOLUTIONS LLC,1,FY2024_Q4
HAMCO SFO CORP,1,FY2024_Q4
AICON BIOTECH INC,1,FY2024_Q4
BRAVO INVESTMENTS LLC,1,FY2024_Q4
MIDHUDSON KOREAN UNITED METHODIST CHURCH,1,FY2024_Q4
ABRAMS GORELICK FRIEDMAN  JACOBSON LLP,1,FY2024_Q4
GARRETA LAW LLC,1,FY2024_Q4
CHAMPLAIN COLLEGE,1,FY2024_Q4
BRYN MAWR COLLEGE,1,FY2024_Q4
FERGUSON FLORISSANT SCHOOL DISTRICT,1,FY2024_Q4
HIAM CHARITY FOUNDATION,1,FY2024_Q4
"FEDERAL HILL GROUP, LLC",1,FY2024_Q4
FLOYD COUNTY PRODUCTIONS,1,FY2024_Q4
BSQUARE HOLDINGS LTD,1,FY2024_Q4
FFKR ARCHITECTSPLANNERS II,1,FY2024_Q4
GOSPEL SILOAM CHURCH,1,FY2024_Q4
BTM CAPITAL LLC,1,FY2024_Q4
GENIUS MINDS LLC,1,FY2024_Q4
NEW MEXICOPERFECT TEETH PC,1,FY2024_Q4
SEMINOLE DENTAL PLLC,1,FY2024_Q4
"DENTAL SERVICE ADVISORS, LLC",1,FY2024_Q4
ACE DENTAL02 PC,1,FY2024_Q4
MEMORIAL HOSPITAL OF TEXAS COUNTY AUTHORITY,1,FY2024_Q4
"AIKEN PROFESSIONAL ASSOCIATION, LLC",1,FY2024_Q4
"GMG HEALTH SYSTEMS ASSOCIATES, PA",1,FY2024_Q4
NELSON COUNTY HEALTH SYSTEM,1,FY2024_Q4
"GENOVA DIAGNOSTICS, INC.",1,FY2024_Q4
"INSTITUTE FOR VASCULAR TESTING, INC.",1,FY2024_Q4
"GOLDEN LIFE MANOR, LLC",1,FY2024_Q4
HM MANAGEMENT LLC,1,FY2024_Q4
CATERERS IN THE PARK LLC,1,FY2024_Q4
PASTICCERIA ROCCO,1,FY2024_Q4
SRISUK INC.,1,FY2024_Q4
"PAUL  JUNE, LLC DBA AMERICAN DELI",1,FY2024_Q4
"LH SUSHI, INC. DBA SUSHI MANIA RESTAURANT",1,FY2024_Q4
"BYBLOS RESTAURANT OF VA, INC.",1,FY2024_Q4
ERCODALE LLC DBA CASANTICA RISTORANTE,1,FY2024_Q4
SATGURU NANAK JI LLC,1,FY2024_Q4
109 SILVER STAR INC,1,FY2024_Q4
HAROLD LEVON GOODE PRIVATE HOUSEHOLD,1,FY2024_Q4
CEDAR RIDGE STALLION STATION LLC,1,FY2024_Q4
BLUE CROWN AQUATIC,1,FY2024_Q4
HILLARY B JACKSON,1,FY2024_Q4
CHAD BLANCHARD,1,FY2024_Q4
BROOKE MOORE,1,FY2024_Q4
ALISON LEIGH EPILONE,1,FY2024_Q4
SEAN BASTILLE,1,FY2024_Q4
BOHODYR MURZAEV HOUSEHOLD,1,FY2024_Q4
"BODY  BRAIN YOGA AND HEALTH CENTERS, INC.",1,FY2024_Q4
BLUE SAL LLC,1,FY2024_Q4
"DRW HOLDINGS, LLC.",1,FY2024_Q4
GOLDENSOURCE LLC,1,FY2024_Q4
FIVE STAR PAVERS AND POOL REMODELS,1,FY2024_Q4
BRIDON AMERICAN CORPORATION,1,FY2024_Q4
"DAVTYAN LAW FIRM, INC.",1,FY2024_Q4
"GROTAMINARDA, LLC",1,FY2024_Q4
"INTERNATIONAL INSURANCE GROUP, INC.",1,FY2024_Q4
"CHANG Y.HAN CPA,PC",1,FY2024_Q4
EJ INTERNATIONAL INC.,1,FY2024_Q4
BUSINESS AUTHORITY CORPORATION,1,FY2024_Q4
SERENE GLOBAL GROUP LLC,1,FY2024_Q4
GGOP LLC,1,FY2024_Q4
GOURMET FOOD AND WINE INTERNATIONAL LLC DBA PG F,1,FY2024_Q4
CELEDON LAW PC,1,FY2024_Q4
BUDDIE  ME FRIENDS INC,1,FY2024_Q4
RD COMMUNICATIONS SERVICES CORP,1,FY2024_Q4
"BOCA WHARFSIDE, LLC",1,FY2024_Q4
DUKE BARBER CO CHESTNUTHILL,1,FY2024_Q4
LEES TAEKWONDO AT CHICOPEE INC,1,FY2024_Q4
"NEWTONS APPLE PROPERTY SOLUTIONS, LLC",1,FY2024_Q4
FEDERAL ELECTRIC,1,FY2024_Q4
"BRAVEN ENVIRONMENTALNORTH CAROLINA, LLC",1,FY2024_Q4
CW AUTO  TIRES LLC,1,FY2024_Q4
BOSTON SWORD AND TUNA,1,FY2024_Q4
GO FLY LLC,1,FY2024_Q4
"BOLD FORWARD, INC.",1,FY2024_Q4
"DYNAMIC PRO COACH LINE , INC",1,FY2024_Q4
"FREUDENBERG FILTRATION TECHNOLOGIES, L.P.",1,FY2024_Q4
FOX CORPORATION,1,FY2024_Q4
DEPARTMENT OF ECOLOGY,1,FY2024_Q4
AMERICAN MARINE DESIGN DBA INSETTA BOATWORKS,1,FY2024_Q4
FREIGHTWAY EXPRESS INC,1,FY2024_Q4
MODE KS INC DBA. MASA.KANAI,1,FY2024_Q4
"DESTILADOS DE MEXICO, LLC",1,FY2024_Q4
FUJI INC,1,FY2024_Q4
"HDMI LICENSING ADMINISTRATOR, INC.",1,FY2024_Q4
"DELI FRESH FOODS, INC.",1,FY2024_Q4
CINEMATIC HEALTH EDUCATION,1,FY2024_Q4
"HEADSPIN, INC.",1,FY2024_Q4
DEN DEN 8 OC INC,1,FY2024_Q4
DEN DEN 8 FULL INC.,1,FY2024_Q4
"HARUMI SUSHI ARIZONA, LLC.",1,FY2024_Q4
SOLISTIC VENTURES LLC DBA DAWN EQUITY,1,FY2024_Q4
WAVE MANAGEMENT LLC,1,FY2024_Q4
"AMBROSE ESOP ADVISORS, LLC",1,FY2024_Q4
"HAVAS HEALTH, INC.",1,FY2024_Q4
GREENSLEDGE CAPITAL MARKETS LLC,1,FY2024_Q4
AMERICAN INTERNATIONAL FINANCIAL AND INSURANCE MAR,1,FY2024_Q4
SHORE LINE REALTY  ASSOCIATES INC,1,FY2024_Q4
"SICPA PRODUCT SECURITY, LLC",1,FY2024_Q4
ALPHATEC SPINE INC.,1,FY2024_Q4
"FOX NEWS NETWORK, LLC",1,FY2024_Q4
"FUJIFILM DIMATIX, INC.",1,FY2024_Q4
"HCH ENTERPRISES, LLC",1,FY2024_Q4
"SONDERMIND, INC",1,FY2024_Q4
FORT HAYS STATE UNIVERSITY,1,FY2024_Q4
SOMO MANAGEMENT LLC,1,FY2024_Q4
HD CONSULTING SERVICE LLC,1,FY2024_Q4
ALPHAROC,1,FY2024_Q4
"AMERICAN SIGNATURE, INC.",1,FY2024_Q4
"AMERICAN STRUCTUREPOINT, INC.",1,FY2024_Q4
FOY CONSULTING  ENGINEERING,1,FY2024_Q4
DESMAR PC INC,1,FY2024_Q4
"DEVANEY ENGINEERING, INC.",1,FY2024_Q4
FOUNTAINHEAD CONSULTING CORPORATION,1,FY2024_Q4
FREEPORTMCMORAN SIERRITA INC,1,FY2024_Q4
SHANKLIN CORPORATION,1,FY2024_Q4
UTEC GROUP INC,1,FY2024_Q4
SIGMA CONNECTIVITY INC,1,FY2024_Q4
DELOS LIVING LLC,1,FY2024_Q4
ALLIANT RIGSERV LLC,1,FY2024_Q4
FTP TECHNOLOGY INC,1,FY2024_Q4
DELFI DIAGNOSTICS,1,FY2024_Q4
FRESH START LIFE SOLUTIONS,1,FY2024_Q4
"FREDRIKSON  BYRON, P.A.",1,FY2024_Q4
FULKRUM TECHNICAL RESOURCES INC.,1,FY2024_Q4
HARRY D POLATSEK PA,1,FY2024_Q4
SOCCER CAGE LLC,1,FY2024_Q4
"DENTAL DESIGNS OF FORT MYERS, LLC CONVERSION TO DENTAL DESIGNS MANAGEMENT, INC",1,FY2024_Q4
SOL PHARMACY,1,FY2024_Q4
HAYAT PHARMACY 20 LLC,1,FY2024_Q4
"HAWAIIAN REHABILITATION SERVICES, INC.",1,FY2024_Q4
HCA HEALTH SERVICES OF TENNESSEE INC,1,FY2024_Q4
DENTAL AESTHETIC STUDIO PC,1,FY2024_Q4
"SHAMDAN RESTAURANT, INC.",1,FY2024_Q4
SIAM KITCHEN LLC,1,FY2024_Q4
"AMERICAN PROFESSIONAL SERVICES, INC.",1,FY2024_Q4
HILDA M PINEDA,1,FY2024_Q4
SHAHZAD  ESSA LLC DBA FAIR PRICE,1,FY2024_Q4
AMERICAN MATAR INTERNATIONAL INC.,1,FY2024_Q4
FORTE BUILDERS LLC,1,FY2024_Q4
AMERICAN LINE TRUCK LLC,1,FY2024_Q4
DONGHYUN AMERICA INC,1,FY2024_Q4
AMERICAN GENUINE GAS,1,FY2024_Q4
AMERICAN ME CORP. DBA TSHIRT FACTORY,1,FY2024_Q4
AMWAY INTERNATIONAL INC.,1,FY2024_Q4
SUNSTATE EQUIPMENT,1,FY2024_Q4
STARPLAST USA LLC,1,FY2024_Q4
"GATE GOURMET, INC",1,FY2024_Q4
HEALTH PLUS INC,1,FY2024_Q4
"TAKCO, INC.",1,FY2024_Q4
HAP CONSTRUCTION LLC,1,FY2024_Q4
DINEX EMISSION,1,FY2024_Q4
DIP IN INC DBA THE MELTING POT,1,FY2024_Q4
HACHI RAMEN,1,FY2024_Q4
TCI HOSPITALITY LLC DBA UNCOMMON HOSPITALITY GRO,1,FY2024_Q4
SOUTHERN HOSPITALITY INC,1,FY2024_Q4
VENTURA INTERNATIONAL LIMITED,1,FY2024_Q4
NEUHAUS INC.,1,FY2024_Q4
HERALD CHRISTIAN HEALTH CENTER,1,FY2024_Q4
"GASOLINERA, INC. DBA APOLLO TRANSPORTATION",1,FY2024_Q4
"FUSION ORTHOPEDICS, LLC",1,FY2024_Q4
DECOMIL LLC,1,FY2024_Q4
HEC PHARM USA INC.,1,FY2024_Q4
"HEARST BUSINESS PUBLISHING, INC.",1,FY2024_Q4
"FULLBEAUTY BRANDS MANAGEMENT SERVICES, LLC",1,FY2024_Q4
"DATAVISOR, INC.",1,FY2024_Q4
"GETAC, INC",1,FY2024_Q4
DAYORIS LLC,1,FY2024_Q4
TAKASAGO INTERNATIONAL CORPORATION U.S.A.,1,FY2024_Q4
HEIR LOOMS LLC,1,FY2024_Q4
DAVID HERZOG MINISTRIES,1,FY2024_Q4
"AMERIXPRESS, INC.",1,FY2024_Q4
"GLOBAL FINANCIAL  INSURANCE SERVICES, INC",1,FY2024_Q4
"SPOTT, LUCEY  WALL, INC. CPAS",1,FY2024_Q4
K2 KITCHEN SUPPLY LLC,1,FY2024_Q4
HEICO,1,FY2024_Q4
AMK FERGUSON INC,1,FY2024_Q4
GRAND CONSTRUCTION  DEVELOPMENT GROUP CORP.,1,FY2024_Q4
SPHERA SOLUTIONS,1,FY2024_Q4
FX DIRECT DEALER LLC,1,FY2024_Q4
"VELOSIO, LLC",1,FY2024_Q4
"HEALTHEQUITY, INC.",1,FY2024_Q4
"GEODIS USA, LLC",1,FY2024_Q4
"DATA MANAGEMENT INTERNATIONALE, INC",1,FY2024_Q4
SUNFLOWER CONSTRUCTION LLC,1,FY2024_Q4
DATAVAIL CORPORATION,1,FY2024_Q4
SPARKFX LLC,1,FY2024_Q4
"TELEPATH COMMUNICATIONS, INC",1,FY2024_Q4
"DICE TECHNOLOGIES, INC.",1,FY2024_Q4
GEXA ENERGY LP,1,FY2024_Q4
"FUTO HOLDINGS, INC.",1,FY2024_Q4
GOOYAH TECHNOLOGIES INC.,1,FY2024_Q4
AMITECH SOLUTIONS,1,FY2024_Q4
FLYWIRE CORPORATION,1,FY2024_Q4
"AMERIINFO, INC.",1,FY2024_Q4
DIGITALSKYNET CORP,1,FY2024_Q4
TEEDAY GLOBAL SOLUTION LLC,1,FY2024_Q4
"HELLO ELEPHANT, LLC",1,FY2024_Q4
FUNKTRONIC LABS,1,FY2024_Q4
"DIA ASSOCIATES, LLC",1,FY2024_Q4
"KEITH WILLIG LANDSCAPE SERVICES, INC.",1,FY2024_Q4
"GAI CONSULTANTS, INC.",1,FY2024_Q4
SUPERIOR REFINING COMPAMY LLC,1,FY2024_Q4
HARBCO DEVELOPMENT LLC,1,FY2024_Q4
"STEREOTAXIS, INC.",1,FY2024_Q4
GOLDEN VERTEX CORP,1,FY2024_Q4
SYNERGIA AUTOMOTIVE LLC,1,FY2024_Q4
"SPF NORTH AMERICA, INC.",1,FY2024_Q4
HERALD SQUARE PSYCHOLOGY PLLC,1,FY2024_Q4
JUDGE BAKER CHILDRENS CENTER,1,FY2024_Q4
DICKINSON WRIGHT PLLC,1,FY2024_Q4
"STEVEN H. GARFINKEL, PA",1,FY2024_Q4
STATE UNIVERSITY OF NEW YORK AT NEW PALTZ,1,FY2024_Q4
"EMORY PARK, INC.",1,FY2024_Q4
DBOX INC,1,FY2024_Q4
HERITAGE GA REALTY LLC,1,FY2024_Q4
GLOBETECH MEDIA LLC,1,FY2024_Q4
GLOW DENT DORAL,1,FY2024_Q4
AMSANCHEZ LLC DB OHANA GROUP LIVING,1,FY2024_Q4
DAVEKARAN INC DBA MANTRA BY INDIAN GARDEN,1,FY2024_Q4
GARYS PIZZERIA OF WAITE PARK INC.,1,FY2024_Q4
TEH WIN MANAGEMENT INC.,1,FY2024_Q4
"G BURGER RESTAURANT, INC.",1,FY2024_Q4
GLASSTONE GROUP INC,1,FY2024_Q4
MARIAN DACCA,1,FY2024_Q4
DEEB ALRIHANI,1,FY2024_Q4
DIANA LIN,1,FY2024_Q4
DEBBIE SANCHEZ,1,FY2024_Q4
DAVID TEPLINSKY,1,FY2024_Q4
TECHGNOSIS LLC,1,FY2024_Q4
HED INC.,1,FY2024_Q4
GERALD METALS LLC,1,FY2024_Q4
"AMKOR TECHNOLOGY, INC.",1,FY2024_Q4
"DIABLO RACING, INC. DBA DYNAMIC WHEEL GROUP",1,FY2024_Q4
"GOLFIO, INC.",1,FY2024_Q4
"AMKO INTERNATIONAL, INC.",1,FY2024_Q4
SYDNEY FOOD LLC 138,1,FY2024_Q4
SUCARGO USA CORP,1,FY2024_Q4
GAYATRI KRUPA CORP DBA AMBASSADOR INN  SUITES,1,FY2024_Q4
"DB PRESSURE WASH AND RESTORATION, LLC",1,FY2024_Q4
GBI LOGISTICS CORP,1,FY2024_Q4
SANNINOS BELLAVITA VINEYARD,1,FY2024_Q4
GULFSHORE CLOTHIER,1,FY2024_Q4
GREAT NOMADS LLC,1,FY2024_Q4
"HAPPY SPROUT, INC.",1,FY2024_Q4
"KERR HOLDINGS, LLC",1,FY2024_Q4
EVOLVE IP LLC,1,FY2024_Q4
HANSUNG USA LLC,1,FY2024_Q4
"EVENTUS SYSTEMS, INC",1,FY2024_Q4
EVIDECO,1,FY2024_Q4
DISCOVER GRANITE AND MARBLE,1,FY2024_Q4
"DORAL INTERNATIONAL FOODS, LLC",1,FY2024_Q4
PLNS DEVELOPERS LLC,1,FY2024_Q4
"OPTIMA FOODS, INC.",1,FY2024_Q4
KARMANENTERTAINMENT,1,FY2024_Q4
CG ROXANE,1,FY2024_Q4
"HYUNDAI POLYTECH AMERICA COMPANY, INC",1,FY2024_Q4
"HOTELCO INTERNATIONAL ACQUIREMENTS, LLC.",1,FY2024_Q4
GTM RESTAURANTS INC,1,FY2024_Q4
DISCOVERY SCM USA LTD,1,FY2024_Q4
"GRACE  NAEEM UDDIN, INC.",1,FY2024_Q4
"DUROTECH, INC.",1,FY2024_Q4
"ALFREDHOUSE ELDERCARE, INC.",1,FY2024_Q4
HOUCK GROUP INC.,1,FY2024_Q4
PRISMATIQUE CORP,1,FY2024_Q4
"NTT DATA EUROPE  LATAM, BRANCH IN USA, INC.",1,FY2024_Q4
JVB ARCHITECT LLC,1,FY2024_Q4
NO LIMIT MORTGAGE SOLUTIONS INC,1,FY2024_Q4
PMX INVESTMENTS LLC,1,FY2024_Q4
COLANGELO  PARTNERS PUBLIC RELATIONS LLC,1,FY2024_Q4
NORTH AMERICAN FOOD DISTRIBUTING CO INC,1,FY2024_Q4
PRIME FOOD INTERNATIONAL LLC,1,FY2024_Q4
GREEN ACRES FOOD MAX INC.,1,FY2024_Q4
WAFRA INC.,1,FY2024_Q4
FJ EXPRESS INC,1,FY2024_Q4
INPROCESS INC,1,FY2024_Q4
"KAUFMAN  COMPANY, P.A.",1,FY2024_Q4
NORTHEAST RENOVATIONS LLC,1,FY2024_Q4
"POLITICAL DATA INTELLIGENCE, LLC",1,FY2024_Q4
UNIVERSAL INSTRUMENTS,1,FY2024_Q4
INNOVAT SOLUTION CORP,1,FY2024_Q4
"PRESTIGE FINANCIAL SERVICES, INC.",1,FY2024_Q4
THE ANDOVER COMPANIES,1,FY2024_Q4
ERAE AMS USA MANUFACTURING LLC,1,FY2024_Q4
"PERSONALIZED BEAUTY DISCOVERY, INC.",1,FY2024_Q4
ESKOGRAPHICS INC,1,FY2024_Q4
POLAR OPERATIONS LLC DBA IMC MARKETS,1,FY2024_Q4
"IPC SYSTEMS, INC",1,FY2024_Q4
INNOVATIVE INFORMATION TECHNOLOGIES INC.,1,FY2024_Q4
JOVIA FINANCIAL CREDIT UNION,1,FY2024_Q4
"EXZEO USA, INC.",1,FY2024_Q4
ALGORITHM INC,1,FY2024_Q4
OKLAHOMA ATTORNEYS MUTUAL INSURANCE COMPANY,1,FY2024_Q4
COLLEGE OF WILLIAM AND MARY,1,FY2024_Q4
EVEREST CLINICAL RESEARCH,1,FY2024_Q4
"LOWER SHORE CLINIC, INC.",1,FY2024_Q4
JOSEPHSON LLC DBA THE MOINIAN GROUP,1,FY2024_Q4
"HPA, INC.",1,FY2024_Q4
"HOOPES  ASSOCIATES ARCHITECTS, LTD CO.",1,FY2024_Q4
DUMONTJANKS,1,FY2024_Q4
JOSEPH K. BLUM CO. LLP,1,FY2024_Q4
"GEOSTRUCTURES, INC.",1,FY2024_Q4
ETSLINDGREN INC.,1,FY2024_Q4
"EQUISALES ASSOCIATES, INC.",1,FY2024_Q4
PRYSMIAN CABLES AND SYSTEMS USA LLC,1,FY2024_Q4
VERSA PRODUCTS,1,FY2024_Q4
"COLEMAN TECHNOLOGIES, INC. DBA SCIOTEX",1,FY2024_Q4
COE PRESS EQUIPMENT CORPORATION,1,FY2024_Q4
DUREX INDUSTRIES,1,FY2024_Q4
"GSHELMS  ASSOCIATES, LLC",1,FY2024_Q4
NUVATION BIO,1,FY2024_Q4
"EVAN PAUL AUTO CAPITAL, LLC",1,FY2024_Q4
THE BATTLE CREEK HAN MEE CHURCH,1,FY2024_Q4
PROSPECT ADMINISTRATION,1,FY2024_Q4
PESEK LAW LLC,1,FY2024_Q4
UNIVERSITY OF MARY,1,FY2024_Q4
ONE WORLD MONTESSORI SCHOOL INC,1,FY2024_Q4
OPUS 1 MUSIC STUDIO,1,FY2024_Q4
DKS STEEL DOOR AND FRAME SYSTEM,1,FY2024_Q4
VIBRAS LLC,1,FY2024_Q4
"DK MEDIA GROUP, DBA KTN",1,FY2024_Q4
OCTAVIAN CAPITAL PARTNERS LLC,1,FY2024_Q4
"JUN WANG  ASSOCIATES, P.C.",1,FY2024_Q4
"D2 DENTAL OF MICHIGAN, P.C.",1,FY2024_Q4
ALABAMA PROVIDENCE HEALTHCARE SERVICES,1,FY2024_Q4
"HOSPITAL MEDICINE ASSOCIATES, LLC",1,FY2024_Q4
"INPATIENT  CONSULTANTS OF DELAWARE, INC.",1,FY2024_Q4
HOSPITAL CARE GROUP PC,1,FY2024_Q4
"HARVARD MEDICAL FACULTY PHYSICIANS AT BIDMC, INC.",1,FY2024_Q4
PRIMA CARE P.C.,1,FY2024_Q4
COGSWELL GARDEN HOME LLC,1,FY2024_Q4
THAI RICE RESTAURANT,1,FY2024_Q4
"EVENTS MANAGEMENT, INC.",1,FY2024_Q4
"EVEREST CURRY KITCHEN, LLC",1,FY2024_Q4
GRILL HOUSE LLC,1,FY2024_Q4
GLOBALDINNING INC OF CALIFORNIA,1,FY2024_Q4
COLORFOOD MANAGEMENT CORP INC,1,FY2024_Q4
PTL FABRICATORS,1,FY2024_Q4
GRINKEVICH LAWN AND LANDSCAPE LNC.,1,FY2024_Q4
JWSH INC,1,FY2024_Q4
"HOUSE OF KIDS DAY CARE CENTER, INC.",1,FY2024_Q4
DANA SAPIR,1,FY2024_Q4
BENJAMIN OSCAR CHARLES TOWNSON,1,FY2024_Q4
JUAN D. ORTIZ,1,FY2024_Q4
JOSS DIBBLE,1,FY2024_Q4
PRADA USA CORP.,1,FY2024_Q4
DOLA TRADING INC,1,FY2024_Q4
KASH 2 INC,1,FY2024_Q4
VIHAN BUSINESS INC DBA LSTOP FOOD MART,1,FY2024_Q4
JOY DOLLAR PLUS INC,1,FY2024_Q4
JONESTOWN INVESTMENT INC DBA JONESTOWN TEXACO,1,FY2024_Q4
OLD MISSION CAPITAL,1,FY2024_Q4
EQUINOR US OPERATIONS LLC,1,FY2024_Q4
"KAPLAN INDUSTRIAL CAR WASH SUPPLIES, INC.",1,FY2024_Q4
JOURNEY MOBILE INCORPORATED,1,FY2024_Q4
JSPEED LLC,1,FY2024_Q4
FNMMLLC,1,FY2024_Q4
POMPERMAYER DELIVERY LLC,1,FY2024_Q4
ERW CMF PLLC,1,FY2024_Q4
GALVAO PAVERS LLC,1,FY2024_Q4
ETA TRANS INC.,1,FY2024_Q4
JOODRIM LLC,1,FY2024_Q4
HL AUTO SERVICE,1,FY2024_Q4
GERSHOW RECYCLING,1,FY2024_Q4
"HIGH PROFILE NETWORK, INC",1,FY2024_Q4
"KETER US, INC.",1,FY2024_Q4
DYNAMIC MD LLC,1,FY2024_Q4
COMEX CONSTRUCTION COMPANY,1,FY2024_Q4
IBGCHICAGO,1,FY2024_Q4
MN SHADYSIDE INC,1,FY2024_Q4
MRB HOLDINGS CORPORATION,1,FY2024_Q4
DYNAMED CLINICAL RESEARCH,1,FY2024_Q4
MODARAMO MEDIA INC,1,FY2024_Q4
HFILLCACTIVE,1,FY2024_Q4
"ALEON PHARMA INTERNATIONAL, INC.",1,FY2024_Q4
HWASEUNG AUTOMOTIVE ALABAMA LLC,1,FY2024_Q4
IRIS TATTOO LLC,1,FY2024_Q4
"MS EXPRESS, LLC",1,FY2024_Q4
HOWMET AEROSPACE INC.,1,FY2024_Q4
HIKVISION USA INC.,1,FY2024_Q4
HURON CONSULTING SERVICES LLC,1,FY2024_Q4
IBA SOLUTION,1,FY2024_Q4
HOSPORA INC,1,FY2024_Q4
"MIXI AMERICA, INC.",1,FY2024_Q4
HUNT USA LLC,1,FY2024_Q4
"ANI CPA, INC.",1,FY2024_Q4
MULTISTATE TAX  ACCOUNTING INC,1,FY2024_Q4
HOSON LOGISTICS AMERICA INC,1,FY2024_Q4
EZGO TRANSPORTATION INC.,1,FY2024_Q4
HOPKINS HOLDING LLC,1,FY2024_Q4
CLEARLAKE CHARTERING USA INC.,1,FY2024_Q4
"ANGELS SMILE HOSPICE, INC.",1,FY2024_Q4
KEURIG GREEN MOUNTAIN INC,1,FY2024_Q4
IPHONE AND IPAD WAREHOUSE LLC,1,FY2024_Q4
MTA PETROLEUM  FOOD MART LLC,1,FY2024_Q4
MIXHALO CORP,1,FY2024_Q4
HEX TECHNOLOGIES INC.,1,FY2024_Q4
KAVAYAH SOLUTIONS INC.,1,FY2024_Q4
KERN COUNTY SUPERINTENDENT OF SCHOOLS,1,FY2024_Q4
HIREVUE,1,FY2024_Q4
"ALERTENTERPRISE, INC",1,FY2024_Q4
"MJ HOLDING COMPANY, LLC",1,FY2024_Q4
HYDY INC,1,FY2024_Q4
HEXAGON MINING,1,FY2024_Q4
MIZUHO ORTHOPEDIC SYSTEMS INC.,1,FY2024_Q4
ROADIE,1,FY2024_Q4
"MULTISERVICE TECHNOLOGY SOLUTIONS, INC.",1,FY2024_Q4
"RAKUTEN USA, INC.",1,FY2024_Q4
RAGNAR RESEARCH PARTNERS LLC,1,FY2024_Q4
RANGE DIGITAL MARKETING LLC,1,FY2024_Q4
HUNT MH SHARED SERVICES LLC,1,FY2024_Q4
"EARTH MECHANICS, INC.",1,FY2024_Q4
HEXEL TECH ENGINEERING CORP.,1,FY2024_Q4
"HYBRID DESIGN SERVICES, INC.",1,FY2024_Q4
"EARNEST AGRICULTURE, INC.",1,FY2024_Q4
IPG PHOTONICS CORPORATION,1,FY2024_Q4
"E.R. SQUIBB  SONS, LLC",1,FY2024_Q4
"MSDSONLINE INC., DBA VELOCITY EHS",1,FY2024_Q4
HINES INTERESTS LIMITED PARTNERSHIP,1,FY2024_Q4
HIRSCHVOGEL INCORPORATED,1,FY2024_Q4
"HVAC MANUFACTURING, INC",1,FY2024_Q4
EBBCO INC.,1,FY2024_Q4
"MUNGER BROS., LLC",1,FY2024_Q4
ISC INDUSTRIES INC,1,FY2024_Q4
ANDREW PARK P.C.,1,FY2024_Q4
ANGELO STATE UNIVERSITY,1,FY2024_Q4
"HIREZ STUDIOS, INC.",1,FY2024_Q4
AKSHAYA SAI LLC DBA RAMESHRX PHARMACY,1,FY2024_Q4
EAST WEST DAI CUISINE,1,FY2024_Q4
REBORN 104 CORPORATION,1,FY2024_Q4
IDAHO FARMERS MARKET LLC,1,FY2024_Q4
ROC ENTERTAINMENT GROUP LLC,1,FY2024_Q4
EAST RESTAURANT LLC,1,FY2024_Q4
HOUSEHOLD 42,1,FY2024_Q4
ANDREA MURINO,1,FY2024_Q4
FM LLC DBA WIRELESS WORLD,1,FY2024_Q4
HUDA FOOD MART LLC,1,FY2024_Q4
MR FRIENDLY MART INC,1,FY2024_Q4
DV GROUP LLC,1,FY2024_Q4
EBERHARD AUTOMATION LLC,1,FY2024_Q4
EASY TRIP NO 3 INC,1,FY2024_Q4
EASY TRIP NO 2,1,FY2024_Q4
IG ACCOUNTING SERVICES PA,1,FY2024_Q4
EAST GREEN MARKETING  MANAGEMENT CORP,1,FY2024_Q4
EAST WELLNESS INC,1,FY2024_Q4
EBENEZER HEALTHCARE SERVICES INC,1,FY2024_Q4
HOST COLLECTIVE INC,1,FY2024_Q4
"IBE INSURANCE MARKETING, INC.",1,FY2024_Q4
COLUSA INTERNATIONAL LLC,1,FY2024_Q4
I  M CORPORATION DBA BEST AIR SOLUTIONS,1,FY2024_Q4
"MSD EXPRESS, INC.",1,FY2024_Q4
ANGIES TRANSPORTATION LLC,1,FY2024_Q4
"EAGLE EYE EXPRESS, INC.",1,FY2024_Q4
MACIAS ADVERTISING LLC,1,FY2024_Q4
M BOOTH  ASSOCIATES LLC,1,FY2024_Q4
"GENESIS GLOBAL TRADING, INC",1,FY2024_Q4
ROCHESTER GAS  ELECTRIC,1,FY2024_Q4
"J.R. FILANC CONSTRUCTION COMPANY, INC.",1,FY2024_Q4
"M. BRAUN, INC.",1,FY2024_Q4
ENERGY BBDO,1,FY2024_Q4
OK AMERICAN,1,FY2024_Q4
HOLLYWOOD GOLF CLUB,1,FY2024_Q4
"IMPELLAM NA SUPPORT SERVICES, INC.",1,FY2024_Q4
NAECO,1,FY2024_Q4
"MOTIV POWER SYSTEMS, INC.",1,FY2024_Q4
SOLOMON HESS LLC,1,FY2024_Q4
HM.CLAUSE INC.,1,FY2024_Q4
"HM ELECTRONICS, INC.",1,FY2024_Q4
NALARA QUALITY SYSTEM,1,FY2024_Q4
"SECURITY ESCROW  TITLE, LLC.",1,FY2024_Q4
"MOTORINO, LLC",1,FY2024_Q4
NYC LUXURY INC,1,FY2024_Q4
"IDA C. OVIES, C.P.A., P.A.",1,FY2024_Q4
"HK  COMPANY, AN ACCOUNTANCY CORPORATION",1,FY2024_Q4
ILKEM MARBLE AND GRANITE,1,FY2024_Q4
IVTECH CORP,1,FY2024_Q4
"ILLUMINE INVESTMENT MANAGEMENT, LLC",1,FY2024_Q4
"IEX GROUP, INC.",1,FY2024_Q4
"ENERGIZER BRANDS, LLC",1,FY2024_Q4
"NCINO OPCO, INC.",1,FY2024_Q4
MYTICAS CONSULTING ULC,1,FY2024_Q4
PROVIDENZ LLC,1,FY2024_Q4
"RIALTO MANAGEMENT GROUP, LLC",1,FY2024_Q4
"POLEN CAPITAL MANAGEMENT, LLC",1,FY2024_Q4
MYSTEN LABS INC.,1,FY2024_Q4
REGIONAL MANAGEMENT CORP,1,FY2024_Q4
ENDERA SYSTEMS LLC,1,FY2024_Q4
"HOLLER TECHNOLOGIES, INC.",1,FY2024_Q4
IMPLESYS CORPORATION,1,FY2024_Q4
END POINT CORPORATION,1,FY2024_Q4
NB CONSULTANTS,1,FY2024_Q4
OKCOIN USA INC.,1,FY2024_Q4
"JM VALVE, INC.",1,FY2024_Q4
RAJANT CORPORATION,1,FY2024_Q4
"ICON CLINICAL RESEARCH, LLC",1,FY2024_Q4
"MODERNA US, INC.",1,FY2024_Q4
"NATRION, INC.",1,FY2024_Q4
NATURES FYND LLC,1,FY2024_Q4
M2E,1,FY2024_Q4
"JANSSEN  SPAANS ENGINEERING, INC.",1,FY2024_Q4
HOJ INNOVATIONS LLC,1,FY2024_Q4
"PANGEO, INC.",1,FY2024_Q4
MARPOSS CORPORATION,1,FY2024_Q4
MYCOWORKS,1,FY2024_Q4
"GROB SYSTEMS, INC.",1,FY2024_Q4
"NASOYA FOODS USA, LLC",1,FY2024_Q4
NAJAFI PHARMA INC. DBA EMERY PHARMA,1,FY2024_Q4
IMMANUEL KOREAN SOUTHERN BAPTIST CHURCH,1,FY2024_Q4
OAKWOOD UNIVERSITY,1,FY2024_Q4
HOKE COUNTY SCHOOLS,1,FY2024_Q4
MOUNT PROSPECT ACADEMY,1,FY2024_Q4
"ODYSSEY PRESCHOOL, INC.",1,FY2024_Q4
"GILLI, INC.",1,FY2024_Q4
NATIVO LLC,1,FY2024_Q4
"OCULAR THERAPEUTIX, INC",1,FY2024_Q4
"MUNGMEE, LLC",1,FY2024_Q4
J.M RESTAURANT  PIZZERIA LLC,1,FY2024_Q4
ANTIQUE GARAGE INC,1,FY2024_Q4
"NATRAJ INTERNATIONAL, INC.",1,FY2024_Q4
MOHAMMAD RAHAMAN,1,FY2024_Q4
JAY AMBE INC,1,FY2024_Q4
JASMINE AND THE NEW TASTE,1,FY2024_Q4
IMMM TONG INC DBA IMMM RICE  BEYOND,1,FY2024_Q4
IMM OON THAI LLC,1,FY2024_Q4
JH FAMILY INC.,1,FY2024_Q4
JAHA TINOS DELI LLC,1,FY2024_Q4
NASKOS RESIDENCE LLC,1,FY2024_Q4
RITA AVEDISSIAN,1,FY2024_Q4
QUENTIN BUCKHOLZ,1,FY2024_Q4
JAKE WENDELL JOHNSON,1,FY2024_Q4
IVANA NAEYMIRAD,1,FY2024_Q4
ILYA LAUFER HOUSHOLD,1,FY2024_Q4
JAEWON KANG,1,FY2024_Q4
NADINE RAMOS,1,FY2024_Q4
JACK AUDY INC,1,FY2024_Q4
PALACIO ENTERPRISES LLC,1,FY2024_Q4
RAM MANAGEMENT INC.,1,FY2024_Q4
MAC PIZZERIA LLC,1,FY2024_Q4
ILDO CONSTRUCTION,1,FY2024_Q4
LYSANDRA LLC,1,FY2024_Q4
IDRA NORTH AMERICA INC.,1,FY2024_Q4
ICHI TRADING CORPORATION,1,FY2024_Q4
NY IMPORTS INC,1,FY2024_Q4
IN  OUT FREIGHT SERVICES,1,FY2024_Q4
"NATIONWIDE GENERAL CONTRACTING OF MARYLAND, LLC",1,FY2024_Q4
MYLE TECHNOLOGIES INC,1,FY2024_Q4
M  T TRADING INC.,1,FY2024_Q4
"JUNE PARK  I, INC. DBA Q N Q CLEANERS",1,FY2024_Q4
MY GRANITE COMPANY LLC,1,FY2024_Q4
MONDI TEKKOTE LLC,1,FY2024_Q4
RALEIGH ST METAL RECYCLING INC,1,FY2024_Q4
RIVER ST AUTO SALES CORP. DBA J AND G AUTO SALES,1,FY2024_Q4
"LG INNOTEK USA, INC.",1,FY2024_Q4
"NETRIX, LLC",1,FY2024_Q4
MONUMENT CONSTRUCTION,1,FY2024_Q4
"OASIS LABS, INC.",1,FY2024_Q4
"LEMONADE, INC.",1,FY2024_Q4
NEOPART TRANSIT LLC,1,FY2024_Q4
JASON DO INSURANCE AND FINANCIAL SERVICES INC,1,FY2024_Q4
"NEW ERA INTERNATIONAL, INC.",1,FY2024_Q4
MONKEYPLAY INVESTMENT INC,1,FY2024_Q4
SAFE HARBOR LLP,1,FY2024_Q4
LONG POND CAPITAL,1,FY2024_Q4
LATOUR TRADING LLC,1,FY2024_Q4
"ORIENTAL TRADING COMPANY, INC.",1,FY2024_Q4
KAY LINK CORP,1,FY2024_Q4
"QUALITAU, INC",1,FY2024_Q4
LOGICLOOP INC.,1,FY2024_Q4
OCELOT CONSULTING LLC,1,FY2024_Q4
RICH PRODUCTS CORPORATION,1,FY2024_Q4
"LAHEY CLINIC, INC.",1,FY2024_Q4
MADDISOFT LLC,1,FY2024_Q4
"NEC ADVANCED NETWORKS, INC.",1,FY2024_Q4
OCBANG INC,1,FY2024_Q4
"L.L.BEAN, INC.",1,FY2024_Q4
NEUROID INC,1,FY2024_Q4
"EHLI INDUSTRIAL, LLC",1,FY2024_Q4
"MFXCHANGE US, INC.",1,FY2024_Q4
SABII LLC,1,FY2024_Q4
"RAD AI, INC.",1,FY2024_Q4
HONGFA AMERICA INC.,1,FY2024_Q4
"ODAARCHITECTURE, PC",1,FY2024_Q4
"LOUDERMILK HOMES, LLC",1,FY2024_Q4
CHEMTEX GLOBAL CORPORATION,1,FY2024_Q4
RAMSEY COUNTY,1,FY2024_Q4
KIEWIT POWER CONSTRUCTORS CO.,1,FY2024_Q4
"LJA ENGINEERING, INC.",1,FY2024_Q4
"LOTTE CHEMICAL CA, INC.",1,FY2024_Q4
"EMBRACO NORTH AMERICA, INC",1,FY2024_Q4
"NYPIT, INC",1,FY2024_Q4
MON AMI APPAREL INC,1,FY2024_Q4
"EESOME, INC.",1,FY2024_Q4
LOS ANGELES APPAREL INC,1,FY2024_Q4
MONACO LLC,1,FY2024_Q4
OCEAN PHYSICAL THERAPY INC.,1,FY2024_Q4
MUJTABA NP WALK IN CLININC PC,1,FY2024_Q4
HONG KONG CHEF INC. DBA HONG KONG CHEF,1,FY2024_Q4
"NIKANOS, INC.",1,FY2024_Q4
MOMIJI MCMINNVILLE LLC,1,FY2024_Q4
HONEY BEE CAFE INC.,1,FY2024_Q4
HEEMANG CO,1,FY2024_Q4
OH MAI HOLLADAY INC,1,FY2024_Q4
MADAME PHO LLC,1,FY2024_Q4
OCEANSIDE CONSTRUCTION AND PAVERS INC,1,FY2024_Q4
"RAM LANDSCAPE  IRRIGATION, LLC",1,FY2024_Q4
HANNA THORNTON,1,FY2024_Q4
CYRUS ROEPERSCHAMLOU,1,FY2024_Q4
OASIS PALMS ESTATES LLC,1,FY2024_Q4
"R. P. MARZILLI  CO., INC.",1,FY2024_Q4
EF GRANITE CORP,1,FY2024_Q4
MONOCLE YACHTS WORLDWIDE,1,FY2024_Q4
EL GRAN COFFEE SHOP CORP,1,FY2024_Q4
"MIAMI AGORA, LLC DBA RIVIERA POINT DEVELOPMENT GRO",1,FY2024_Q4
"MOUNTZ, INC.",1,FY2024_Q4
INTEGRATED GLOBAL SERVICES INC,1,FY2024_Q4
"KLOVER HOLDINGS, INC.",1,FY2024_Q4
"LAMB WESTON, INC.",1,FY2024_Q4
ASLAN MARKETING LLC,1,FY2024_Q4
KINGS COUNTY SERVICES INC,1,FY2024_Q4
KM ENGINEERING AND DESIGN CORP,1,FY2024_Q4
INTELLY HOUSE INC,1,FY2024_Q4
"SIAM THAI CUISINE, L.L.C",1,FY2024_Q4
NICHOLSON CONSTRUCTION COMPANY,1,FY2024_Q4
"IBANEZ AGM COUNTERTOPS, LLC",1,FY2024_Q4
"ZANDERGREG, INC.",1,FY2024_Q4
"SUNCREST HEALTH SERVICES, LLC",1,FY2024_Q4
GESTAMP WASHTENAW LLC,1,FY2024_Q4
SHRI HARI RX CORP. DBA REDWOOD APOTHECARY,1,FY2024_Q4
SGH FRANCHISE LLC DBA JANPRO OF SOUTHEAST FLORI,1,FY2024_Q4
KIRNLAND FOOD DISTRIBUTION INC.,1,FY2024_Q4
"INTERMARK FOODS, INC.",1,FY2024_Q4
"KRBER TECHNOLOGIES, INC.",1,FY2024_Q4
"NEWLINK COMMUNICATIONS GROUP, LLC",1,FY2024_Q4
SUNNY OPOTECH NORTH AMERICA INC.,1,FY2024_Q4
"KORAKU GROUP, INC.",1,FY2024_Q4
KINGTEC GROUP COMPANY LIMITED,1,FY2024_Q4
INCHINS BAMBOO GARDEN FRANCHISING LLC,1,FY2024_Q4
KEYSTONE TILE INC.,1,FY2024_Q4
LADC CONSTRUCTION INC.,1,FY2024_Q4
"ONPROCESS TECHNOLOGY, INC.",1,FY2024_Q4
"INSTALLATION SERVICES BY HDR, LLC",1,FY2024_Q4
INSTIC HEALTH LLC,1,FY2024_Q4
"LOKKY HOLDING, INC.",1,FY2024_Q4
"KIM YEUNG LING, P.C.",1,FY2024_Q4
VANTAGE BANK TEXAS,1,FY2024_Q4
SOVEREIGN RESIDENTIAL LLC,1,FY2024_Q4
LADDER CAPITAL CORP,1,FY2024_Q4
MACROHEALTH USA LTD.,1,FY2024_Q4
"SUPERNOVA LENDING, LLC",1,FY2024_Q4
"INFOMERICA, INC",1,FY2024_Q4
KYM ADVISORS,1,FY2024_Q4
NFOLKS LLC,1,FY2024_Q4
KIRKLANDS INC,1,FY2024_Q4
SHU GROUP INC,1,FY2024_Q4
NEWAY TECHNOLOGIES INC.,1,FY2024_Q4
"KINECT ENERGY, INC",1,FY2024_Q4
SWAP MOTORS LLC,1,FY2024_Q4
RELEVANCE LAB INC.,1,FY2024_Q4
OPUS CONSULTING SOLUTIONS INC,1,FY2024_Q4
INADEV CORPORATION,1,FY2024_Q4
INFOLOB SOLUTIONS INC,1,FY2024_Q4
"NEXTROLL, INC.",1,FY2024_Q4
SPHEREX INC,1,FY2024_Q4
SIBROS TECHNOLOGIES INC.,1,FY2024_Q4
"INFOVERITY, U.S. INC.",1,FY2024_Q4
SPECIALIZED BICYCLE COMPONENTS,1,FY2024_Q4
INTEGRATION DEVELOPER NETWORK LLC,1,FY2024_Q4
INSTITUTE FOR COMMUNITY LIVING INC.,1,FY2024_Q4
"SIRTECH, LLC",1,FY2024_Q4
"KISWIRE, INC.",1,FY2024_Q4
"KIAVI, INC.",1,FY2024_Q4
"INTELLIGRATED HEADQUARTERS, LLC",1,FY2024_Q4
TKCHAIN LLC,1,FY2024_Q4
SPACKMAN MOSSOP MICHAELS LLC,1,FY2024_Q4
"NEYER, TISEO  HINDO, LTD, DBA NTH CONSULTANT, LTD",1,FY2024_Q4
KWS STRUCTURAL INC.,1,FY2024_Q4
"L.S. ENGINEERING, INC.",1,FY2024_Q4
"KOYSMAN ENGINEERING, PLLC",1,FY2024_Q4
RECOGNI INC.,1,FY2024_Q4
NEXT BIOMETRICS,1,FY2024_Q4
SOUTHWIRE COMPANY LLC,1,FY2024_Q4
"QUINTEC INTEGRATION, INC.",1,FY2024_Q4
QPHARMA,1,FY2024_Q4
SKANSKA USA BUILDING INC.,1,FY2024_Q4
"ME ENGINEERS, INC",1,FY2024_Q4
"KOREAN COMMUNITY SERVICES METROPOLITAN NY, INC.",1,FY2024_Q4
"KYMERA THERAPEUTICS, INC.",1,FY2024_Q4
KOREAN MADISONVILLE UNITED METHODIST CHURCH,1,FY2024_Q4
NEW LIFE NEW VISION CHURCH,1,FY2024_Q4
LA CANADA KOREAN CHURCH,1,FY2024_Q4
KOREAN UNITED METHODIST CHURCH INC.,1,FY2024_Q4
JUPENG BIO INC,1,FY2024_Q4
SOUTHWESTERN OKLAHOMA STATE UNIVERSITY,1,FY2024_Q4
OMNI INTERNATIONAL SCHOOL,1,FY2024_Q4
"MOUNT CARMEL SCHOOL, INC.",1,FY2024_Q4
KIMERA INTERNATIONAL INC,1,FY2024_Q4
SONBURST COMMUNICATION,1,FY2024_Q4
LA OPEN DOOR PRESBYTERIAN CHURCH,1,FY2024_Q4
"RCCG, PAVILION OF REDEMPTION",1,FY2024_Q4
"KOREA TIMES OF MIDWEST, INC.",1,FY2024_Q4
"KHALSA CHIROPRACTIC OFFICE, P.C.",1,FY2024_Q4
"REHAB SPECIALISTS CALIFORNIA, LLC",1,FY2024_Q4
INDI VASUDEVA SERVICES INC,1,FY2024_Q4
EMERSON CLINICAL RESEARCH INSTITUTE,1,FY2024_Q4
PINOY GRILL AUTHENTIC FILIPINO STREET FOODS LLC,1,FY2024_Q4
LAN CITY HAND PULLED NOODLE LLC,1,FY2024_Q4
KIMS KITCHEN CONCEPTS LLC,1,FY2024_Q4
"MR. SHESHA, INC",1,FY2024_Q4
"KUNKLOY, LLC DBA PATTAYA THAI",1,FY2024_Q4
INKA FOODS IV LLC,1,FY2024_Q4
LACHA SOMTUM RESTAURANT,1,FY2024_Q4
KRAZY KITCHEN 1 LLC,1,FY2024_Q4
KHAO KANG THAI KITCHEN,1,FY2024_Q4
"SONG SUSHI, LLC TA KATANA SUSHI",1,FY2024_Q4
KOKO LUNCH BOX UT LLC,1,FY2024_Q4
"SPICE VILLAGE, INC",1,FY2024_Q4
GRUPO VIONET LLC,1,FY2024_Q4
SIGNATURE LANDSCAPE LLC,1,FY2024_Q4
SPARKLING HOMES INC,1,FY2024_Q4
NAIL SECRETS,1,FY2024_Q4
REHMAT BAI LLC,1,FY2024_Q4
"L.A. CENTURY TEXTILES, INC.",1,FY2024_Q4
"ZIMMER GROUP US, INC.",1,FY2024_Q4
NICE  SMOOTH LANDSCAPE CORP,1,FY2024_Q4
LA CANDELARIA MEXICAN STORE INC.,1,FY2024_Q4
THE CLEVER STYLE LLC,1,FY2024_Q4
KNB SHOP LLC,1,FY2024_Q4
REGI US INC.,1,FY2024_Q4
L.MODERN NAILSLOUNGESPA LLC,1,FY2024_Q4
NEW YORK CITY MOVES TEAM LLC,1,FY2024_Q4
SOTTOITRULLI INC,1,FY2024_Q4
REECE FARMS,1,FY2024_Q4
"MEDELLIN CONCRETE CHIPPING SERVICE, INC",1,FY2024_Q4
KIRI CONSTRUCTION CORP,1,FY2024_Q4
KORMARINE ENGINE SERVICE LLC.,1,FY2024_Q4
KH CINNAMON DONUTS,1,FY2024_Q4
"SIGNATURE FABRICS, LLC",1,FY2024_Q4
"SPIRAL FINANCIAL, INC",1,FY2024_Q4
"OS RESTAURANT SERVICES, LLC",1,FY2024_Q4
"SHORT SALES  FORECLOSURES, CORP",1,FY2024_Q4
MAYA 4818 LLC,1,FY2024_Q4
"LEGERITY, LLC",1,FY2024_Q4
LAZZONI USA INC,1,FY2024_Q4
NIPPON EXPRESS USA,1,FY2024_Q4
MAHI GRANITES PRIVATE LIMITED,1,FY2024_Q4
"SKENDER GROUP, LLC",1,FY2024_Q4
"SKIDATA, INC",1,FY2024_Q4
THE MOBILITY HOUSE,1,FY2024_Q4
"SYSTRA CONSULTING, INC.",1,FY2024_Q4
MALIK HOSPITALITY LLC,1,FY2024_Q4
RENDU USA INC.,1,FY2024_Q4
SIGNIFY TECHNOLOGY GROUP INC.,1,FY2024_Q4
NORTH COUNTY TRANSIT DISTRICT,1,FY2024_Q4
NORDES US,1,FY2024_Q4
AMERICAN TEXTILE  APPAREL INC,1,FY2024_Q4
MAKHANI ENTERPRISES INC.,1,FY2024_Q4
"LAI THAI RESTAURANT, INC",1,FY2024_Q4
SILK ROAD MEDICAL,1,FY2024_Q4
"ECHONOUS, INC.",1,FY2024_Q4
HONT GLOBAL SERVICES,1,FY2024_Q4
LAST WORD CONSULTING INC,1,FY2024_Q4
MAHLE AFTERMARKET INC,1,FY2024_Q4
HALLMARK HEALTHCARE SOLUTIONS INC.,1,FY2024_Q4
"NODAL EXCHANGE, LLC",1,FY2024_Q4
"MANUPORT LOGISTICS USA, LLC.",1,FY2024_Q4
MORTGAGE ONE SOLUTIONS INC,1,FY2024_Q4
EYESTHETICA,1,FY2024_Q4
KCW CPA  ASSOCIATES,1,FY2024_Q4
RELIANT FUND SERVICES LLC,1,FY2024_Q4
NORTHPOINT HOTEL GROUP LLC,1,FY2024_Q4
LANDA PROFESSIONAL SERVICES INC,1,FY2024_Q4
LAKEWOOD FAMILY DENTAL OF ANDERSON PC,1,FY2024_Q4
EMPIRIX INC,1,FY2024_Q4
"LOVE  JOY IN THE USVI, INC.",1,FY2024_Q4
"JOBNIMBUS, LLC",1,FY2024_Q4
"LUCID HOLDINGS, INC.",1,FY2024_Q4
RELTIO,1,FY2024_Q4
LCA VISION INC.,1,FY2024_Q4
NIO USA INC.,1,FY2024_Q4
SPIGOT INC,1,FY2024_Q4
LIQUIDITY SERVICES INC,1,FY2024_Q4
NORTHRIDGE INSIGHT INC.,1,FY2024_Q4
"MANAGED MARKETS INSIGHT  TECHNOLOGY, LLC",1,FY2024_Q4
"STRUCTURAL TECHNOLOGIES, LLC",1,FY2024_Q4
"STUDIO100A, LLC DBA TEASS  WARREN ARCHITECTS",1,FY2024_Q4
"LITHKO CONTRACTING, LLC",1,FY2024_Q4
"VAA, LLC",1,FY2024_Q4
LAUDERDALE TANKERS CORP.,1,FY2024_Q4
LEAVITT  ASSOCIATES ENGINEERS,1,FY2024_Q4
MAJOR CONTRACTING GROUP INC.,1,FY2024_Q4
"RANDALL LAMB ASSOCIATES, INC.",1,FY2024_Q4
"LIGHTGUIDE, INC.",1,FY2024_Q4
"NAVISTAR, INC.",1,FY2024_Q4
"SIO2 MEDICAL PRODUCTS, INC.",1,FY2024_Q4
"MAHLE BEHR USA, INC.",1,FY2024_Q4
"SICK PRODUCT  COMPETENCE CENTER, LLC",1,FY2024_Q4
LASALLE HIGH SCHOOL OF PASADENA INC,1,FY2024_Q4
LAW OFFICE OF SCOTT FORSCHEIN,1,FY2024_Q4
LEWIS BRISBOIS BISGAARD  SMITH LLP,1,FY2024_Q4
"NOLAN, BARTON  OLMOS LLP",1,FY2024_Q4
NORFOLK STATE UNIVERSITY,1,FY2024_Q4
RIVERBANK UNIFIED SCHOOL DISTRICT,1,FY2024_Q4
LE LYCE FRANAIS DE LOS ANGELES,1,FY2024_Q4
"NOBLE ACADEMYCOLUMBUS, INC.",1,FY2024_Q4
JEMEZ VALLEY PUBLIC SCHOOLS,1,FY2024_Q4
LISA ACADEMY,1,FY2024_Q4
MAITY DANCE LLC,1,FY2024_Q4
LOVING TREE ACADEMY ARDENWOOD LLC,1,FY2024_Q4
GITHUB INC,1,FY2024_Q4
LP CUSTOM SOLUTIONS,1,FY2024_Q4
MORTON RANCH SMILES DENTISTRY PC,1,FY2024_Q4
"LAS VEGAS OPERATIONS, LLC",1,FY2024_Q4
GRATEFUL HEART HOME CARE,1,FY2024_Q4
PURE HARMONY LLC,1,FY2024_Q4
SISTER LIUS KITCHEN INC.,1,FY2024_Q4
INDIAN KITCHEN LLC,1,FY2024_Q4
LINDA DEAKTOR HOUSEHOLD,1,FY2024_Q4
NORTH SHORE TACOS INC,1,FY2024_Q4
SIGNATURE INDIA LLC,1,FY2024_Q4
AMPHAI NORTHERN THAI FOOD,1,FY2024_Q4
"JKS RESTAURANT GROUP, LLC",1,FY2024_Q4
"LEXES, LLC",1,FY2024_Q4
ONE VACATION HOME INC,1,FY2024_Q4
MAIAS PARTNERS CORP,1,FY2024_Q4
YOLANDA EISENSTEIN,1,FY2024_Q4
SHOPPER STOP,1,FY2024_Q4
LARCH CAPITAL PARTNERS,1,FY2024_Q4
UP CONSTRUCTION AND RESTORATION INC,1,FY2024_Q4
"NORTH COAST TECHNICAL SALES, INC",1,FY2024_Q4
"SAINT GEORGE INSURANCE BROKERAGE, INC",1,FY2024_Q4
LEIBL  KIRKWOOD PC,1,FY2024_Q4
"MALNORY, MCNEAL  COMPANY, PC.",1,FY2024_Q4
SAGRADO LLC,1,FY2024_Q4
LCORE WG LLC,1,FY2024_Q4
LAW OFFICES OF ALINA BAGASIAN PC,1,FY2024_Q4
JKA CONSTRUCTION INC,1,FY2024_Q4
NISIUSA INC,1,FY2024_Q4
SETON PACIFIC COMPANY,1,FY2024_Q4
JLT SERVICES,1,FY2024_Q4
NOBLE AND SHINING INC,1,FY2024_Q4
"LE BON ENTERPRISES, LLC",1,FY2024_Q4
"WATERFIELD STAFFING MANAGEMENT, LLC",1,FY2024_Q4
RADIOLOGY PARTNERS,1,FY2024_Q4
"QUEEN GROCERY TRADER, INC",1,FY2024_Q4
LEAF OF VAPE LLC,1,FY2024_Q4
RENSON INC.,1,FY2024_Q4
LEVURE LLC,1,FY2024_Q4
"MARYAM  SON ENTERPRISE, INC.",1,FY2024_Q4
"RBG HOLDING LLC, D.B.A. RITZ BANC GROUP",1,FY2024_Q4
"MEADOWVALE, INC",1,FY2024_Q4
"MEDICAL TECHNOLOGY INDUSTRIES, INC. DBA MTI, INC",1,FY2024_Q4
LEXT INC,1,FY2024_Q4
DISTRIBUIDORA GUATICOBRE LLC,1,FY2024_Q4
MARKEMIMAJE,1,FY2024_Q4
TERAWE CORPORATION,1,FY2024_Q4
"WANG  ASSOCIATES, P.C.",1,FY2024_Q4
"MANE USA, INC.",1,FY2024_Q4
"SUTONG TIRE RESOURCES, INC.",1,FY2024_Q4
"MENTION SOLUTIONS USA, INC.",1,FY2024_Q4
NORTHWOOD HEALTHCARE GROUP,1,FY2024_Q4
"MANAGEMENT HOSPITALITY, LLC",1,FY2024_Q4
"FAMILY FOOD DISTRIBUTORS, INC",1,FY2024_Q4
"OPTIVEST PROPERTIES, LLC",1,FY2024_Q4
NUAVE INVESTMENTS INC,1,FY2024_Q4
"STRATEGIC GLOBAL ADVISORS, LLC",1,FY2024_Q4
MEDIQUANT LLC,1,FY2024_Q4
MEDZED LLC,1,FY2024_Q4
FTI CONSULTING INC.,1,FY2024_Q4
"INTERNATIONAL SOLUTIONS GROUP, INC",1,FY2024_Q4
"SCANBUY, INC.",1,FY2024_Q4
JD RESTORATION FL,1,FY2024_Q4
"MAVENSOFT TECHNOLOGIES, LLC.",1,FY2024_Q4
"M.E.K. REVIEW, INC.",1,FY2024_Q4
"WORK MARKET, INC.",1,FY2024_Q4
NQ ZEBRAWORKS LLC,1,FY2024_Q4
NPV STAFFING LLC,1,FY2024_Q4
"MB IT ASSOCIATES, LLC",1,FY2024_Q4
VIVSOFT TECHNOLOGIES LLC,1,FY2024_Q4
RAI SERVICES COMPANY,1,FY2024_Q4
MERCHLOGIX,1,FY2024_Q4
LS RETAIL,1,FY2024_Q4
RIVA HEALTH INC.,1,FY2024_Q4
NOW PAIN CLINIC PC,1,FY2024_Q4
MAXFLOW TECHNOLOGY INC.,1,FY2024_Q4
"MCCARTHY BUILDING COMPANIES, INC.",1,FY2024_Q4
MBR ELECTRIC,1,FY2024_Q4
R  O ENGINEERING,1,FY2024_Q4
MARTIN PAINTING AND COATING,1,FY2024_Q4
MCMURRAY FABRICS INC.,1,FY2024_Q4
"RASSINI INTERNATIONAL, INC.",1,FY2024_Q4
MASTERPIECE AUTO LLC,1,FY2024_Q4
MAZE THERAPEUTICS,1,FY2024_Q4
MERCURY DATA SCIENCE,1,FY2024_Q4
TERGUS PHARMA,1,FY2024_Q4
VTIC SERVICES,1,FY2024_Q4
RESEMBLANCE OF CHRIST KOREAN CHURCH,1,FY2024_Q4
"WENDEROTH, LIND  PONACK, LLP",1,FY2024_Q4
MCMURRY UNIVERSITY,1,FY2024_Q4
RADFORD UNIVERSITY,1,FY2024_Q4
RISE TO THE TOP PRESCHOOL,1,FY2024_Q4
"RIVERWALK EDUCATION FOUNDATION, INC.",1,FY2024_Q4
AS SEEN ON PC INC,1,FY2024_Q4
"WZ ARCHITECTURE, LP",1,FY2024_Q4
NORTH MIAMI BEACH ACADEMY LLC,1,FY2024_Q4
MARQUEZ FARMS LLC,1,FY2024_Q4
LIFECARE PHARMACY OF DENVER CITY INC,1,FY2024_Q4
"MASSACHUSETTS ACUTE CARE SPECIALISTS, PC",1,FY2024_Q4
MCFARLAND CLINIC PC,1,FY2024_Q4
MEMORIAL HOSPITAL ASSOCIATION,1,FY2024_Q4
RICK SHAY DMD DBA FAMILY DENTISTRY,1,FY2024_Q4
"NOUMEA CARE HOME, INC.",1,FY2024_Q4
PB PRINCETON LLC DBA FRESCA BOWL  POKE MAHI,1,FY2024_Q4
WES TAYTA CORPORATION,1,FY2024_Q4
RED PANDA RESTAURANT LLC,1,FY2024_Q4
SLEEPING BUDDHA THAI RESTAURANT LLC,1,FY2024_Q4
MASTRA ITALIAN BAKERY BISTRO,1,FY2024_Q4
JINGOZIAN INVESTMENT,1,FY2024_Q4
"JOINUS INC, DBA DENSETSU",1,FY2024_Q4
LE NAIL SPA INC,1,FY2024_Q4
RAFIK ROBEAL,1,FY2024_Q4
SVETLANA SPIVAK,1,FY2024_Q4
MELTON INC,1,FY2024_Q4
JLC OPTICAL,1,FY2024_Q4
HDX WILL,1,FY2024_Q4
RAHIB INC DBA RAHIB MOTORS,1,FY2024_Q4
"MARC BRAL, CPA ACCOUNTANCY CORP.",1,FY2024_Q4
MEESHEE INC,1,FY2024_Q4
MARROKO VALLEY LLC,1,FY2024_Q4
KEETYO ENTERPRISES INC,1,FY2024_Q4
"SM DESIGN TECH., INC.",1,FY2024_Q4
"RCS DEVELOPMENT GROUP, LLC",1,FY2024_Q4
RB BROTHERS INVESTMENTS LLC,1,FY2024_Q4
MEGATAX SERVICES INC,1,FY2024_Q4
MDC HOLDINGS CORP,1,FY2024_Q4
"JOE BEAUD III FARMS, LLC",1,FY2024_Q4
DIAMOND BLUE GROUP LLC,1,FY2024_Q4
NEWARK CORPORATION,1,FY2024_Q4
TELSTRA INCORPORATED,1,FY2024_Q4
INTERNATIONAL PROFESSIONAL REALTY INC,1,FY2024_Q4
"VIZ MEDIA, LLC",1,FY2024_Q4
"TEKLINK INTERNATIONAL, INC.",1,FY2024_Q4
"WASABI TECHNOLOGIES, LLC",1,FY2024_Q4
"SUPER73, INC.",1,FY2024_Q4
EFG CAPITAL INTERNATIONAL CORPORATION,1,FY2024_Q4
VISHAY SILICONIX LLC,1,FY2024_Q4
WEBER CARPET INC,1,FY2024_Q4
SUNON FURNITURE LLC,1,FY2024_Q4
TERUMO MEDICAL CORPORATION,1,FY2024_Q4
PRI ASPHALT TECHNOLOGIES INC,1,FY2024_Q4
THAI TABLES INC,1,FY2024_Q4
"JOHNSON  JOHNSON SURGICAL VISION, INC.",1,FY2024_Q4
"RIO ACAI, LLC",1,FY2024_Q4
WIRELESS LIQUIDATION SPECIALISTS LLC,1,FY2024_Q4
"JOHNSTONE MOYER, INC.",1,FY2024_Q4
"JOE TAYLOR RESTORATION, INC.",1,FY2024_Q4
"SWIFT TECHNICAL SERVICES, LLC",1,FY2024_Q4
REGENCY AMERICAN US LLC,1,FY2024_Q4
VOLLEMAN DAIRY PROCESSING LLC,1,FY2024_Q4
"VSBLTY, INC.",1,FY2024_Q4
"WYNN AUDIO USA, INC.",1,FY2024_Q4
TEXPA LLC,1,FY2024_Q4
WALNUT EDUCATION TIME INC,1,FY2024_Q4
VRGL INC,1,FY2024_Q4
"RBC CAPITAL MARKETS, LLC",1,FY2024_Q4
W.K. KELLOGG FOUNDATION,1,FY2024_Q4
"VIRTUOSO TECHNOLOGIES, INC.",1,FY2024_Q4
WARNER WIRELESS GEARS LLC,1,FY2024_Q4
"WILKES ARTIS, CHARTERED",1,FY2024_Q4
"TRINET USA, INC.",1,FY2024_Q4
SURANCEBAY LLC,1,FY2024_Q4
WEETOK,1,FY2024_Q4
PRAGITI INC.,1,FY2024_Q4
REDEEMSOFT LLC,1,FY2024_Q4
PRATT MILLER ENGINEERING,1,FY2024_Q4
"VITAL CONNECT, INC.",1,FY2024_Q4
RAMSONS INNOVATIONS,1,FY2024_Q4
"WELLMARK, INC",1,FY2024_Q4
SWIRL TECHNOLOGY GROUP LLC,1,FY2024_Q4
"INTRINSIQ SPECIALTY SOLUTIONS, INC.",1,FY2024_Q4
"TK ARCHITECTS, INC.",1,FY2024_Q4
TM PARTNERS PLLC,1,FY2024_Q4
WDG ARCHITECTURE DALLAS PLLC,1,FY2024_Q4
"WEBCOR CONSTRUCTION, LP DBA WEBCOR BUILDERS",1,FY2024_Q4
TELEFLEX MEDICAL INCORPORATED,1,FY2024_Q4
PREMIERE AUTOMATION,1,FY2024_Q4
VIVO CAPITAL LLC,1,FY2024_Q4
JONES DAY,1,FY2024_Q4
WESTERN CAROLINA UNIVERSITY,1,FY2024_Q4
TEMPLE UNIVERSITY,1,FY2024_Q4
POMONA COLLEGE,1,FY2024_Q4
RADIANT MONTESSORI SCHOOL LLC,1,FY2024_Q4
VOICERCISE INC.,1,FY2024_Q4
"JODIFL, INC.",1,FY2024_Q4
SUNHAN INC,1,FY2024_Q4
"POWERBUILD CONSTRUCTION COMPANY,LLC",1,FY2024_Q4
"WAYPOINT ENTERTAINMENT, INC.",1,FY2024_Q4
TOWNE PROPERTIES ASSET MANAGEMENT COMPANY INC.,1,FY2024_Q4
W.BLVD CORP.,1,FY2024_Q4
SUMMIT MEDICAL GROUP,1,FY2024_Q4
"UHS OF DOVER, LLC",1,FY2024_Q4
PRATT MEDICAL GROUP,1,FY2024_Q4
ANGEL WARRIORS MIK MACY CORP,1,FY2024_Q4
"THAI UDON CAFE, INC",1,FY2024_Q4
THAI GARDEN,1,FY2024_Q4
THAI PEARL LLC DBA THAI PEARL RESTAURANT,1,FY2024_Q4
THAI NOODLE N BBQ,1,FY2024_Q4
SWF HOLDINGS 18 LLC,1,FY2024_Q4
WILL FAUDREE EVENTING LLC,1,FY2024_Q4
RACHEL SNYDER,1,FY2024_Q4
HUDDIG INC,1,FY2024_Q4
STRAHL  PITSCH LLC,1,FY2024_Q4
SUPER BOATS  YACHTS LLC,1,FY2024_Q4
NOVASEP LLC,1,FY2024_Q4
VERMEG SYSTEMS INC.,1,FY2024_Q4
PREMIER FINANCIAL CONSULTING  TAX SERVICES INC,1,FY2024_Q4
"SWD PAINTING, INC",1,FY2024_Q4
RINCON ARGENTINO RESTAURANT INC.,1,FY2024_Q4
SJM BROTHERS LLC DBA MOBILE MART,1,FY2024_Q4
"SUNTECH PLUMBING AND MECHANICAL, CORP",1,FY2024_Q4
VJ TRANSPORTATION LLC,1,FY2024_Q4
WILLIAM MCNEES,1,FY2024_Q4
"TOMPETER FLOORING, INC.",1,FY2024_Q4
VISUAL INSTALLATIONS LLC,1,FY2024_Q4
RAYTEAM INC.,1,FY2024_Q4
SWAMPLAND CYPRESS LUMBER COMPANY LLC,1,FY2024_Q4
"FAST COMET DELIVERY, INC.",1,FY2024_Q4
"WISE UNIVERSAL, INC.",1,FY2024_Q4
PULERI LOGISTICS SOLUTIONS LLC,1,FY2024_Q4
"WESBUILT CONSTRUCTION MANAGERS, LLC",1,FY2024_Q4
THE HARVEST IMPORTING LLC,1,FY2024_Q4
PRONIC INC,1,FY2024_Q4
SRR HOLDINGS LLC,1,FY2024_Q4
MAYALAND LLC,1,FY2024_Q4
"SOUTHERN BOTANICAL, INC.",1,FY2024_Q4
"PREMIER INVESTMENTS USA, LLC",1,FY2024_Q4
"SUNDAE, INC.",1,FY2024_Q4
TOKYO GUMI CORPORATION,1,FY2024_Q4
MIDWEST PHYSICIAN ADMINISTRATIVE SERVICES LLC,1,FY2024_Q4
PRIME PROPERTY INC,1,FY2024_Q4
MIDCONTINENT HOSPITALITY,1,FY2024_Q4
WESTTOWN SCHOOL,1,FY2024_Q4
UNITED GRANITE WORKS INC,1,FY2024_Q4
"SUEX INVERSIONES US, LLC",1,FY2024_Q4
THE HERITAGE FOUNDATION,1,FY2024_Q4
THE ENVIRONMENTAL FINANCIAL CONSULTING GROUP LLC,1,FY2024_Q4
PSP INVESTMENTS USA LLC,1,FY2024_Q4
SOFINNOVA INVESTMENTS,1,FY2024_Q4
"ONE KEY SPACE, INC",1,FY2024_Q4
VIBRANT TECH LLC,1,FY2024_Q4
TIMMONS GROUP,1,FY2024_Q4
"WELL DOT, INC.",1,FY2024_Q4
"PRECISION VEHICLE LOGISTICS, LLC",1,FY2024_Q4
TRENDSET IT INC,1,FY2024_Q4
VENTERA CORPORATION,1,FY2024_Q4
TECHNOVISION INC,1,FY2024_Q4
"V.L.S SYSTEMS, INC.",1,FY2024_Q4
TECHNOVIZ LLC,1,FY2024_Q4
THE COLLEGE BOARD,1,FY2024_Q4
"V CRUISES US, LLC",1,FY2024_Q4
"OMNIDEK, INC.",1,FY2024_Q4
"MICROVISION, INC.",1,FY2024_Q4
TECHWITHU LLC,1,FY2024_Q4
SILA INC.,1,FY2024_Q4
"TRINITY TECHNOLOGY GROUP, INC.",1,FY2024_Q4
"TIDEWORKS TECHNOLOGY, INC.",1,FY2024_Q4
"WHEELS, INC.",1,FY2024_Q4
"THE CHAMBERLAIN GROUP, LLC",1,FY2024_Q4
PROTECTIVE LIFE CORPORATION,1,FY2024_Q4
"SOFTWORLD, INC",1,FY2024_Q4
PROCTER  GAMBLE US BUSINESS SERVICES CO.,1,FY2024_Q4
THE LANDSCAPING PEOPLE INC,1,FY2024_Q4
WESTROCK SERVICES,1,FY2024_Q4
SOFTWORLD LLC,1,FY2024_Q4
"TRINITY HOLDING, INC.",1,FY2024_Q4
THE D.S. BROWN COMPANY,1,FY2024_Q4
"SO GOOD BRAND, INC.",1,FY2024_Q4
"THE CROSSROADS GROUP, INC.",1,FY2024_Q4
THE CHURCH OF GRACE AND TRUTH,1,FY2024_Q4
KETTERING UNIVERSITY,1,FY2024_Q4
PRIME MANAGEMENT  DEVELOPMENT LLC,1,FY2024_Q4
THE GOSPEL HERALD,1,FY2024_Q4
PT05 INC,1,FY2024_Q4
THE LAW OFFICE OF CHANGJAE LEE,1,FY2024_Q4
SODAROCK ENTERTAINMENT LLC,1,FY2024_Q4
"THE METHODIST HOSPITALS, INC.",1,FY2024_Q4
VIRGINIA MASON MEDICAL CENTER,1,FY2024_Q4
YCC CAPITAL INC DBA YOGIS GRILL,1,FY2024_Q4
SWEETEE THAI CAFE INC,1,FY2024_Q4
YY ENTERPRISES INC,1,FY2024_Q4
ZUHOSKI POOL CARE,1,FY2024_Q4
VIKESH BANSAL,1,FY2024_Q4
"PRENDERGAST LANDSCAPE CONTRACTORS, INC.",1,FY2024_Q4
"DOLAN FAMILY OFFICE, LLC",1,FY2024_Q4
VNAILS  SPA LLC,1,FY2024_Q4
PRIVATE HOUSEHOLD OF JOSE ANTONIO SOUSANIE,1,FY2024_Q4
PRIME 2 LLC,1,FY2024_Q4
PRINCETON ENTERPRISES LLC,1,FY2024_Q4
SOUTH TYLER INVESTMENTS INC,1,FY2024_Q4
TRIO MART AND GAS INC,1,FY2024_Q4
TECHF4U LLC,1,FY2024_Q4
SUNNY INTERNATIONAL MANAGEMENT LLC,1,FY2024_Q4
"ONE BOX, LLC.",1,FY2024_Q4
TRIPLE RUN FARMS,1,FY2024_Q4
ULSAN LLC,1,FY2024_Q4
"THE FLIGHT SCHOOL OF GWINNETT, INC.",1,FY2024_Q4
OPOSSUM RIDGE PLANTING CO.,1,FY2024_Q4
PRO STAR LOGISTIC INC,1,FY2024_Q4
"ROYAL EQUIPMENT, INC.",1,FY2024_Q4
WFES HOLDING INC.,1,FY2024_Q4
TRIVERUS CONSULTING,1,FY2024_Q4
THE HOWARD HUGHES CORPORATION,1,FY2024_Q4
"THE SOCIALCAPITAL PARTNERSHIP, L.L.C.",1,FY2024_Q4
"ORLEANS INTERNATIONAL, INC.",1,FY2024_Q4
"TD7 VII, INC.",1,FY2024_Q4
"SUNSHINE HOSPITALITY, LLC",1,FY2024_Q4
TMG CONSTRUCTION,1,FY2024_Q4
ROCHAMBEAU THE FRENCH INTL SCHOOL OF WASHINGTON DC,1,FY2024_Q4
OSTENDO TECHNOLOGIES INC.,1,FY2024_Q4
THYSSENKRUPP STEEL NORTH AMERICA INC.,1,FY2024_Q4
"SYSTEMONE, LLC",1,FY2024_Q4
ST JUDE MEDICAL GROUP CORP,1,FY2024_Q4
THE Q QUALITY SERVICES FOR INDEPENDENT LIVING,1,FY2024_Q4
"TOUCH OF BEAUTY SUPPLY, INC.",1,FY2024_Q4
TOTAL AMERICAN SUPPLIES,1,FY2024_Q4
PRIME STRUCTURE,1,FY2024_Q4
ROYAL DIAMOND IMPORTS INC,1,FY2024_Q4
"TD ARCHITECTS, INC.",1,FY2024_Q4
TITLE AUTHORITY LLC,1,FY2024_Q4
TARP  RESTORATION GEEKS CORP,1,FY2024_Q4
"THE VICIOUS BISCUIT COMPANY, LLC",1,FY2024_Q4
TRANS WORLD INC.,1,FY2024_Q4
ORVAR USA CORP,1,FY2024_Q4
ORO ATLANTA INC,1,FY2024_Q4
TKC WEALTH MANAGEMENT LLC,1,FY2024_Q4
TRAEGER PELLET GRILLS LLC,1,FY2024_Q4
TO  SCOTT LLC  ACCUDATA ACCOUNTING ADVISORS,1,FY2024_Q4
"TASACOM TECHNOLOGIES, INC.",1,FY2024_Q4
"WORKPLACE OPTIONS, LLC",1,FY2024_Q4
"THE PUN GROUP, LLP",1,FY2024_Q4
TR STAR LLC,1,FY2024_Q4
THE VERITE GROUP LLC,1,FY2024_Q4
"TCMI, INC.",1,FY2024_Q4
THOMAS BLAIGE  COMPANY LLC,1,FY2024_Q4
TAIYO PACIFIC PARTNERS LP,1,FY2024_Q4
"WESTLAKE FINANCIAL SERVICES, LLC",1,FY2024_Q4
DEVPHASE LLC,1,FY2024_Q4
TICKET ATTENDANT LLC,1,FY2024_Q4
SYMPLICITY CORPORATION,1,FY2024_Q4
"RPI CONSULTANTS, LLC",1,FY2024_Q4
OXYGY CONSULTING INC,1,FY2024_Q4
"THE REALREAL, INC.",1,FY2024_Q4
"TRANSCORE, LP",1,FY2024_Q4
MIND RESEARCH INSTITUTE,1,FY2024_Q4
TOFBA INTERNATIONAL,1,FY2024_Q4
"TEC BUILDING SYSTEMS, LLC",1,FY2024_Q4
"PRO PARK, INC.",1,FY2024_Q4
WILSONART LLC,1,FY2024_Q4
"THE RUSHMORE GROUP, LLC",1,FY2024_Q4
THRYV INC,1,FY2024_Q4
WHATABURGER,1,FY2024_Q4
ROOTSHELL ENTERPRISE TECHNOLOGIES INC.,1,FY2024_Q4
"WOLFRAM RESEARCH, INC.",1,FY2024_Q4
MILES TECHNOLOGIES,1,FY2024_Q4
OSPREY SOFTWARE INC.,1,FY2024_Q4
SYNADIA COMMUNICATIONS INC,1,FY2024_Q4
"ROGERS, FREELS AND ASSOCIATES INC.",1,FY2024_Q4
"THERAPYMATCH, INC.",1,FY2024_Q4
"TDS OPERATING, INC.",1,FY2024_Q4
SYNTHESIS SCHOOL LLC,1,FY2024_Q4
TEAMWAVE TECH INC,1,FY2024_Q4
WILCO SOURCE LLC,1,FY2024_Q4
TROUTMAN PEPPER HAMILTON SANDERS LLP,1,FY2024_Q4
"SUNRAY INFORMATICS, INC",1,FY2024_Q4
"STREAMS, INC.",1,FY2024_Q4
TRANSFR INC,1,FY2024_Q4
THOMSON REUTERS HOLDINGS INC,1,FY2024_Q4
WIFI ALLIANCE,1,FY2024_Q4
WILDCARD PROPERTIES LLC,1,FY2024_Q4
"TMAX SOFT, INC.",1,FY2024_Q4
TESO LIFE US INC,1,FY2024_Q4
ROSE TECHNOLOGY INCORPORATED,1,FY2024_Q4
"WOODARD  CURRAN, INC.",1,FY2024_Q4
"WOOLPERT, INC.CIVILTECH ENGG.",1,FY2024_Q4
"OMSUM ENGINEERING, LLC.",1,FY2024_Q4
"P.A. ARCHITECT, INC.",1,FY2024_Q4
"TRANSMART, INC.",1,FY2024_Q4
"WHIZZ SYSTEMS, INC.",1,FY2024_Q4
"TIGO ENERGY, INC.",1,FY2024_Q4
"TIANMA AMERICA, INC.",1,FY2024_Q4
"TRICOUNTY ELECTRICAL CONTRACTORS, LLC",1,FY2024_Q4
TRANSPORTATION SYSTEMS SERVICES OPERATIONS INC.,1,FY2024_Q4
TRITON INDUSTRIES,1,FY2024_Q4
"SSW PREMIER, LLC",1,FY2024_Q4
TALIS BIOMEDICAL CORPORATION,1,FY2024_Q4
THE SYSTEMS GROUP,1,FY2024_Q4
WOODBRIDGE HOLDINGS INC.,1,FY2024_Q4
ROMAC LUMBER  SUPPLY INC.,1,FY2024_Q4
TRUEBINDING INC.,1,FY2024_Q4
"TOTALENERGIES EP AMERICAS, LLC",1,FY2024_Q4
THE WOODLANDS FAMILY CHURCH,1,FY2024_Q4
TANNENBAUM HELPERN SYRACUSE  HIRSCHTRITT LLP,1,FY2024_Q4
MINTZ  GOLD LLP,1,FY2024_Q4
WINSTEAD PC,1,FY2024_Q4
OSHA BERGMAN WATANABE  BURTON LLP,1,FY2024_Q4
PITTSBURG STATE UNIVERSITY,1,FY2024_Q4
WILLAMETTE UNIVERSITY,1,FY2024_Q4
TEXAS AM UNIVERSITYSAN ANTONIO,1,FY2024_Q4
TEXAS AM INTERNATIONAL UNIVERSITY,1,FY2024_Q4
WOLF POINT SCHOOL DISTRICT,1,FY2024_Q4
WORLD CHAMPION TAEKWONDO INC.,1,FY2024_Q4
OXFORD LTD.,1,FY2024_Q4
THE TIMING INC.,1,FY2024_Q4
TAE WORLD CHAMPION TKD CORPORATION,1,FY2024_Q4
THE WINDOW OUTFITTERS LP,1,FY2024_Q4
WISCONSIN DENTAL GROUP SC,1,FY2024_Q4
WILBARGER GENERAL HOSPITAL,1,FY2024_Q4
P AND J VET MED INC,1,FY2024_Q4
SYLVAN HOME INC,1,FY2024_Q4
"TO PHO RESTAURANT, LLC.",1,FY2024_Q4
TAMS BUSINESS LLC CANTON DRAGON,1,FY2024_Q4
"TOKMAN FOODS, INC",1,FY2024_Q4
"THE REAL TOMATO, INC.",1,FY2024_Q4
THE ZAIKA GROUP LLC DBA,1,FY2024_Q4
WING TOWN BEST LLC,1,FY2024_Q4
THREE THUMBS LLC,1,FY2024_Q4
"TOSOKCHON, INC.",1,FY2024_Q4
SYED MOHAMMAD AMIR ALI JAFRI,1,FY2024_Q4
TIFFANY DU,1,FY2024_Q4
PRIVATE HOUSEHOLD OF CATHERINE RIVAS,1,FY2024_Q4
WHITE GOLD FARMS INTERNATIONAL LLC,1,FY2024_Q4
"TRUE AIR DUCT INSTALLATIONS AND VENTILATIONS, INC",1,FY2024_Q4
TAX LINKS CONSULTANTS LLC,1,FY2024_Q4
ROSA RESORT INC.,1,FY2024_Q4
"OMEGA TRADING CO., INC.",1,FY2024_Q4
TITAN QUALITY TRANSPORT,1,FY2024_Q4
TREASURE COAST PROCESS SERVERS  INVESTIGATIVE SE,1,FY2024_Q4
"MIN S. KIM, CPA, A PROFESSIONAL CORPORATION",1,FY2024_Q4
THEPANCH INC,1,FY2024_Q4
MIGTECH HUB LLC,1,FY2024_Q4
ROOFING EXPERTS SERVICES INC,1,FY2024_Q4
ROCKIN DOUBLE K RANCH,1,FY2024_Q4
ROYAL TRUSS MANUFACTURING CORP.,1,FY2024_Q4
"ROCKS AND WALLS EXCAVATION, LLC.",1,FY2024_Q4
MILESTONE DEVELOPMENT  CONST LLC,1,FY2024_Q4
MIKES HARDWOOD FLOOR INC,1,FY2024_Q4
FIVE STARS AUTO SERVICES CORP,1,FY2024_Q4
TALSMA DAIRY,1,FY2024_Q4
"TAMPASTA, LLC DBA MANI DORO",1,FY2024_Q4
MILSPEC METAL FINISHING INC,1,FY2024_Q4
"TRITUS INSTALLATIONS, INC.",1,FY2024_Q4
TOWER AVIATION MANAGEMENT LLC,1,FY2024_Q4
T.S. RIDEOUT INC.DBA COTTONWOOD MOTORS INC.,1,FY2024_Q4
SARK WIRE CORPORATION,1,FY2024_Q4
"FANDUEL, INC.",1,FY2024_Q4
"PRODUCTIV, INC",1,FY2024_Q4
PROCLINICAL STAFFING INC.,1,FY2024_Q4
US METHANOL LLC,1,FY2024_Q4
"RTW INVESTMENTS, LP",1,FY2024_Q4
"WORLDWIDE CLINICAL TRIALS HOLDINGS, INC.",1,FY2024_Q4
SAKOM INVESTMENT LTD,1,FY2024_Q4
"AMERIDGE INDUSTRIES, INC.",1,FY2024_Q4
RUNWAY ICE LLC,1,FY2024_Q4
POLYMER CHEMICAL CORP,1,FY2024_Q4
"RUSSELL REYNOLDS ASSOCIATES, INC.",1,FY2024_Q4
"MHP AMERICAS, INC.",1,FY2024_Q4
XTRATEGY SOLUTIONS LLC,1,FY2024_Q4
"ONLY ONE SHOP, LLC",1,FY2024_Q4
SANGHERA CORP,1,FY2024_Q4
US PRECISION SHEET METAL INC.,1,FY2024_Q4
"RYAN CONSULTING GROUP, P.A.",1,FY2024_Q4
MEXILINK INCORPORATED,1,FY2024_Q4
"SCHARF INVESTMENTS, LLC",1,FY2024_Q4
SAVANT HCM LLC DBA SAVANT PAYROLL SOLUTIONS,1,FY2024_Q4
"PAGEBITES, INC.",1,FY2024_Q4
ORDERINSITE,1,FY2024_Q4
"PARADATEC, INC.",1,FY2024_Q4
"SCALR, INC.",1,FY2024_Q4
SAISIR INC,1,FY2024_Q4
MICHELMAN,1,FY2024_Q4
XAXIS LLC,1,FY2024_Q4
"SAXON INFOTECH, INC.",1,FY2024_Q4
PROSEK LLC,1,FY2024_Q4
"SAVANT SYSTEMS, LLC",1,FY2024_Q4
SATYA MARG SOLUTIONS INC,1,FY2024_Q4
"MIRRA TECH, LLC",1,FY2024_Q4
"FABLETICS, INC.",1,FY2024_Q4
PROPEL SOFTWARE SOLUTIONS,1,FY2024_Q4
MERRICK BANK CORPORATION,1,FY2024_Q4
"PARAMOUNT CONSTRUCTION, INC.",1,FY2024_Q4
RUTHERFORD  CHEKENE,1,FY2024_Q4
"MG CONSTRUCTORS AND ENGINEERS, INC.",1,FY2024_Q4
RUSSELL AND DAWSON INC.,1,FY2024_Q4
"ORBBEC 3D TECHNOLOGY INTERNATIONAL, INC.",1,FY2024_Q4
VANTAGE LLC,1,FY2024_Q4
"MINOT ENTERPRISES, INC.",1,FY2024_Q4
SANOFIAVENTIS US LLC,1,FY2024_Q4
"STANLEY ELECTRIC U.S. CO., INC.",1,FY2024_Q4
"MURATA ELECTRONICS NORTH AMERICA, INC.",1,FY2024_Q4
SALVATORE CARUSO DESIGN CORPORATION,1,FY2024_Q4
RVO 2.0 INC.,1,FY2024_Q4
XBIOTECH USA INC.,1,FY2024_Q4
"SAVANNAH KOREAN PRESBYTERIAN CHURCH, INC",1,FY2024_Q4
UNIVERSITY OF ST. THOMASHOUSTON,1,FY2024_Q4
UNIVERSITY OF TEXAS AT SAN ANTONIO,1,FY2024_Q4
UNIVERSITY OF THE OZARKS,1,FY2024_Q4
MH LEARNING CARE GROUP,1,FY2024_Q4
SAPHO GALLERY INC,1,FY2024_Q4
RYALL SHERIDAN ARCHITECTS,1,FY2024_Q4
RUPANI FOUNDATION,1,FY2024_Q4
WRAY COMMUNITY DISTRICT HOSPITAL,1,FY2024_Q4
PAHLAVANI DENTAL,1,FY2024_Q4
ORIENTS PIZZA AND PASTA LLC,1,FY2024_Q4
KRENAR INC DBA SILVER DOLLAR RESTAURANT,1,FY2024_Q4
RUBEM SOUZA,1,FY2024_Q4
RUSHLOW ARABIANS INC,1,FY2024_Q4
STARLA CRANDALL,1,FY2024_Q4
WWPASS CORPORATION,1,FY2024_Q4
U  F SONS INC.,1,FY2024_Q4
HANAM DAEJI INC,1,FY2024_Q4
"SAMHO TOUR, INC.",1,FY2024_Q4
"PAGANI AUTOMOBILI AMERICA, INC.",1,FY2024_Q4
SAMP PIMLICO LLC,1,FY2024_Q4
PALM BAY TOWNHOMES LLC,1,FY2024_Q4
RUN DIRECT INC,1,FY2024_Q4
"PRO WALL SYSTEMS,LLC",1,FY2024_Q4
"WORLDWIDE MARBLE AND GRANITE INDUSTRIES, INC.",1,FY2024_Q4
SAME DAY CABINETS,1,FY2024_Q4
ZF CV SYSTEMS NORTH AMERICA LLC,1,FY2024_Q4
ZEPPELIN SYSTEMS USA INC,1,FY2024_Q4
"VALUE WHOLESALER, INC.",1,FY2024_Q4
"WALLENIUS WILHELMSEN LOGISTICS AMERICAS, LLC",1,FY2024_Q4
VARADA LLC DBA TASTE OF BANGKOK,1,FY2024_Q4
"VALKNUT, INC.",1,FY2024_Q4
"VINTAGE LOGISTICS, INC",1,FY2024_Q4
VELOCITY PORTFOLIO GROUP,1,FY2024_Q4
USA MARBLE AND GRANITE LLC,1,FY2024_Q4
"USCA, INC.",1,FY2024_Q4
YOUR LOGISTICS CORP,1,FY2024_Q4
PROSHIPPING GROUP CORP,1,FY2024_Q4
"MINDPETAL SOFTWARE SOLUTIONS, INC.",1,FY2024_Q4
SAMJIYA INC,1,FY2024_Q4
"USCARS TRANSPORT, LLC",1,FY2024_Q4
SAVRAN BENSON LLP,1,FY2024_Q4
YOSMART INC.,1,FY2024_Q4
"PEOPLES FORUM, INC.",1,FY2024_Q4
"VINTAGE ASSOCIATES, INC.",1,FY2024_Q4
YZ ENTERPRISE LLC,1,FY2024_Q4
STEEPCONSULT INC,1,FY2024_Q4
"YOO  I PC, CO JAESHIN YOO CPA",1,FY2024_Q4
"VARIS, LLC.",1,FY2024_Q4
PERFUME CENTER OF AMERICA INC,1,FY2024_Q4
"ZEROEX, INC.",1,FY2024_Q4
Y2K SERVICE INC,1,FY2024_Q4
"VANGUARD MEDICAL GROUP, P.A.",1,FY2024_Q4
ZENOPTICS INC,1,FY2024_Q4
STARR WHITEHOUSE LANDSCAPE ARCHITECTS AND PLANNERS,1,FY2024_Q4
VIRELLA CRESPO  ASSOCIATES PSC,1,FY2024_Q4
"NEWRACOM, INC.",1,FY2024_Q4
ZENITH HOME CORP. NOW MAYZON,1,FY2024_Q4
VEYER LLC,1,FY2024_Q4
PFIZER INC,1,FY2024_Q4
YANFENG INTERNATIONAL AUTOMOTIVE TECHNOLOGY US II,1,FY2024_Q4
"VARIATION REDUCTION SOLUTIONS, INC.",1,FY2024_Q4
STATE UNIVERSITY OF NEW YORK AT BROCKPORT,1,FY2024_Q4
VAIL UNIFIED SCHOOL DISTRICT,1,FY2024_Q4
PERIODONTAL PLASTIC SURGERY  IMPLANT DENTISTRY,1,FY2024_Q4
NEXTE INTEGRATED HEALTHCARE PLLC,1,FY2024_Q4
YUMA REGIONAL MEDICAL CENTER,1,FY2024_Q4
NORTHEASTERN VERMONT REGIONAL HOSPITAL,1,FY2024_Q4
YONG FENG GE LLC DBA DUMPLING HOUSE,1,FY2024_Q4
ZHANG  HUANG LIMITED LIABILITY COMPANY,1,FY2024_Q4
"YING CHAROEN, INC. TA THAI FOOD RESTAURANT",1,FY2024_Q4
YEONJU CORPORATION,1,FY2024_Q4
VICIO INC. DBA VICTORS,1,FY2024_Q4
YASSIR MUNIR,1,FY2024_Q4
STEFANIA FLECK,1,FY2024_Q4
VELAN VALVE CORPORATION,1,FY2024_Q4
"SALSA WITH SILVIA, LLC",1,FY2024_Q4
YOUNG AND TOP LLC DBA PRIME SUSHI  BBQ CHICKEN,1,FY2024_Q4
MFRANKLIN INC,1,FY2024_Q4
VIBE CREATIVE LLC,1,FY2024_Q4
VALOBRA OF TEXAS LLC,1,FY2024_Q4
ZAVER CORPORATION,1,FY2024_Q4
FAMILY HEALTH INTERNATIONAL DBA FHI360,1,FY2024_Q4
"WORTHEN INDUSTRIES, INC.",1,FY2024_Q4
PARK DENTAL CARE OF BROOKLYN,1,FY2024_Q4
SAB CAPITAL VENTURES LLC,1,FY2024_Q4
WHITE ENERGY HOLDING CO. LLC,1,FY2024_Q4
VISION RESEARCH LLC,1,FY2024_Q4
PALTEX GROUP INC,1,FY2024_Q4
"R  L CARRIERS SHARED SERVICES, LLC",1,FY2024_Q4
MASTEK INC,1,FY2024_Q4
TRUSOFTSOLUTIONS LLC,1,FY2024_Q4
SHREE RADHA KRISHNA INC,1,FY2024_Q4
"POPULOUS GROUP, LLC",1,FY2024_Q4
"PVE, LLC",1,FY2024_Q4
"SERVAAS LABORATORIES, INC.",1,FY2024_Q4
SE BRIDGE  SCAFFOLD,1,FY2024_Q4
QC SIGNS INC,1,FY2024_Q4
"STEVENROBERT ORIGINALS, LLC",1,FY2024_Q4
"STERLING WISCONSIN, LLC",1,FY2024_Q4
COLEGIO SANTA GEMA,1,FY2024_Q4
PHYSICIANS CLINIC INC.DBA METHODIST PHYSICIANS C,1,FY2024_Q4
PARK AT FAIRGATE INC. DBA GALLERY CAFE BALLSTON,1,FY2024_Q4
SASSANO FAMILY RESIDENCE,1,FY2024_Q4
"PREMIER DENTAL CLINIC, INC.",1,FY2024_Q4
ZMAGS CORPORATION,1,FY2024_Q4
"ZOE SOLUTIONS, LLC",1,FY2024_Q4
R.M. WHITE  ASSOCIATES,1,FY2024_Q4
"ZIMPERIUM, INC",1,FY2024_Q4
"STULL  LEE, INC",1,FY2024_Q4
"WAGNER AERONAUTICAL, INC",1,FY2024_Q4
STONEHILL COLLEGE,1,FY2024_Q4
"CARESS HOME HEALTH CARE, INC.",1,FY2024_Q4
THE ANDERSON COMPANY LLC,1,FY2024_Q4
"BERNHARD TME, LLC",1,FY2024_Q4
ARIZONA CARDINALS FOOTBALL CLUB LLC,1,FY2024_Q4
COLUSA MEDICAL CENTER,1,FY2024_Q4
CAPITAL BRAND GROUP,1,FY2024_Q4
"ERICSSON CARIBBEAN, INC.",1,FY2024_Q4
FOROS ADVISORS LLC,1,FY2024_Q4
"22 MILES, INC.",1,FY2024_Q4
NAVICO,1,FY2024_Q4
BARDIN HILL INVESTMENT PARTNERS LP,1,FY2024_Q4
ALBERT A WEBB ASSOCIATES,1,FY2024_Q4
VEENUS INFOTECHS CORPORATION,1,FY2024_Q4
TOSHIBA INTERNATIONAL CORPORATION,1,FY2024_Q4
"BOLLHOFF, INC.",1,FY2024_Q4
"SCARFONE  GEEN, PC",1,FY2024_Q4
SAINT ANTHONY HOSPITAL,1,FY2024_Q4
"SAINTS MEDICAL GROUP, LLC",1,FY2024_Q4
SPECIALISTS IN MEDICAL IMAGING,1,FY2024_Q4
BOTECO DO MANOLO RESTAURANT LLC,1,FY2024_Q4
TRY LA INC,1,FY2024_Q4
DAVID AND VICKIE MOORE FARMS,1,FY2024_Q4
"REAL RESTORATION OF TAMPA, INC",1,FY2024_Q4
"SANA  SAQIB, LLC TA FAIR PRICE INTL SUPERMARKET",1,FY2024_Q4
"PHILIPS MEDICAL SYSTEMS MR, INC.",1,FY2024_Q4
HIGHBURY CONCRETE,1,FY2024_Q4
"PEEK PROPERTIES, LLC",1,FY2024_Q4
ROANOKE PHARMACY,1,FY2024_Q4
"PROFESSIONAL MANAGEMENT RECRUITERS, INC",1,FY2024_Q4
PIDY INC.,1,FY2024_Q4
WYNDEN STARK LLC DBA GQR GLOBAL MARKETS,1,FY2024_Q4
"SG HEALTHCARE AND PHARMA TECH, INC.",1,FY2024_Q4
ZWICKROELL LP,1,FY2024_Q4
BIODIESEL LAS AMERUICAS DBA BDLA,1,FY2024_Q4
PIEDRA AZUL INVESTMENT LLC,1,FY2024_Q4
RIZNO INC.,1,FY2024_Q4
"PIE INSURANCE SERVICES, INC",1,FY2024_Q4
PETRINOVICH PUGH  CO LLP,1,FY2024_Q4
"PATRICK VIVIES C.P.A., PA",1,FY2024_Q4
"PEAK6 GROUP, LLC",1,FY2024_Q4
ZYTER INC,1,FY2024_Q4
SERVICEPOWER INC.,1,FY2024_Q4
"PECKHAM INDUSTRIES, INC",1,FY2024_Q4
SENSIENT TECHNOLOGIES CORPORATION,1,FY2024_Q4
"SHOPNATION, INC.",1,FY2024_Q4
"THINK DEVELOPMENT SYSTEMS, INC.",1,FY2024_Q4
TIMESCOPE LLC,1,FY2024_Q4
"OWMN, LTD., DBA BRIDGE",1,FY2024_Q4
SECEON INC.,1,FY2024_Q4
"PHYN, LLC.",1,FY2024_Q4
"SHALOM BARANES ASSOCIATES, PC",1,FY2024_Q4
PE SERVICES DBA WRIGHT ENGINEERS,1,FY2024_Q4
"PES STRUCTURAL ENGINEERS, INC.",1,FY2024_Q4
"PERSIS CONSULTING COMPANY, INC.",1,FY2024_Q4
"PCG TRADING, LLC DBA CONVERGE",1,FY2024_Q4
PHOCOS AMERICAS INC.,1,FY2024_Q4
THE VOLLRATH COMPANY LLC,1,FY2024_Q4
SHELL GLOBAL SOLUTIONS US INC.,1,FY2024_Q4
"PHIARO, INCORPORATED",1,FY2024_Q4
ZOOMLION HEAVY INDUSTRY NA INC.,1,FY2024_Q4
SHANGHAI WHOLESALE LLC,1,FY2024_Q4
PHOENIX MOTORCARS,1,FY2024_Q4
PERSIMMON TECHNOLOGIES CORP,1,FY2024_Q4
PHASICS CORPORATION,1,FY2024_Q4
SHKS ARCHITECTS.COM,1,FY2024_Q4
"PGN ARCHITECTS, PLLC",1,FY2024_Q4
SEROTONIN LLC,1,FY2024_Q4
ARCUS BIOSCIENCES INC,1,FY2024_Q4
SELF DEVELOPMENT CHARTER SCHOOL,1,FY2024_Q4
PEARLFISHER,1,FY2024_Q4
"MASTER YOOS WORLD CLASS TAE KWON DO, INC",1,FY2024_Q4
"MASTER KIMS TAEKWONDO EDUCATION, LLC",1,FY2024_Q4
KOUHIGH INC.,1,FY2024_Q4
"FULLERTON MEDICAL PHARMACY, INC.",1,FY2024_Q4
ROBIN DALSHEIMER,1,FY2024_Q4
SAMIR KHLEIF,1,FY2024_Q4
SANFORD HEALTH OF NORTHERN MINNESOTA,1,FY2024_Q4
ALOHA TIC GROUP LLC,1,FY2024_Q4
YAKITORI AS IT IS INC.,1,FY2024_Q4
SAINT MARIA AND AVA KEROLOS INC,1,FY2024_Q4
MENYA NO 1 LLC,1,FY2024_Q4
OUS HIBACHI  SUSHI RESTAURANT INC.,1,FY2024_Q4
PENINSULA CORP. DBA AKASAKA RESTAURANT,1,FY2024_Q4
PHO ASIAN GRILLS INC,1,FY2024_Q4
ROBERTO BENIGNO GRANDA ARIAS,1,FY2024_Q4
ROBERT FULCE,1,FY2024_Q4
MARGARET WHITNEY,1,FY2024_Q4
MICHAEL GORMLEY PRIVATE HOUSEHOLD,1,FY2024_Q4
SHANNON MOSKOFF,1,FY2024_Q4
MICHELLE COLACION,1,FY2024_Q4
PHILIP E. GEORGE,1,FY2024_Q4
MARTINIQUE QUICK,1,FY2024_Q4
MICHAEL WESTON,1,FY2024_Q4
"ZUKA RETAIL, LLC.",1,FY2024_Q4
"ZUMA NYC, LLC",1,FY2024_Q4
SHAMIS CHIROPRACTIC P.C.,1,FY2024_Q4
SHAMIS CHIROPRACTIC PC,1,FY2024_Q4
QUICK BOOKKEEPING CORP.,1,FY2024_Q4
MASTER GLASS CORP.,1,FY2024_Q4
SEMAX ENTERPRISES,1,FY2024_Q4
PICO BUILDING SUPPLY CORPORATION,1,FY2024_Q4
PAULOS TILE LLC,1,FY2024_Q4
SAUGUS AUTO CRAFT,1,FY2024_Q4
SGS LOGISTICS INC,1,FY2024_Q4
ESTEE LAUDER CO INC.,1,FY2024_Q4
"PLANHUB, INC.",1,FY2024_Q4
"COJALI USA, INC.",1,FY2024_Q4
BOWE CONTRACTORS INC.,1,FY2024_Q4
"CRMNEXT, INC",1,FY2024_Q4
"CHILI THAI, INC. DBA CHILI THAI RESTAURANT",1,FY2024_Q4
POLKAPICNIC LLC DBA PICNIC,1,FY2024_Q4
CONOCOPHILLIPS COMPANY,1,FY2024_Q4
ARAMARK CAMPUS LLCSOUTHEASTERN LOUISIANA UNI.,1,FY2024_Q4
CIRCLEBOOM LLC,1,FY2024_Q4
AZIMUT BENETTI SERVICE USA INC.,1,FY2024_Q4
WAVEMAKER GLOBAL LLC,1,FY2024_Q4
PITKIN APARTMENTS LLC,1,FY2024_Q4
"ASSOCIATION OF CHINESE AMERICANS, INC.",1,FY2024_Q4
FLORESTA USA DBA PLANT WITH PURPOSE,1,FY2024_Q4
PLANET TECHNOLOGY,1,FY2024_Q4
"2GO PRODUCTS, LLC.",1,FY2024_Q4
ELXR TECHNOLOGIES LLC,1,FY2024_Q4
"AARAV SOLUTIONS, INC",1,FY2024_Q4
AURA SUB LLC,1,FY2024_Q4
INNOVISION LLC,1,FY2024_Q4
BAHA INDUSTRIES CORP. DBA OPEN SYSTEMS TECHNOLOGIES,1,FY2024_Q4
"CARETRACKER, INC",1,FY2024_Q4
"APSS FUTURISTICS, LLC",1,FY2024_Q4
FIG TECH INC.,1,FY2024_Q4
AMERICAN BUILDERS SUPPLY,1,FY2024_Q4
"PISTON AUTOMOTIVE, LLC",1,FY2024_Q4
AMERICAN PACKAGING CORPORATION,1,FY2024_Q4
ARGON MEDICAL DEVICES,1,FY2024_Q4
POCLAIN HYDRAULICS,1,FY2024_Q4
PLASTIC OMNIUM AUTO INERGY USA LLC,1,FY2024_Q4
"B. RAEEN CONSTRUCTION, INC.",1,FY2024_Q4
"ENSOMA, INC",1,FY2024_Q4
BUTLER UNIVERSITY,1,FY2024_Q4
BOWLING GREEN STATE UNIVERSITY,1,FY2024_Q4
PLAYFUL PLATOS LLC,1,FY2024_Q4
BRIGHT DENTAL PC,1,FY2024_Q4
CAULDWELL PHARMACY INC,1,FY2024_Q4
"WEIRSDALE FAMILY HEALTH CENTER, INC",1,FY2024_Q4
FM RADIOLOGY MEDICAL CENTER,1,FY2024_Q4
PINNACLE DENTAL PLLC,1,FY2024_Q4
BEAVERTON SUSHI INCORPORATED,1,FY2024_Q4
ELDAD GAL,1,FY2024_Q4
"COCORO, INC",1,FY2024_Q4
ERICA F DAY,1,FY2024_Q4
CHARLOTTE BAKERY INC,1,FY2024_Q4
PLAY SQUASH LLC,1,FY2024_Q4
FALLBROOK GROUP LLC DBA HILLCREST CORNER STORE,1,FY2024_Q4
CHEMSTRAND QUICK STOP INC.,1,FY2024_Q4
"INNOPHOS, INC",1,FY2024_Q4
BRAZILIAN PET LLC,1,FY2024_Q4
CREDIT CARD DISCOUNT SERVICES,1,FY2024_Q4
EZ SLIDING DOOR REPAIR USA LLC,1,FY2024_Q4
BAY MATRIX LLC,1,FY2024_Q4
ACTS 138 LLC,1,FY2024_Q4
PM ARMOR,1,FY2024_Q4
WARNER MUSIC LATINA INC.,1,FY2024_Q4
CITY HIVE INC,1,FY2024_Q4
BEST  CO.,1,FY2024_Q4
"ASC ENGINEERED SOLUTIONS, LLC",1,FY2024_Q4
APPORCHID INC,1,FY2024_Q4
CAPOL LLC,1,FY2024_Q4
"EMBASSY HOTEL GROUP, LLC",1,FY2024_Q4
"CAPSTONE LOGISTICS, LLC",1,FY2024_Q4
BRIDGEPOINT INSURANCE AGENCY  PERMIT CENTER LLC,1,FY2024_Q4
FLS TRANSPORTATION SERVICES US INC.,1,FY2024_Q4
FLORIDA LEMARK CORPORATION,1,FY2024_Q4
CALZEDONIA USA,1,FY2024_Q4
AMARULA ESTATES LLC,1,FY2024_Q4
BIDDLE SAWYER CORPORATION,1,FY2024_Q4
"FIRMENICH, INC.",1,FY2024_Q4
CUSTOM PET INC,1,FY2024_Q4
DESTEC SOLUTIONS LLC,1,FY2024_Q4
"BAYSTRIDE, INC. DBA RAYNE CLINICAL NUTRITION, INC.",1,FY2024_Q4
ALERYANI WHOLESALE,1,FY2024_Q4
AIRGYRO AVIATION LLC,1,FY2024_Q4
"CAGE POINT, LLC",1,FY2024_Q4
CS LUXURY GROUP REAL ESTATE INC.,1,FY2024_Q4
MACEY MEDIA,1,FY2024_Q4
BLUE LIKE AN ORANGE CAPITAL US LLC,1,FY2024_Q4
"WILDCAT CLIFFS COUNTRY CLUB, INC.",1,FY2024_Q4
BLUEPATH SOLUTIONS INC,1,FY2024_Q4
ACROSS INTERNATIONAL LLC,1,FY2024_Q4
CRYSTAL INTERNATIONAL GLASS CORP.,1,FY2024_Q4
"BACHEM AMERICAS, INC.",1,FY2024_Q4
"GOLDEN HAMMER CONTRACTORS, INC.",1,FY2024_Q4
EPIC MECHANICAL INC,1,FY2024_Q4
MG EXPRESS LLC,1,FY2024_Q4
"BUNZL DISTRIBUTION USA, INC.",1,FY2024_Q4
ARHAUS,1,FY2024_Q4
"ALACRITI, INC.",1,FY2024_Q4
"AIOI NISSAY DOWA INSURANCE, USA CORPORATION",1,FY2024_Q4
"ASCENTAGE PHARMA GROUP, INC.",1,FY2024_Q4
ADELAIDE GROUP LLC DBA COLLYERS MANSION,1,FY2024_Q4
ZGRILLS INC.,1,FY2024_Q4
EXFREIGHT ZETA,1,FY2024_Q4
BUTA DISTRIBUTORS INC,1,FY2024_Q4
CLIFTONLARSONALLEN LLP,1,FY2024_Q4
"FRANK, RIMERMAN  CO. LLP",1,FY2024_Q4
"GOFF, BACKA, ALFERA  COMPANY, LLC",1,FY2024_Q4
BRUNO  TERVALON,1,FY2024_Q4
"BEYONDSPRING PHARMACEUTICALS, INC.",1,FY2024_Q4
"ASSET CAMPUS HOUSING USA, LLC DBA ASSET LIVING",1,FY2024_Q4
AMUNDI US INC.,1,FY2024_Q4
BRIGHTWAY PROPERTIES LLC,1,FY2024_Q4
BENEFICIENT COMPANY GROUP USA,1,FY2024_Q4
"AH CAPITAL MANAGEMENT, LLC",1,FY2024_Q4
"ENERGY POLICY RESEARCH FOUNDATION, INC.",1,FY2024_Q4
ARTISAN PARTNERS,1,FY2024_Q4
"ALMAC CLINICAL TECHNOLOGIES, LLC",1,FY2024_Q4
CELLULAR  MORE INC,1,FY2024_Q4
"CRESTONE VENTURES, INC. DBA TEKCONCIERGE",1,FY2024_Q4
BLUE CROSS BLUE SHIELD ASSOCIATION,1,FY2024_Q4
"EMERSON CLIMATE TECHNOLOGIES, INC.",1,FY2024_Q4
AMERICOLD LOGISTICS LLC,1,FY2024_Q4
AVEROSOFT INC,1,FY2024_Q4
ANNUK INCORPORATED,1,FY2024_Q4
OUTSELL CORPORATION,1,FY2024_Q4
"ARNAMY, INC.",1,FY2024_Q4
INTELLITIDE CORP.,1,FY2024_Q4
ATTRA INC.,1,FY2024_Q4
MAGNIT CORPORATION,1,FY2024_Q4
"COMMONWEALTH EQUITY SERVICES, LLC",1,FY2024_Q4
ALCOA CORPORATION,1,FY2024_Q4
"BLUE HILL TECH, INC.",1,FY2024_Q4
SPACELABS HEALTHCARE LLC,1,FY2024_Q4
WATERMELON EXPRESS DBA BENCHPREP,1,FY2024_Q4
CORADINE AVIATION SYSTEMS LLC,1,FY2024_Q4
ACORN CREDENTIALING SOLUTIONS INC.,1,FY2024_Q4
"PBACO HOLDING, LLC",1,FY2024_Q4
ADWAY SERVICES INC,1,FY2024_Q4
BROOK CONSULTANTS INC.,1,FY2024_Q4
ASPYRETECH INC,1,FY2024_Q4
ARMOR,1,FY2024_Q4
CONFIMINDS LLC,1,FY2024_Q4
"DATAXSTREAM, LLC",1,FY2024_Q4
"ELITE ROOFING, LLC",1,FY2024_Q4
COKE MANAGEMENT GROUP LLC,1,FY2024_Q4
BRIGHTSIGN LLC,1,FY2024_Q4
"INFOWEB SYSTEMS, INC.",1,FY2024_Q4
ARDEN COMPANIES,1,FY2024_Q4
COACTION SPECIALTY INSURANCE,1,FY2024_Q4
"AESCAPE, INC.",1,FY2024_Q4
"AKKODIS ET, LLC FKA MODIS ET, LLC",1,FY2024_Q4
CONSTANT CONTACT,1,FY2024_Q4
BRAINTREE CONSULTANTS INC,1,FY2024_Q4
ICE CLEAR CREDIT LLC,1,FY2024_Q4
"MAVEN MACHINES, INC.",1,FY2024_Q4
ALTRUIST CORP DBA ALTRUIST,1,FY2024_Q4
"MERCURY TECHNOLOGIES, INC.",1,FY2024_Q4
WONDERFUL COLLEGE PREP ACADEMY,1,FY2024_Q4
"BAPTIST HEALTH SYSTEM, INC.",1,FY2024_Q4
AMSIVE,1,FY2024_Q4
CUSHION AI INC,1,FY2024_Q4
BY LIGHT,1,FY2024_Q4
INVENERGY,1,FY2024_Q4
"IRONRIDGE, INC.",1,FY2024_Q4
MANAGED RESOURCES INC,1,FY2024_Q4
ENTERPRISE PRODUCTS OPERATING LLC,1,FY2024_Q4
CALLISONRTKL INC.,1,FY2024_Q4
ALPHATEC PC,1,FY2024_Q4
AGENCY LANDSCAPE  PLANNING LLC,1,FY2024_Q4
"PARADIGM4, INC.",1,FY2024_Q4
"DATACOR, INC.",1,FY2024_Q4
KILONEWTON LLC,1,FY2024_Q4
"ERECTION  WELDING CONTRACTORS, LLC",1,FY2024_Q4
"BILLER REINHART ENGINEERING GROUP, INC.",1,FY2024_Q4
ELT BAKO AUTOMATION LLC,1,FY2024_Q4
"ELEMENTIS SPECIALTIES, INC.",1,FY2024_Q4
"FLEXNGATE DETROIT, LLC",1,FY2024_Q4
"BROADOCEAN TECHNOLOGIES, LLC",1,FY2024_Q4
"ELEMENT ENERGY, INC.",1,FY2024_Q4
"WALTER USA, LLC",1,FY2024_Q4
BUNNOMATIC CORPORATION,1,FY2024_Q4
"ANDERTON CASTINGS, LLC",1,FY2024_Q4
"A.G. SIMPSON USA, INC.",1,FY2024_Q4
ALTAVIZ LLC,1,FY2024_Q4
DEXAI ROBOTICS,1,FY2024_Q4
EUGENUS,1,FY2024_Q4
ZNV CONSULTING LLC DBA ZERO ENVY,1,FY2024_Q4
"COSMAX NBT USA, INC",1,FY2024_Q4
BH AGRICULTURE,1,FY2024_Q4
"ATARA BIOTHERAPEUTICS, INC.",1,FY2024_Q4
"CONSTRUCTION TESTING SERVICES, INC.",1,FY2024_Q4
ALLAKOS INC.,1,FY2024_Q4
4C PHARMA SOLUTIONS LLC,1,FY2024_Q4
BLUEPRINT MEDICINES,1,FY2024_Q4
ENANTA PHARMACEUTICALS INC,1,FY2024_Q4
ERICKSON IMMIGRATION GROUP PC,1,FY2024_Q4
ANSEL  MILLER LLC,1,FY2024_Q4
BRYANT UNIVERSITY,1,FY2024_Q4
BAYLOR UNIVERSITY,1,FY2024_Q4
ALBERTUS MAGNUS COLLEGE,1,FY2024_Q4
DALLAS BAPTIST UNIVERSITY,1,FY2024_Q4
BATES COLLEGE,1,FY2024_Q4
COLLEGE OF THE HOLY CROSS,1,FY2024_Q4
BRIDGEWATER COLLEGE,1,FY2024_Q4
CALVIN UNIVERSITY,1,FY2024_Q4
AMERICAN LEADERSHIP ACADEMY,1,FY2024_Q4
"COLIMA YAMAHA MUSIC SCHOOL, INC.",1,FY2024_Q4
DANCINGJIM LLC DBA BALLROOM CITY,1,FY2024_Q4
GANGA TATTOO STUDIO LLC,1,FY2024_Q4
BEYOND INC DBA CYRUS KNITS,1,FY2024_Q4
GNS FASHION INC DBA GLAM,1,FY2024_Q4
EVELEIGH PR LLC,1,FY2024_Q4
"ELEVATOR REPAIR SERVICE THEATER, INC.",1,FY2024_Q4
"EPOCH TIMES INC, LOS ANGELES",1,FY2024_Q4
AMERICAN IMMIGRATION LLC,1,FY2024_Q4
"AFFORDABLE DENTURES  IMPLANTSKOKOMO III, P.C",1,FY2024_Q4
ATLANTIC SMILES LLC,1,FY2024_Q4
APOLLONIA DENTAL LLC,1,FY2024_Q4
"WYOMING CARDIOPULMONARY SERVICES, PC",1,FY2024_Q4
"APOGEE MEDICAL GROUP, INDIANA, PC",1,FY2024_Q4
DELS HAVEN LLC,1,FY2024_Q4
FALASOPHY SPECTRUM LLC,1,FY2024_Q4
FOOD PROVISIONS LLC,1,FY2024_Q4
"FLAVIAS CUCINA ROMANA, LTD.",1,FY2024_Q4
DANIYA INC,1,FY2024_Q4
ANB CAFE INC,1,FY2024_Q4
BOERNE STAGE EXPRESS LLC DBA BIGS 404,1,FY2024_Q4
BADRI INC,1,FY2024_Q4
ENVIROMASTERS RENO LAKE TAHOE,1,FY2024_Q4
"FIRST CLIPS LLC, DBA GREAT CLIPS",1,FY2024_Q4
KANDIS N. NICHOLAS,1,FY2024_Q4
AMANDA JUSTINO,1,FY2024_Q4
ELENA E ZIMERI SAFIE,1,FY2024_Q4
71 DIVINE LLC,1,FY2024_Q4
CHIC BEAUTY LLC,1,FY2024_Q4
"THE BEST NAILS  DESIGNS, INC.",1,FY2024_Q4
CTG OF PINELLAS INC.,1,FY2024_Q4
BSC RUGS LLC,1,FY2024_Q4
AMERICAN TRAVEL AND TOURS INC,1,FY2024_Q4
FURSTMCNESS COMPANY,1,FY2024_Q4
BY BOAZ INC,1,FY2024_Q4
"ANK ENTERPRISE, INC.",1,FY2024_Q4
"EL PASO COMMUNICATION SYSTEMS, INC.",1,FY2024_Q4
"INTEGRATED DNA TECHNOLOGIES, INC.",1,FY2024_Q4
GUADALUPE CORPORATION,1,FY2024_Q4
"BEYOND ALCOHOL, INC.",1,FY2024_Q4
AUTO MECHANIC MOBILE SERVICES LLC,1,FY2024_Q4
ALDO JEWELRY CORP,1,FY2024_Q4
BADELL OFFICES LLC,1,FY2024_Q4
DESIGN SIGN AND MULTIMEDIA INC,1,FY2024_Q4
ADVENT FINANCIAL SERVICES INC.,1,FY2024_Q4
DOCTOR CLEANING US INC,1,FY2024_Q4
CASH IN YOUR CASE LLC,1,FY2024_Q4
BUHLER AND BUHLER ENTERPRISES,1,FY2024_Q4
F  J FARMS,1,FY2024_Q4
"CUSTOM AG SERVICES, LLC",1,FY2024_Q4
AMERICAN PETROLEUM EQUIPMENT  CONSTRUCTION,1,FY2024_Q4
BETHER CONSTRUCTION LLC,1,FY2024_Q4
"BRIGHTON COB COMPANY, LLC",1,FY2024_Q4
FMF ENTERPRISES INC,1,FY2024_Q4
"ATLASIB, LLC",1,FY2024_Q4
CONGA TRANSPORTATION LLC,1,FY2024_Q4
D  A EXPRESS LLC,1,FY2024_Q4
"BR WAREHOUSE, INC",1,FY2024_Q4
515 W 18TH STREET EATERY,1,FY2024_Q4
16 HANDLES,1,FY2024_Q4
"409, LLC",1,FY2024_Q4
"HUDSON MEDICAL SPINE AND PAIN MANAGEMENT, PLLC",1,FY2024_Q4
"BRIDGE IT, INC.",1,FY2024_Q4
"3SHAPE, INC",1,FY2024_Q4
"ARGONAUT MANAGEMENT SERVICES, INC.",1,FY2024_Q4
AMPAC FINE CHEMICALS,1,FY2024_Q4
9TO5 SEATING LLC,1,FY2024_Q4
BORGWARNER DIXON LLC,1,FY2024_Q4
BOSSA NOVA INC,1,FY2024_Q4
"BAJA CONSTRUCTION CO., INC.",1,FY2024_Q4
"10EQS CONSULTING SERVICES NORTH AMERICA, INC.",1,FY2024_Q4
"BETTER HOLDCO, INC.",1,FY2024_Q4
"BDO CONSULTING GROUP, LLC",1,FY2024_Q4
AGILE1 TECH CORPORATION,1,FY2024_Q4
ANDES FURNITURE,1,FY2024_Q4
"AOKI  QRD, INC.",1,FY2024_Q4
AODUO INTERNATIONAL LLC,1,FY2024_Q4
ALLIANZ ASSET MANAGEMENT OF AMERICA LLC,1,FY2024_Q4
ANDRADE CONCRETE AND CONSTRUCTIONS INC,1,FY2024_Q4
"BANJAXED SOLUTIONS, LLC",1,FY2024_Q4
"BHATIA  CO, INC",1,FY2024_Q4
ADVANCY INC.,1,FY2024_Q4
BANK OF IRELAND,1,FY2024_Q4
BEST SOLUTION MORTGAGE INC,1,FY2024_Q4
HOME LOAN LENDING INC.,1,FY2024_Q4
3R INFO LLC,1,FY2024_Q4
AHMED VENTURES INC,1,FY2024_Q4
AGILE DIRECTIVE INC,1,FY2024_Q4
8 NET INC,1,FY2024_Q4
"APPZEN, INC.",1,FY2024_Q4
APPTEON INC,1,FY2024_Q4
"AFFILIATED ENGINEERS NW, INC.",1,FY2024_Q4
"BRIXON, INC.",1,FY2024_Q4
"ADVISOR360, LLC",1,FY2024_Q4
ARCADIA UNIVERSITY,1,FY2024_Q4
"AMPLIFY EDUCATION, INC.",1,FY2024_Q4
AI SOFTWARE LLC DBA CAPACITY,1,FY2024_Q4
APRICORN,1,FY2024_Q4
AFFINITY RESIDENTIAL CARE,1,FY2024_Q4
BBC STUDIOS AMERICA INC,1,FY2024_Q4
"AGHA ENGINEERING, LLC",1,FY2024_Q4
ANTUNOVICH ASSOCIATES,1,FY2024_Q4
ADVENTA CORPORATION,1,FY2024_Q4
"BRINKMAN CONSTRUCTION, INC.",1,FY2024_Q4
AKM MFG INC,1,FY2024_Q4
AIC ACQUISITION COMPANY LLC,1,FY2024_Q4
"AFFILIATED ENGINEERS, INC.",1,FY2024_Q4
"TERRAFORM POWER, LLC",1,FY2024_Q4
AQUATRONICS INTERNATIONAL INC,1,FY2024_Q4
ALLIANCE DEFENDING FREEDOM,1,FY2024_Q4
BOR USGA OBO AUGUSTA UNIVERSITY,1,FY2024_Q4
BEX SUNGLASSES LLC,1,FY2024_Q4
"ARLINGTON SOCCER CLUB, INC.",1,FY2024_Q4
"APOGEE MEDICAL GROUP, GEORGIA, INC.",1,FY2024_Q4
"BAT RESIDENTIAL SERVICES, INC.",1,FY2024_Q4
BETTER LIVING CAREHOME,1,FY2024_Q4
"ANUJA OHRIPARIKH, D.M.D., P.C.",1,FY2024_Q4
APRONTO DENTAL LLC,1,FY2024_Q4
BH 9477 INVESTMENTS LLC,1,FY2024_Q4
BETHSAIDA YM,1,FY2024_Q4
AGRIDULCE,1,FY2024_Q4
BANGKOK GOLDEN INC,1,FY2024_Q4
2 DINE CORPORATION DBA ROBEKS LONG BEACH,1,FY2024_Q4
021NYCREW LLC,1,FY2024_Q4
BARTLETT LANDSCAPE LLC,1,FY2024_Q4
AMITY INC.,1,FY2024_Q4
BEYOND SPECTRUM ACADEMY,1,FY2024_Q4
1700 BROAWAY MANAGEMENT LTD DBA 711 STORE #34757,1,FY2024_Q4
AMINOOR MARKETING INC.,1,FY2024_Q4
AGENCIAS DE VIAJES VIP ECUATOURS,1,FY2024_Q4
AKANNI BUSINESS CONSULTING,1,FY2024_Q4
"ANTONIO NATURAL HEALING, LLC",1,FY2024_Q4
"BOSPHORUS ENTERPRISES, INC.",1,FY2024_Q4
ALLURE ACCOUNTING INC.,1,FY2024_Q4
7C LINGO LLC,1,FY2024_Q4
"800 REMODELING, INC",1,FY2024_Q4
AARON HAALAND,1,FY2024_Q4
ANDOVER AUTO SALES INC.,1,FY2024_Q4
BEST CUTTING DIE,1,FY2024_Q4
"BAUERFEIND USA, INC.",1,FY2024_Q4
BEVRI LLC,1,FY2024_Q4
"ALASKA UTAH AVIATION, LLC",1,FY2024_Q4
BEHAVR LLC,1,FY2024_Q4
"BELLHOP, INC.",1,FY2024_Q4
"B. RILEY SECURITIES, INC.",1,FY2024_Q4
BERNARDS BROS. INC.,1,FY2024_Q4
BIG SKY INC.,1,FY2024_Q4
BC SIAM CORPORATION,1,FY2024_Q4
"BUCKMAN LABORATORIES INTERNATIONAL, INC.",1,FY2024_Q4
BABY MOVES INC,1,FY2024_Q4
CLEARWAVE FIBER LLC,1,FY2024_Q4
BCD TRAVEL USA,1,FY2024_Q4
"BAKER CREEK HEIRLOOM SEED COMPANY, LLC",1,FY2024_Q4
"AIRCRAFT PROFESSIONAL MAINTENANCE, LLC",1,FY2024_Q4
BERENICE 2AM CORP,1,FY2024_Q4
AP BIJINMEN 1 LLC,1,FY2024_Q4
BUNNYFUFUU LLC,1,FY2024_Q4
ALLIED WORLD NATIONAL ASSURANCE COMPANY,1,FY2024_Q4
AON INSURANCE MANAGERS USA INC.,1,FY2024_Q4
CHERQEZ LLC,1,FY2024_Q4
ALIBABA GROUP U.S. INC.,1,FY2024_Q4
DISCOVERY ANALYTICS INC,1,FY2024_Q4
"BANKINGON, INC.",1,FY2024_Q4
"AIR SYSTEM COMPONENTS, INC.",1,FY2024_Q4
BCTEC CORP,1,FY2024_Q4
BNT FURNITURE USA INC.,1,FY2024_Q4
CHENGDU XIAOLONGKAN CATERING MNGT NA INC.,1,FY2024_Q4
BRAND MIX LLC,1,FY2024_Q4
ASHMORE INVESTMENT MANAGEMENT US CORPORATION,1,FY2024_Q4
"AXIOM HEALTHCARE STRATEGIES, LLC",1,FY2024_Q4
CASTINGLAND MIAMI LLC,1,FY2024_Q4
BAQUERO TRANSLATION INC,1,FY2024_Q4
AXAN INC.,1,FY2024_Q4
"ADVANCED MICRO PRECISION, LLC",1,FY2024_Q4
CHANGLI INC,1,FY2024_Q4
"BOSTON BGECARE, INC.",1,FY2024_Q4
"CASTLE TILE, MARBLE  GRANITE INC.",1,FY2024_Q4
BOOKKEEPING AND ACCOUNTING OF FL INC,1,FY2024_Q4
BURRUANO  COMPANY LLP,1,FY2024_Q4
CONTINENTAL AMERICAN CORPORATION DBA PIONEER BALLO,1,FY2024_Q4
ASHOKA,1,FY2024_Q4
BPO SOLUTION PROVIDERS LLC,1,FY2024_Q4
ARLON,1,FY2024_Q4
APAX PARTNERS LP,1,FY2024_Q4
CORESTRAT LLC,1,FY2024_Q4
"AXQ CAPITAL, LP",1,FY2024_Q4
BELL1 PBC,1,FY2024_Q4
BB OPCO LLC,1,FY2024_Q4
"DIAMEDCARIBBEAN, INC.",1,FY2024_Q4
"APL LOGISTICS AMERICAS, LTD.",1,FY2024_Q4
DIRIGA TECHNOLOGIES,1,FY2024_Q4
CONSUMER EDGE INSIGHT LLC,1,FY2024_Q4
BENEFITS DATA TRUST,1,FY2024_Q4
ANTARES CAPITAL,1,FY2024_Q4
"ALLIED DIGITAL SERVICES, LLC",1,FY2024_Q4
"BOOKS INTERNATIONAL, INC.",1,FY2024_Q4
"CATALINA MARKETING TECHNOLOGY SOLUTIONS, INC.",1,FY2024_Q4
"BIZMETRIC PARTNERS, INC.",1,FY2024_Q4
"BOTTOMLINE TECHNOLOGIES, INC.",1,FY2024_Q4
ASCENTT BUSINESS SYSTEMS,1,FY2024_Q4
"APPLAUSE APP QUALITY, INC",1,FY2024_Q4
BORGWARNER INC.,1,FY2024_Q4
"AMPLIFI LOYALTY SOLUTIONS, LLC",1,FY2024_Q4
ARIES INDUSTRIES INC.,1,FY2024_Q4
"AVA LABS, INC.",1,FY2024_Q4
"ARCHETYPE CONSULTING, INC.",1,FY2024_Q4
AVIZVA LLC,1,FY2024_Q4
"CINERGY TECHNOLOGY, INC.",1,FY2024_Q4
"DEKRA SERVICES, INC.",1,FY2024_Q4
"AVARON CAPITAL MANAGEMENT, LLC",1,FY2024_Q4
AVA SOFTWARE INC.,1,FY2024_Q4
CHEN TECH LLC,1,FY2024_Q4
"ALPHASIMPLEX GROUP, LLC",1,FY2024_Q4
"APELLIS PHARMACEUTICALS, INC.",1,FY2024_Q4
BKO SERVICES INC,1,FY2024_Q4
CONTINENTAL FINANCE COMPANY,1,FY2024_Q4
ARCHITECTURAE GROUP,1,FY2024_Q4
BRIGHTMARK LLC,1,FY2024_Q4
CONSTRUCTION PROFESSIONALS INC,1,FY2024_Q4
ARUN SHAH  ASSOCIATES,1,FY2024_Q4
ALSAL CONSTRUCTION INC,1,FY2024_Q4
BANNON CONSTRUCTION INC,1,FY2024_Q4
APOGEE CONSULTING GOUP,1,FY2024_Q4
ARTE SANO LLC,1,FY2024_Q4
"ASM PACIFIC ASSEMBLY PRODUCTS, INC.",1,FY2024_Q4
"ART ENGINEERING, LLC",1,FY2024_Q4
BIOM PHARMACEUTICAL CORPORATION,1,FY2024_Q4
"BLUE SPARQ, INC.",1,FY2024_Q4
BILSTEIN COLD ROLLED STEEL,1,FY2024_Q4
ANGSTROM USA LLC,1,FY2024_Q4
BCS AUTOMOTIVE INTERFACE SOLUTIONS US LLC,1,FY2024_Q4
"ALPHACOMM ENTERPRISES, LLC",1,FY2024_Q4
AIRTONOMY DBA THREAD,1,FY2024_Q4
"ALPMA USA, LLC",1,FY2024_Q4
ASCEND PERFORMANCE MATERIALS OPERATIONS LLC,1,FY2024_Q4
BODE CELLMARK FORENSICS INC.,1,FY2024_Q4
9920 MANAGEMENT LLC,1,FY2024_Q4
CLARK UNIVERSITY,1,FY2024_Q4
CONNECTICUT COLLEGE,1,FY2024_Q4
"DISTRICT LLC, DBA HOUSE OF YES",1,FY2024_Q4
"ARTICULATE GLOBAL, LLC",1,FY2024_Q4
BLOOMFIELD CONSTRUCTION CONSULTINGINSPECTION LLC,1,FY2024_Q4
"BUSH INTERIORS, INC.",1,FY2024_Q4
AWM GROUP LLC,1,FY2024_Q4
"BILL A. DUFFY INTERNATIONAL, INC.",1,FY2024_Q4
BEBEAUTY AESTHETIC LLC,1,FY2024_Q4
ANDORRA LIFE LLC,1,FY2024_Q4
CENTURION LEGAL GROUP LLC,1,FY2024_Q4
BENAMUN,1,FY2024_Q4
"BRIGHAM AND WOMENS PHYSICIANS ORGANIZATION, INC.",1,FY2024_Q4
BROCKTON NEIGHBORHOOD HEALTH CENTER,1,FY2024_Q4
"CORNETTAS RESTAURANT,INC.",1,FY2024_Q4
ANONG INC.,1,FY2024_Q4
BERNARD A. MARQUEZ,1,FY2024_Q4
ALI GULLU CORPORATION,1,FY2024_Q4
BOLAN ENTERPRISES INC,1,FY2024_Q4
BM ALLIANCE INC,1,FY2024_Q4
BBBMOTORSPORTS LLC,1,FY2024_Q4
"BP ENERGY PARTNERS, LLC",1,FY2024_Q4
"ARMSTRONG WORLD INDUSTRIES, INC.",1,FY2024_Q4
CONSOL PARTNERS,1,FY2024_Q4
BENTELER STEEL  TUBE CORPORATION,1,FY2024_Q4
"ARVATO SYSTEMS NA,INC.",1,FY2024_Q4
"CONTEMPORARY ALTERNATIVE MEDICINE, INC",1,FY2024_Q4
BAGATELLE MIAMI LLC,1,FY2024_Q4
AMZ TRANS INC,1,FY2024_Q4
BRAVO IMAGING INC,1,FY2024_Q4
ALOUN FARM INC,1,FY2024_Q4
ALAR ENTERPRISE LLC,1,FY2024_Q4
"ASBESTOS, LEAD AND HAZARD. WASTE LABORERS LOCAL 78",1,FY2024_Q4
BUCKMANS INC.,1,FY2024_Q4
"ALPHABET ZOO II, INC",1,FY2024_Q4
BERGEN COUNTY CAREER ADVANCEMENT TRAININGBCCAT,1,FY2024_Q4
"CLEAR CREEK STUD, LLC",1,FY2024_Q4
DAL QUALITY INC.,1,FY2024_Q4
BENNETT GLASS AND MIRROR INC.,1,FY2024_Q4
BRENNER OIL COMPANY,1,FY2024_Q4
"JC MAYFAIR, INC. DBA MAYFAIR CUSTOM HOMES",1,FY2024_Q4
"FRESENIUS MANAGEMENT SERVICES, INC., A FRESENIUS",1,FY2024_Q4
SOLARMAN DISTRIBUTION INC,1,FY2024_Q4
"GRAPEMAN FARMS, LP",1,FY2024_Q4
NATIXIS NEW YORK BRANCH,1,FY2024_Q4
FAVO GROUP LLC,1,FY2024_Q4
"HOSTESS BRANDS, LLC",1,FY2024_Q4
JOPLIN TRAVEL PLAZA LLC,1,FY2024_Q4
CCI GENERAL CONTRACTOR,1,FY2024_Q4
"J.T. MAGEN  COMPANY, INC.",1,FY2024_Q4
FORT CONSTRUCTION L.P.,1,FY2024_Q4
"CIVE, INC.",1,FY2024_Q4
"FUKUNAGA  ASSOCIATES, INC.",1,FY2024_Q4
EZZY OMS PLLC,1,FY2024_Q4
"PEEKSKILL PHARMACY, INC.",1,FY2024_Q4
CAMAUTOS SALES  SERVICE LLC,1,FY2024_Q4
GOSNEY LTC,1,FY2024_Q4
SVMMED LLC,1,FY2024_Q4
OAKMONT INSURANCE SERVICES LLC,1,FY2024_Q4
MANAS EXPRESS CORP,1,FY2024_Q4
"SPRY PAYMENT SYSTEMS, INC",1,FY2024_Q4
FTV EMPLOYMENT SERVICES LLC,1,FY2024_Q4
CELLINK CORPORATION,1,FY2024_Q4
MEDISPA W INC,1,FY2024_Q4
ALCOR SCIENTIFIC INC.,1,FY2024_Q4
LIMFLOW INC.,1,FY2024_Q4
"GESTAMP NORTH AMERICA, INC.",1,FY2024_Q4
"AURIA SOLUTIONS USA, INC",1,FY2024_Q4
ESSENTIAL DENTAL SYSTEMS INC.,1,FY2024_Q4
"MAMIMAYO, INC.",1,FY2024_Q4
JOMAR PAINTING LLC,1,FY2024_Q4
HATHAWAY DINWIDDIE CONSTRUCTION COMPANY,1,FY2024_Q4
FSTONE TECHNOLOGIES LLC,1,FY2024_Q4
"CITADEL INFORMATION SERVICES, INC",1,FY2024_Q4
GGG LOGISTICS INC,1,FY2024_Q4
"ODIN MARINE GROUP, LLC.",1,FY2024_Q4
"ISOLVERS, INC",1,FY2024_Q4
MERCER SYSTEM SERVICES LLC,1,FY2024_Q4
"FALKONRY, INC.",1,FY2024_Q4
LEXAR INTERNATIONAL,1,FY2024_Q4
"SPLATFORM, LLC",1,FY2024_Q4
MBA GROWTH PARTNERS,1,FY2024_Q4
UNITED PACIFIC INDUSTRIES INC.,1,FY2024_Q4
"FLAGMAN TELECOM, INC.",1,FY2024_Q4
AMCO STRUCTURES,1,FY2024_Q4
"IVY ENTERPRISES, INC.",1,FY2024_Q4
"FLEXTECS, LLC",1,FY2024_Q4
MAZE  ASSOCIATES ACCOUNTING CORPORATION,1,FY2024_Q4
FOREST TRENDS ASSOCIATION,1,FY2024_Q4
FF GLOBAL PARTNERS LLC,1,FY2024_Q4
"HELLO HEART, INC.",1,FY2024_Q4
CHI UNIVERSITY,1,FY2024_Q4
DE WELL CONTAINER SHIPPING INC,1,FY2024_Q4
"GIANT COMMUNICATIONS, LLC",1,FY2024_Q4
"GLOBAL TAX MANAGEMENT, INC.",1,FY2024_Q4
FOTILE AMERICA LLC,1,FY2024_Q4
"JAMES M. CHA, CPA  COMPANY, A PROFESSIONAL CORPOR",1,FY2024_Q4
"DECOR, INC.",1,FY2024_Q4
PACIFIC ASIAN CONSORTIUM IN EMPLOYMENT,1,FY2024_Q4
"FORTITUDE GROUP SERVICES, INC.",1,FY2024_Q4
CENTRAL ESCROW GROUP INC,1,FY2024_Q4
DURABLE CAPITAL PARTNERS LP,1,FY2024_Q4
MG WHOLESALE DISTRIBUTION INC,1,FY2024_Q4
"MARS INFORMATION SERVICES, INC",1,FY2024_Q4
JING WANG DBA JW INSURANCE AND FINANCIAL SERVICES,1,FY2024_Q4
"CNH CAPITAL MANAGEMENT, LLC",1,FY2024_Q4
"AAMP OF FLORIDA, INC.",1,FY2024_Q4
"EMINENCE CAPITAL, LP",1,FY2024_Q4
CROWLEY MARITIME CORPORATION,1,FY2024_Q4
XCELTECH INC,1,FY2024_Q4
MASTERCUT TOOL CORP,1,FY2024_Q4
"GVK ASSOCIATES, INC.",1,FY2024_Q4
KINDEVA DRUG DELIVERY,1,FY2024_Q4
ERP LOGIC LLC,1,FY2024_Q4
GENESIS CORP,1,FY2024_Q4
ELITE EXCEED LLC,1,FY2024_Q4
GLOBAL WIRELESS SOLUTIONS,1,FY2024_Q4
COALFIRE SYSTEMS,1,FY2024_Q4
GLOW NETWORKS INC.,1,FY2024_Q4
HARDY DIAGNOSTICS,1,FY2024_Q4
"HEXAR IT SOLUTIONS, INC.",1,FY2024_Q4
LMB MORTGAGE SERVICES INC,1,FY2024_Q4
FARMERS NEW WORLD LIFE INSURANCE CO,1,FY2024_Q4
MHK TECH INC,1,FY2024_Q4
CONNECTICUT CONFERENCE OF MUNICIPALITIES,1,FY2024_Q4
LATHIA INVESTMENTS LLC,1,FY2024_Q4
"GUADALUPE VALLEY TELEPHONE COOPERATIVE, INC.",1,FY2024_Q4
"FIRST DATABANK, INC.",1,FY2024_Q4
DOLLAR GENERAL CORPORATION,1,FY2024_Q4
INTELLISURVEY INC.,1,FY2024_Q4
MICROINFO IT INC,1,FY2024_Q4
"HAPPIEST BABY, INC.",1,FY2024_Q4
"ENTERGY SERVICES, LLC",1,FY2024_Q4
GINKGO BIOWORKS,1,FY2024_Q4
"EXPERIAN HEALTH, INC",1,FY2024_Q4
CAREERBUILDER,1,FY2024_Q4
"J. BECKER SOLUTIONS, INC.",1,FY2024_Q4
DEEPMIRROR INC. DBA GAME INDUSTRY,1,FY2024_Q4
"ATMO, INC.",1,FY2024_Q4
ID INSIGHT INC,1,FY2024_Q4
"ROSHI TECH, INC",1,FY2024_Q4
FREEDOM SOLUTIONS GROUP LLC DBA LITERA,1,FY2024_Q4
"JAGO LINK, INC",1,FY2024_Q4
LAZBOY INCORPORATED,1,FY2024_Q4
FIRSTUP INC,1,FY2024_Q4
HLW INTERNATIONAL LLP,1,FY2024_Q4
"GLOBAL EXPERIENCE SPECIALISTS, INC.",1,FY2024_Q4
"NETWORK MEDICAL MANAGEMENT, INC.",1,FY2024_Q4
"GARUDA LABS, INC.",1,FY2024_Q4
HRK SOLUTIONS LLC,1,FY2024_Q4
"LUCIDUS SOLUTIONS, LLC",1,FY2024_Q4
JACKSON NATIONAL LIFE INSURANCE COMPANY,1,FY2024_Q4
"CERBY, INC.",1,FY2024_Q4
"ENROLLMENT RX, LLC",1,FY2024_Q4
GENTIS SOLUTIONS LLC,1,FY2024_Q4
"GLOBAL TRAFFIC TECHNOLOGIES, LLC",1,FY2024_Q4
ENGEO INCORPORATED,1,FY2024_Q4
"STARR INSURANCE HOLDINGS, INC.",1,FY2024_Q4
HERZOG CONTRACTING CORP.,1,FY2024_Q4
"STATMINDS, LLC",1,FY2024_Q4
"HMC GROUP, INC. DBA HMC ARCHITECTS",1,FY2024_Q4
"HONGJOO KIM LANDSCAPE ARCHITECTS, INC.",1,FY2024_Q4
CIRRUS DESIGN CORPORATION,1,FY2024_Q4
ST. JUDE MEDICAL BUSINESS SERVICES INC.,1,FY2024_Q4
"LILAC SOLUTIONS, INC.",1,FY2024_Q4
KUNJ CONSTRUCTION CORPORATION,1,FY2024_Q4
ENGINEERING ALLIANCE INC,1,FY2024_Q4
IJZ ASSOCIATES INC.,1,FY2024_Q4
HEVO INC.,1,FY2024_Q4
LEED ELECTRIC INC,1,FY2024_Q4
MASS. ELECTRIC CONSTRUCION CO.,1,FY2024_Q4
"HYPRES, INC.",1,FY2024_Q4
"CATALYST OILFIELD SERVICES 2016, LLC",1,FY2024_Q4
"AUTONEUM NORTH AMERICA, INC.",1,FY2024_Q4
CIGNUS SOLUTIONS LLC,1,FY2024_Q4
"ROHM AND HAAS ELECTRONIC MATERIALS, LLC",1,FY2024_Q4
TMEIC INTERNATIONAL CORPORATION,1,FY2024_Q4
ENVIRO SYSTEMS,1,FY2024_Q4
"P3 USA, INC.",1,FY2024_Q4
JCB INC,1,FY2024_Q4
"RA ENGINEERING SOLUTIONS, INC.",1,FY2024_Q4
HIWIN CORPORATION,1,FY2024_Q4
GALLAGHERKAISER CORP.,1,FY2024_Q4
ZORDI INC,1,FY2024_Q4
CHAMPIONX RESOURCES INC.,1,FY2024_Q4
HERAEUS QUARTZ NORTH AMERICA LLC,1,FY2024_Q4
HOUSTON ADVANCED RESEARCH CENTER,1,FY2024_Q4
GOOD EARTHKEEPING ORGANIZATION INC,1,FY2024_Q4
FEDERAL RESERVE BANK OF CLEVELAND,1,FY2024_Q4
"ENTEREY, INC",1,FY2024_Q4
"ELLISON INSTITUTE, LLC",1,FY2024_Q4
MCCANN FITZGERLAD NORTH AMERICA LP,1,FY2024_Q4
FRANKFURT KURNIT KLEIN  SELZ PC,1,FY2024_Q4
"EXELA ENTERPRISE SOLUTIONS, INC.",1,FY2024_Q4
FRESHFIELDS BRUCKHAUS DERINGER US LLP,1,FY2024_Q4
"LIRA BRAVO LAW, PLLC",1,FY2024_Q4
MILWAUKEE SCHOOL OF ENGINEERING,1,FY2024_Q4
HARVEY MUDD COLLEGE,1,FY2024_Q4
DAVINCI ACADEMY OF ARTS AND SCIENCE,1,FY2024_Q4
ITV STUDIOS INC,1,FY2024_Q4
"EMPIRE STATE YOUTH ORCHESTRA, INC.",1,FY2024_Q4
SOUTHERN METHODIST UNIVERSITY,1,FY2024_Q4
BLACK HILLS STATE UNIVERSITY,1,FY2024_Q4
"LUCKY DAY ENTERTAINMENT, INC.",1,FY2024_Q4
"CITIZENS OF HUMANITY, LLC",1,FY2024_Q4
K TOO,1,FY2024_Q4
"IRIDECO LLC, DBA HARVEST",1,FY2024_Q4
"GYMNASTICS ACADEMY OF ATLANTA, INC.",1,FY2024_Q4
GAYLE K. TURK,1,FY2024_Q4
"EVENTS7DAYS,INC",1,FY2024_Q4
DEPASQUALE SALON SYSTEMS INC.,1,FY2024_Q4
"MD ACOUSTICS, LLC",1,FY2024_Q4
KATAHDIN VALLEY HEALTH CENTER,1,FY2024_Q4
MARY RUTAN HOSPITAL,1,FY2024_Q4
"AU MEDICAL CENTER, INC.",1,FY2024_Q4
CHEYENNE CO HOSPITAL ASSOC DBA SIDNEY REGIONAL MED,1,FY2024_Q4
CARE WITH LOVE,1,FY2024_Q4
"JAMES N. ONG, DMD PA",1,FY2024_Q4
GATEWAY FOOD LLC,1,FY2024_Q4
"GOLD OCEAN INTERNATIONAL, INC.",1,FY2024_Q4
"SAN BRUNO IHAW IHAW, INC.",1,FY2024_Q4
HBC TEXAN LLC,1,FY2024_Q4
JANESITA  DAVIN LLC,1,FY2024_Q4
JBK WILSHIRE CORP.,1,FY2024_Q4
GOUVEIA MOTA SERVICES LLC,1,FY2024_Q4
"LUTFIS INTERNA. HAIR DESIGN, INC",1,FY2024_Q4
"KAJU HAIR.COM, INC.",1,FY2024_Q4
THEODORE M COHEN,1,FY2024_Q4
CAROLINA CAMPANA,1,FY2024_Q4
BURLINGAME MONTESSORI SCHOOL INC.,1,FY2024_Q4
JOEL BECKCOON,1,FY2024_Q4
JONATHAN B GOETZ,1,FY2024_Q4
DENNIS COYLE,1,FY2024_Q4
JOSE BENITO PASTORA,1,FY2024_Q4
JACKS GROCERY INC.,1,FY2024_Q4
"LA PLACITA MEAT  PRODUCE, INC",1,FY2024_Q4
EXPRESSWAY GAS  MARKET INC,1,FY2024_Q4
MFK MOBILELINK AUSTIN LLC,1,FY2024_Q4
"PARKER TRUTEC, INCORPORATED",1,FY2024_Q4
KOKY BEAUTY SUPPLY LLC,1,FY2024_Q4
ESSENCE NY INC,1,FY2024_Q4
HORNADY MANUFACTURING,1,FY2024_Q4
LAW OFFICE OF FARHAD SETHNA,1,FY2024_Q4
FULL POT INTERNATIONAL CORP,1,FY2024_Q4
GOLD STAR AMUSEMENTS,1,FY2024_Q4
STAR WAY LINES,1,FY2024_Q4
UNIQUALITY INC,1,FY2024_Q4
B.C.S. INTERNATIONAL CORPORATION,1,FY2024_Q4
JAVED I. SAQIB MD,1,FY2024_Q4
HENRY LEE CAMEJO LLC,1,FY2024_Q4
CORAL REEF GROUP LLC,1,FY2024_Q4
EPIC DRIVING SCHOOL LLC,1,FY2024_Q4
"JAY PROCTER FAMS, INC",1,FY2024_Q4
R  G PRODUCE LLC,1,FY2024_Q4
RDR FLOORING SERVICES LLC,1,FY2024_Q4
HERMES GLOBAL LOGISTICS CORPORATION,1,FY2024_Q4
HEARN FARMS INC,1,FY2024_Q4
"ENFLUEURAGE,INC.",1,FY2024_Q4
GS PROSTHODONTICS PLLC,1,FY2024_Q4
MGL LIMO WORLDWIDE LLC,1,FY2024_Q4
"DIVINE WOMEN OF VIRTUEDWV TRUCKING SERVICE, LLC",1,FY2024_Q4
CORO IMPORT AND EXPORT INC,1,FY2024_Q4
"BYTESPEED, LLC",1,FY2024_Q4
BUZZER TECHNOLOGIES INC.,1,FY2024_Q4
COREL INC.,1,FY2024_Q4
ALIGNED AUTOMATION LLC,1,FY2024_Q4
BELDEN INC.,1,FY2024_Q4
"ALVAREZ  MARSAL PEPI GROUP, LLC",1,FY2024_Q4
"ATHENS RESORT DEVELOPMENT COMPANY, LLC",1,FY2024_Q4
DIFACTO ROBOTICS AMERICA LLC,1,FY2024_Q4
FACTORIAL INC.,1,FY2024_Q4
ATLAS RENEWABLE ENERGY,1,FY2024_Q4
"ALL FOR J, LLC",1,FY2024_Q4
BEST 98 LLC,1,FY2024_Q4
BOWLING GREEN METALFORMING,1,FY2024_Q4
DIASPORA LAW LLC,1,FY2024_Q4
AUGMENTED REALITY CONCEPTS INC,1,FY2024_Q4
BR INDUSTRIAL AUTOMATION CORPORATION,1,FY2024_Q4
AST DRY RESTORATION CORP,1,FY2024_Q4
INTELLIPRO GROUP INC.,1,FY2024_Q4
AETION INC.,1,FY2024_Q4
EU INTERNATIONAL LLC,1,FY2024_Q4
BLUEFIN CONSULTING GROUP,1,FY2024_Q4
INTERCONTINENTAL PHARMA INC.,1,FY2024_Q4
C LAND REALTY CO,1,FY2024_Q4
EWE GROUP INC.,1,FY2024_Q4
"CONTINUUS PHARMACEUTICALS, INC.",1,FY2024_Q4
ASY TRADING DEVELOPMENT LLC,1,FY2024_Q4
EQUITY 462 LLC,1,FY2024_Q4
GREAT MOTORS AUTO SALES CORP,1,FY2024_Q4
"FRANKLIN ELECTRIC CO., INC.",1,FY2024_Q4
"BT SYSTEMS,LLC",1,FY2024_Q4
C  C PRODUCTIONS AND SERVICES LLC,1,FY2024_Q4
CIRLCE K STORES INC,1,FY2024_Q4
B  B BLAIRS FERRY LLC,1,FY2024_Q4
COOPERCOMPANIES,1,FY2024_Q4
C.J. MAINTENANCE INC.,1,FY2024_Q4
EUGENE SMITH ASSOCIATES INC.,1,FY2024_Q4
EVEREST EB5 CAPITAL LLC,1,FY2024_Q4
ERP STEP LLC,1,FY2024_Q4
GRUPO INTER EXPORTACION 1996 LLC,1,FY2024_Q4
ALTON AVIATION CONSULTANCY LLC,1,FY2024_Q4
FRESH INTERNATIONAL SCHAUMBURG,1,FY2024_Q4
"BRANDYWINE GROUP ADVISORS, INC",1,FY2024_Q4
"CREDIT SUISSE AG, NEW YORK BRANCH",1,FY2024_Q4
EUROAMERICAN GROUP INC.,1,FY2024_Q4
"EVERSAFE INSURANCE AGENCY, INC.",1,FY2024_Q4
ETAK WORLDWIDE CORPORATION,1,FY2024_Q4
"DELAWARE NORTH AMERICA, LLC",1,FY2024_Q4
"EVENTURES WORLDWIDE, LLC",1,FY2024_Q4
EVEREST GLOBAL SOLUTIONS INC,1,FY2024_Q4
GSS INFOTECH CT INC,1,FY2024_Q4
GREENE PHARMA LLC,1,FY2024_Q4
AVANI TECHNOLOGY SOLUTIONS INC.,1,FY2024_Q4
ETAS INC,1,FY2024_Q4
"AUTO TECHLABS, INC",1,FY2024_Q4
"CLASSDOJO, INC.",1,FY2024_Q4
"COX ENTERPRISES, INC.",1,FY2024_Q4
"CIOX HEALTH, LLC",1,FY2024_Q4
FRESH DIRECT,1,FY2024_Q4
DENOVO DIGITAL,1,FY2024_Q4
AURORA SOLAR INC,1,FY2024_Q4
BYTE FEDERAL INC,1,FY2024_Q4
"COVER GENIUS US EMPLOYEE SERVICES, LLC",1,FY2024_Q4
CLEVER INC,1,FY2024_Q4
ASTIR TECHNOLOGIES LLC,1,FY2024_Q4
CALIFORNIA PHYSICIANS SERVICE,1,FY2024_Q4
FOCALTECH SYSTEM INC,1,FY2024_Q4
AYITC LLC,1,FY2024_Q4
"CLEARBLADE, INC",1,FY2024_Q4
C2IMAGING LLC,1,FY2024_Q4
CABOT CORPORATION,1,FY2024_Q4
"BROWN REYNOLDS WATFORD ARCHITECTS, INC. DBA BRW AR",1,FY2024_Q4
"GULF STATES ENGINEERING, INC.",1,FY2024_Q4
EME CONSULTING ENGINEERING GROUP LLC,1,FY2024_Q4
"AMERICAN HOFMANN, CORP.",1,FY2024_Q4
BERRY FILM PRODUCTS COMPANY INC.,1,FY2024_Q4
"ATHENICA ENVIRONMENTAL SERVICES, INC.",1,FY2024_Q4
GREAT LAKES PRECISION TUBE,1,FY2024_Q4
"BOLTON MEDICAL, INC",1,FY2024_Q4
AXIUM PACKAGING LLC,1,FY2024_Q4
"EVALVE, INC.",1,FY2024_Q4
DEKOMTE DE TEMPLE LLC,1,FY2024_Q4
"DMY CAPITOL, LLC",1,FY2024_Q4
"CJ TECH, INC.",1,FY2024_Q4
"ASPEN SURGICAL PRODUCTS, INC.",1,FY2024_Q4
"INTERNATIONAL PARKING DESIGN, INC.",1,FY2024_Q4
"FORENSIC TRAUMA CONSULTANTS, INC",1,FY2024_Q4
ELEVATEBIO TECHNOLOGIES INC.,1,FY2024_Q4
ATL EXPRESS INC,1,FY2024_Q4
EVERGREEN CENTER,1,FY2024_Q4
CALIFORNIA TRINITY SCHOOL OF BUSINESS,1,FY2024_Q4
HADDAD LAW FIRM PLC,1,FY2024_Q4
BOARD OF REGENTS NEVADA SYSTEM OF HIGHER EDUCATION,1,FY2024_Q4
DEPAUW UNIVERSITY,1,FY2024_Q4
DOBSON ACADEMY,1,FY2024_Q4
"ELITE FENCERS CLUB, INC",1,FY2024_Q4
ASPIRE GYMNASTICS ACADEMY,1,FY2024_Q4
BTWEEN INC,1,FY2024_Q4
BB ITALIA USA INC,1,FY2024_Q4
ATMOSPHERE CREATIONS INC.,1,FY2024_Q4
ATLEE GLEATON EYE CARE,1,FY2024_Q4
BVR INC,1,FY2024_Q4
AUBREYS VILLAS INC,1,FY2024_Q4
EVERGREEN LIVING HOME. INC,1,FY2024_Q4
ELITE DENTAL GROUP LAKEWOOD INC,1,FY2024_Q4
THE PATIO RESTAURANT AND LOUNGE INC. DBA THE GRILL HOUSE,1,FY2024_Q4
BORTI HOSPITALITY LLC,1,FY2024_Q4
"BROMACO, INC. DBA AURORA BROOKLYN",1,FY2024_Q4
"BEAUTEMPS, INC. TA MOMOKAWA",1,FY2024_Q4
"EURO NAILS SPA, INC.",1,FY2024_Q4
"BULLCO, LLC",1,FY2024_Q4
"BV TILE  STONE, INC.",1,FY2024_Q4
GRADIANT CORPORATION,1,FY2024_Q4
BOLGER LLC,1,FY2024_Q4
EQUITY PARTNERS LTD,1,FY2024_Q4
BLUESKYUSA CORPORTATION,1,FY2024_Q4
"BUNGE LATIN AMERICA, LLC",1,FY2024_Q4
ELITE MERCHANT DATA INC,1,FY2024_Q4
"INTERNATIONAL TITLE  ESCROW, INC.",1,FY2024_Q4
DECORACIONES GLOBOS LLC,1,FY2024_Q4
"GREEN MOUNTAIN FORESTRY, LLC",1,FY2024_Q4
"BA CANE, INC.",1,FY2024_Q4
"EQUUS RUN VINEYARDS, LLC",1,FY2024_Q4
"EQUINE INTERNAL MEDICINE CONSULTING, PLLC",1,FY2024_Q4
"BUILDSENSE, INC.",1,FY2024_Q4
"EVERIC ENTERPRISES, INC.",1,FY2024_Q4
GREGORY M BROWN PAINTING INC.,1,FY2024_Q4
FABRICIO PAINTING INC.,1,FY2024_Q4
AZEKE PAINTING INC.,1,FY2024_Q4
"DIMANO, INC.",1,FY2024_Q4
"BROWNS CREEK FARMS, INC.",1,FY2024_Q4
CONGREGATION MESIFTA BETH SHRAGA,1,FY2024_Q4
GUZMAN BROTHERS LLC,1,FY2024_Q4
"ESPINOZA TRUCKING, INC.",1,FY2024_Q4
"DL GEORGE  SONS TRANSPORTATION, INC.",1,FY2024_Q4
INTERCOM GROUP INC,1,FY2024_Q4
"CROWLEY GOVERNMENT SERVICES, INC.",1,FY2024_Q4
"ADVANCED PLASTICS, INC.",1,FY2024_Q4
AMCOR FLEXIBLES LLC,1,FY2024_Q4
"EXPENSIFY, INC.",1,FY2024_Q4
CUMMINS FILTRATION INC.,1,FY2024_Q4
INTERTAPE POLYMER CORP.,1,FY2024_Q4
BKCHOI INC.,1,FY2024_Q4
"DR VIE EN FAMILLE, INC.",1,FY2024_Q4
"INUS HOME USA, INC.",1,FY2024_Q4
CSG AUTOMATION LLC,1,FY2024_Q4
DIVINE CARE HOME HEALTH SERVICES INC.,1,FY2024_Q4
ENDRESSHAUSER USA AUTOMATION INSTRUMENTATION INC,1,FY2024_Q4
"INV NYLON CHEMICALS AMERICAS, LLC",1,FY2024_Q4
AMERICA SMART TIRE INC,1,FY2024_Q4
IPSEC SYSTEMS LLC,1,FY2024_Q4
DAKOTA SUPPLIERS LLC,1,FY2024_Q4
AMERICA KORYO INC,1,FY2024_Q4
"DAEHAN SOLUTION GEORGIA, LLC",1,FY2024_Q4
"AME BUILDERS, INC.",1,FY2024_Q4
DIGITAL RIVER,1,FY2024_Q4
IOTTIE INC.,1,FY2024_Q4
"CHANNEL VANTAGE, INC.",1,FY2024_Q4
"CRST EXPEDITED, INC.",1,FY2024_Q4
"FARMASI US, LLC",1,FY2024_Q4
DHL EXPRESS USA,1,FY2024_Q4
GUSTAVO SALAS DDS MS PLLC,1,FY2024_Q4
"FAIRWINDS PROPERTIES, INC",1,FY2024_Q4
"FAMIS, INC",1,FY2024_Q4
"CREEKSIDE BUSINESS CENTER, LLC",1,FY2024_Q4
"DLVJ, LLP",1,FY2024_Q4
EXCELSIOR ENERGY CAPITAL LP,1,FY2024_Q4
"G. S. Y. PROFESSIONAL SERVICES, INC.",1,FY2024_Q4
"ENMARK SYSTEMS, INC",1,FY2024_Q4
"GAMESTOP, INC.",1,FY2024_Q4
ITALLIANZ INC,1,FY2024_Q4
"DAMAN ASSOCIATES, INC.",1,FY2024_Q4
CYBERTEK LLC,1,FY2024_Q4
D COSTA ENTERPRISES LLC,1,FY2024_Q4
EPISCOPAL COMMUNITY SERVICES,1,FY2024_Q4
"ENGAGE ANALYTICS, LLC",1,FY2024_Q4
DCUBE SOLUTIONS INC,1,FY2024_Q4
DATA AXLE INC,1,FY2024_Q4
"DATAFACTZ, LLC",1,FY2024_Q4
"IMMERSA, INC.",1,FY2024_Q4
DATALYSYS LLC,1,FY2024_Q4
FLEXTON INC.,1,FY2024_Q4
FERMAT COMMERCE INC,1,FY2024_Q4
"ICF NEXT, INC.",1,FY2024_Q4
"DAYLIGHTRX, INC",1,FY2024_Q4
"CSI IT, LLC",1,FY2024_Q4
INVENCES INC.,1,FY2024_Q4
"ENTERNET BUSINESS SYSTEMS, INC.",1,FY2024_Q4
INNOVATIS TECHNOLOGIES INC.,1,FY2024_Q4
"ICF MACRO, INC.",1,FY2024_Q4
IPBUILDERS LLC,1,FY2024_Q4
DEFINITIVE HEALTHCARE LLC,1,FY2024_Q4
HORIZON MEDICINES LLC,1,FY2024_Q4
"CUREMETRIX, INC.",1,FY2024_Q4
HEALTH ADVANCES,1,FY2024_Q4
GLOBEX CORPORATION,1,FY2024_Q4
DKS ASSOCIATES,1,FY2024_Q4
"INV PERFORMANCE SURFACES, LLC.",1,FY2024_Q4
GAMMA SCIENTIFIC INC,1,FY2024_Q4
"ENERGY AND ENVIRONMENTAL ECONOMICS, INC",1,FY2024_Q4
CTR AMERICA,1,FY2024_Q4
"CREE LED, INC.",1,FY2024_Q4
EMERSON PROCESS MANAGEMENT POWER  WATER SOLUTIONS,1,FY2024_Q4
DAIFUKU AMERICA CORPORATION,1,FY2024_Q4
AMANDA MANUFACTURING LLC,1,FY2024_Q4
"ENGEL MACHINERY, INC.",1,FY2024_Q4
"EXCEL DENTAL SOLUTIONS, INC.",1,FY2024_Q4
FREEDOM ROBOTICS INC.,1,FY2024_Q4
CRIS SOLUTIONS,1,FY2024_Q4
AMERICAN RENOLIT CORPORATION LA,1,FY2024_Q4
"CHEMTEX ENVIRONMENTAL LABORATORY INC.,",1,FY2024_Q4
FXCOLLABORATIVE ARCHITECTS LLP,1,FY2024_Q4
"CELERION, INC.",1,FY2024_Q4
"CARGO GATE INTERNATIONAL, INC.",1,FY2024_Q4
"FAMILY SOLUTIONS, INC.",1,FY2024_Q4
DAY PITNEY LLP,1,FY2024_Q4
DANNY GRACE PLLC,1,FY2024_Q4
"CSU, BAKERSFIELD",1,FY2024_Q4
EASTERN KENTUCKY UNIVERSITY,1,FY2024_Q4
CATHEDRAL TRUSTEES INC,1,FY2024_Q4
CV RESTAURANT GROUP LLC,1,FY2024_Q4
"COX, MATTHEWS  ASSOCIATES, INC",1,FY2024_Q4
EMP HOME INSPECTIONS INC,1,FY2024_Q4
EXCEL DENTAL INCORPORATED,1,FY2024_Q4
DANIEL PHARMACY,1,FY2024_Q4
"EXPRESS PHARMACY, INC",1,FY2024_Q4
DND PHARMACY INC,1,FY2024_Q4
FAITH REGIONAL PHYSICIAN SERVICES,1,FY2024_Q4
CENTRAL IOWA HOSPITAL CORPORATION,1,FY2024_Q4
CRONIMET CORPORATION,1,FY2024_Q4
HELEN J DICHOSO,1,FY2024_Q4
CURRY PLACE THREE LLC,1,FY2024_Q4
INVESTMENTS PH LLC,1,FY2024_Q4
DC BOBA LLC,1,FY2024_Q4
"DAWA MD, INC.",1,FY2024_Q4
"GALBI BROTHERS, INC.",1,FY2024_Q4
FAMILY PIZZA ENTERPRISES INC,1,FY2024_Q4
GANAPATI BABA INC,1,FY2024_Q4
DAVID RIVKIND LANDSCAPING LLC,1,FY2024_Q4
"FAIR HILL EQUINE THERAPY CENTER, LLC",1,FY2024_Q4
DECEMBER SALON DBA SCISSOR HANDS,1,FY2024_Q4
DEMIRKIRAN IMPORTS LLC,1,FY2024_Q4
DAVID TISCHFIELD,1,FY2024_Q4
GROWING PLACE ACADEMY CORP,1,FY2024_Q4
DANIEL GOLDFARB,1,FY2024_Q4
EMILY C VALENTA,1,FY2024_Q4
FATHER  DAUGHTER LLC,1,FY2024_Q4
"EOE, LLC DBA DSK USA",1,FY2024_Q4
DESIGNERS MARK INC,1,FY2024_Q4
INTUILAB INC.,1,FY2024_Q4
DIAZ REUS  TARG LLP,1,FY2024_Q4
FULL SPECTRUM BEHAVIOR ANALYSIS LLC,1,FY2024_Q4
"D  A PROFESSIONAL SERVICES, INC.",1,FY2024_Q4
"FASHION FRANKIE, INC.",1,FY2024_Q4
EXECUTIVE MARKETING GROUP INC.,1,FY2024_Q4
FALCON TIRE CENTER INC.,1,FY2024_Q4
ENVISCO CO.,1,FY2024_Q4
D.E.M DBA SWITCH AND BOARD PODCAST STUDIO,1,FY2024_Q4
FANTASYBUY INC,1,FY2024_Q4
"INVERSIONES OKAR, LLC.",1,FY2024_Q4
"DISCOVERY SCHOOL, LLC",1,FY2024_Q4
DETAIL CONCRETE LLC,1,FY2024_Q4
DE HARO AND CASTANON EXCAVATING,1,FY2024_Q4
FRANKS AUTO SERVICE LLC,1,FY2024_Q4
DC ORGANIC FARM LLC,1,FY2024_Q4
CRISTINEANTHONY CORP. DBA BRIDAL REFLECTIONS,1,FY2024_Q4
DAVES DEPOT INCORPORATED,1,FY2024_Q4
DIVERSIFICATION INC. DBA WORKPOINTE,1,FY2024_Q4
"HYUNDAI LC USA, LLC",1,FY2024_Q4
CARRIER CORPORATION,1,FY2024_Q4
"GOTHAM DIGITAL SCIENCE, LLC",1,FY2024_Q4
"HOLLAND GREENHOUSES, INC.",1,FY2024_Q4
AVENUE CONTRACTING INC,1,FY2024_Q4
HILCORP ALASKA,1,FY2024_Q4
ISLAND FEVER LLC,1,FY2024_Q4
GOKUL CORPORATION,1,FY2024_Q4
GOLD QUEST GROUP. LLC,1,FY2024_Q4
HWASHIN AMERICA CORPORATION,1,FY2024_Q4
"JA LOGISTICS, INC",1,FY2024_Q4
HITACHI CONSTRUCTION MACHINERY AMERICAS INC.,1,FY2024_Q4
HRGM CORPORATION,1,FY2024_Q4
"HOOLI HOMES BOSTON, INC.",1,FY2024_Q4
JAYSAN CONTRACTING,1,FY2024_Q4
"HELIX ELECTRIC, INC.",1,FY2024_Q4
AMERICAN MEIZHOU DONGPO IRVINE INC,1,FY2024_Q4
HIGHFIVE DRINKS INC. DBA HIGH FIVE ENTERPRISES,1,FY2024_Q4
"CARVANA LOGISTICS, LLC",1,FY2024_Q4
GATOR FEED CO INC,1,FY2024_Q4
AMERICAN CANCER SOCIETY,1,FY2024_Q4
BISTA SOLUTIONS INC,1,FY2024_Q4
"MASCOT INTERNATIONAL LOGISTICS, INC.",1,FY2024_Q4
HISTEEL PIPE  TUBE INC,1,FY2024_Q4
AVANT HEALTHCARE PROFESSIONALS,1,FY2024_Q4
COPY P. INC.,1,FY2024_Q4
FRENCH VILLA,1,FY2024_Q4
ISTUETA ROOFING,1,FY2024_Q4
HF MANAGEMENT USA LLC,1,FY2024_Q4
HAUSER JONES  SAS,1,FY2024_Q4
CARECAM INTERNATIONAL INC.,1,FY2024_Q4
CAROPRESE  COMPANY,1,FY2024_Q4
"BBG, INC.",1,FY2024_Q4
JC MASTER NIU,1,FY2024_Q4
"AS EXPRESS, LLC",1,FY2024_Q4
CHINATEX ORIENTAL U.S.A. INC.,1,FY2024_Q4
"COALESCENCE PARTNERS INVESTMENT MANAGEMENT II, LLC",1,FY2024_Q4
"HFR, INC.",1,FY2024_Q4
HILLTOP SECURITIES INC.,1,FY2024_Q4
"JBA INTERNATIONAL, LLC",1,FY2024_Q4
"HEXAD SOLUTIONS GROUP, LLC",1,FY2024_Q4
"I360 HOLDINGS, LLC",1,FY2024_Q4
"HEALTH SERVICES, LLC",1,FY2024_Q4
"AUTOMATED MAILING, INC",1,FY2024_Q4
CLOUD NINE TECHNOLOGIES INC.,1,FY2024_Q4
"MARKETING PARTNER SERVICES, LLC",1,FY2024_Q4
"CREDERA ENTERPRISES COMPANY, LLC",1,FY2024_Q4
"AMERICAN WATER WORKS SERVICE COMPANY, INC.",1,FY2024_Q4
"CPPIB AMERICA, INC.",1,FY2024_Q4
AMERICAN COLLEGE OF RADIOLOGY,1,FY2024_Q4
FEDERAL HOME LOAN BANK OF DES MOINES,1,FY2024_Q4
"CRUNCHY DATA SOLUTIONS, INC.",1,FY2024_Q4
"ELECTION SYSTEM  SOFTWARE, INC.",1,FY2024_Q4
"JAGGAER, LLC",1,FY2024_Q4
"INTERNATIONAL INTEGRATED SOLUTIONS, LTD",1,FY2024_Q4
"INTERSCRIPTS, INC",1,FY2024_Q4
CARMAX ENTERPRISE SERVICES LLC,1,FY2024_Q4
"HENDRICKSON USA, LLC",1,FY2024_Q4
GOOD MANAGER HOLDINGS INC,1,FY2024_Q4
ALLIED BUSINESS INTELLIGENCE INC,1,FY2024_Q4
BIOSTATISTICAL CONSULTING INC,1,FY2024_Q4
CHARTBEAT INC.,1,FY2024_Q4
"HAP TRADING, LLC",1,FY2024_Q4
JAMES DOYLE DESIGN ASSOCIATES,1,FY2024_Q4
GREENWORKS PC,1,FY2024_Q4
INCEDO INC,1,FY2024_Q4
"BIOMED SERVICES, INC.",1,FY2024_Q4
"ISTHMUS ENGINEERING, INC",1,FY2024_Q4
HVJ SOUTH CENTRAL TEXAS  MJ INC,1,FY2024_Q4
"AUDIOCODES, INC.",1,FY2024_Q4
INDOMIM INC.,1,FY2024_Q4
ELLUME USA LLC,1,FY2024_Q4
HICAP ALTA LLC,1,FY2024_Q4
"AFFILIATED ENGINEERS METRO DC, INC.",1,FY2024_Q4
HUSSMANN CORPORATION,1,FY2024_Q4
INFOTREE GLOBAL SOLUTIONS CORP,1,FY2024_Q4
HUMANSCALE,1,FY2024_Q4
JC FORD,1,FY2024_Q4
COSTRAK CONSULTING LLC,1,FY2024_Q4
HAUTELOOM LLC,1,FY2024_Q4
HYZON MOTORS,1,FY2024_Q4
IAV AUTOMOTIVE ENGINEERING INC,1,FY2024_Q4
"J.F. SHEA CONSTRUCTION, INC.",1,FY2024_Q4
FIREFLY DIMENSION INC,1,FY2024_Q4
COAX TECHNOLOGY,1,FY2024_Q4
COVALENT METROLOGY SERVICES INC.,1,FY2024_Q4
CASTLE CONSTRUCTION LLC,1,FY2024_Q4
CARL MASSARA AND ASSOCIATES,1,FY2024_Q4
HYDRIL COMPANY,1,FY2024_Q4
"CHRISTENSEN FARMS  FEEDLOTS, INC.",1,FY2024_Q4
"FERTILE GROUND, LLC",1,FY2024_Q4
"IGM BIOSCIENCES, INC.",1,FY2024_Q4
CENTRAL VALLEY SPECIALTY HOSPITAL,1,FY2024_Q4
"HUMANWELL PHARMACEUTICAL US, INC.",1,FY2024_Q4
CREALYSTUS,1,FY2024_Q4
IBN SINA FOUNDATION,1,FY2024_Q4
AMERICAN PUBLIC HEALTH ASSOCIATION,1,FY2024_Q4
"CAPLIN  DRYSDALE, CHARTERED",1,FY2024_Q4
HOBART AND WILLIAM SMITH COLLEGES,1,FY2024_Q4
"GAROU, INC.",1,FY2024_Q4
HBPO,1,FY2024_Q4
"CURRENT AIR CLOTHING, INC.",1,FY2024_Q4
COTTONFRIENDS INC.,1,FY2024_Q4
AMERICAN CHEMICAL SOCIETY,1,FY2024_Q4
HERESAY LLC,1,FY2024_Q4
"BIOPHARMA INFORMATIC, INC.",1,FY2024_Q4
"CAMERA CAR SYSTEMS, INC. DBA FILMOTECHNIC USA",1,FY2024_Q4
AZAD DENTAL CORPORATION,1,FY2024_Q4
HOOVER PHARMACY LLC,1,FY2024_Q4
HAYS MEDICAL CENTER,1,FY2024_Q4
"FRANCISCAN MISSIONARIES OF OUR LADY HEALTH SYSTEM,",1,FY2024_Q4
HARTFORD HOSPITAL,1,FY2024_Q4
JAGUAR RESTAURANT GROUP LLC,1,FY2024_Q4
"FOOD INDUSTRIES INTERNATIONAL, INC.",1,FY2024_Q4
"HEALTHY EATS, LLC",1,FY2024_Q4
CRAIG WILLIAM MEYN HOUSEHOLD,1,FY2024_Q4
HAMZA ASLAM,1,FY2024_Q4
CEDAR RIDGE LANDSCAPING INC,1,FY2024_Q4
JAY SUNNY BAJAJ,1,FY2024_Q4
JAMES TSUYOSHI NAGAO,1,FY2024_Q4
HAIR CAFFE INC,1,FY2024_Q4
JASMINE FLORES,1,FY2024_Q4
JARED BOSCHAN,1,FY2024_Q4
BLAIR LACY,1,FY2024_Q4
BLAKE LEVY,1,FY2024_Q4
FIB INC  JIFFY FOODS MARKET AND DELI,1,FY2024_Q4
KERRIDRAE LUXURY CAR SERVICES INC,1,FY2024_Q4
GRAND CLEANERS INC,1,FY2024_Q4
GUL TRADERS,1,FY2024_Q4
CODE PLUS INC.,1,FY2024_Q4
HOME VALUE STORE II LLC,1,FY2024_Q4
JAYS LIMO SERVICE INC.,1,FY2024_Q4
"GULFSTREAM LOGISTICS, INC.",1,FY2024_Q4
CRAFKEN CORPORATION,1,FY2024_Q4
"CARNOVA, LLC",1,FY2024_Q4
"CCP HEALTH AND HOME CARE SERVICES, INC.",1,FY2024_Q4
"AVECTOI, INC.",1,FY2024_Q4
HELPING EVERY ANIMAL WITH LOVE LLC,1,FY2024_Q4
"HEE SOO JEONG, M.D., APMC",1,FY2024_Q4
"CNR INTERNATIONAL, INC.",1,FY2024_Q4
"FRONTIER TUBULAR SOLUTIONS, LLC",1,FY2024_Q4
AUTO WHOLESALERS OF ROCKVILLE INC,1,FY2024_Q4
HOPE HISPANIC ORGANIZATION PROMOTING EDUCATION,1,FY2024_Q4
INNOVATIVE BUILDING SOLUTIONS LLC,1,FY2024_Q4
AZ PAINTING  HOME IMPROVEMENT LLC,1,FY2024_Q4
"HIGHWAY 60 EQUIPMENT  SALES, LLC",1,FY2024_Q4
HOME HELPERS USA LLC,1,FY2024_Q4
BLUE BIRD POOL LEAK DETECTION CORP,1,FY2024_Q4
NALCO COMPANY LLC,1,FY2024_Q4
MARCH CAPITAL MANAGEMENT LLC,1,FY2024_Q4
MTV NETWORKS LATIN AMERICA,1,FY2024_Q4
MASTERPREP ACADEMY,1,FY2024_Q4
CHRONICLED INC.,1,FY2024_Q4
"FLEXITANK, INC",1,FY2024_Q4
"CIC INDUSTRIES, INC.",1,FY2024_Q4
KELLOGG NORTH AMERICA COMPANY,1,FY2024_Q4
"JNK PETROLEUM, INC.",1,FY2024_Q4
NY DEVELOPERS,1,FY2024_Q4
FLORIDA INSTITUTE OF TECHNOLOGY,1,FY2024_Q4
FAVORITE PIZZA BALCH SPRINGS INC,1,FY2024_Q4
LANNA THAI INC.,1,FY2024_Q4
"MOMTAZ FOOD MANAGEMENT, LLC",1,FY2024_Q4
"CGI GAJU, LLC",1,FY2024_Q4
ELC BEAUTY LLC,1,FY2024_Q4
LECHI FOOD CORPORATION,1,FY2024_Q4
JBT CORPORATION,1,FY2024_Q4
FRY PHARMACY LLC,1,FY2024_Q4
CLAIMS SERVICES GROUP,1,FY2024_Q4
IVALUA INC.,1,FY2024_Q4
"MATHESONTRIGAS, INC",1,FY2024_Q4
"EVENTIDE ASSET MANAGEMENT, LLC",1,FY2024_Q4
"FAURECIA EMISSIONS CONTROL SYSTEMS NA, LLC",1,FY2024_Q4
MCF4 SOLUTIONS LLC,1,FY2024_Q4
LEASE CRUTCHER LEWIS WA LLC,1,FY2024_Q4
"CASHCO, INC.",1,FY2024_Q4
"FORELLA GROUP, LLC",1,FY2024_Q4
MARE LOGISTICS LLC,1,FY2024_Q4
"MAXITECH, INC.",1,FY2024_Q4
"CG ELECTRICAL  CONSULTING SERVICES, INC",1,FY2024_Q4
"ACCUWEATHER SALES AND SERVICE, LLC",1,FY2024_Q4
INTEGRAR LLC,1,FY2024_Q4
"HOTEL AND GAMING TRADES COUNCIL, AFLCIO",1,FY2024_Q4
GLOBAL MARKET LLC,1,FY2024_Q4
FFL BRANDS LLC,1,FY2024_Q4
U.S.UKRAINE BUSINESS COUNCIL,1,FY2024_Q4
AMERICAN WATER RESOURCES LLC,1,FY2024_Q4
"CHICAGO ORIENTAL WHOLESALE MARKET, INC.",1,FY2024_Q4
AMERICAN DESIGNERS CORP.,1,FY2024_Q4
ACCORD POWER INC.,1,FY2024_Q4
MORGAN STANLEY BANK NA,1,FY2024_Q4
LENDINGUSA,1,FY2024_Q4
FLOW TRADERS U.S. LLC,1,FY2024_Q4
"LAKE 5 MEDIA, INC.",1,FY2024_Q4
COMPUTER DESIGN  INTEGRATION LLC,1,FY2024_Q4
NEOGEN CORPORATION,1,FY2024_Q4
"LEICA MICROSYSTEMS, INCORPORATED",1,FY2024_Q4
MAXXTRADER SYSTEMS US LLC,1,FY2024_Q4
"INFOGRAVITY, LLC",1,FY2024_Q4
INTELLECT SOLUTIONS LLC,1,FY2024_Q4
INSIGHTSOFTWARE,1,FY2024_Q4
"CHOICE TECH, INC.",1,FY2024_Q4
GLOBAL INVESTMENT AND DEVELOPMENT LLC,1,FY2024_Q4
HEALTHLINK DIMENSIONS LLC,1,FY2024_Q4
TOWN FAIR TIRE CENTERS INC.,1,FY2024_Q4
MASSACHUSETTS GENERAL HOSPITAL,1,FY2024_Q4
IMPELLENT TECHNOLOGIES INC,1,FY2024_Q4
INGERSOLLRAND INDUSTRIAL US INC,1,FY2024_Q4
MSQUARE SYSTEMS INC,1,FY2024_Q4
"MCELROY MANUFACTURING, INC.",1,FY2024_Q4
KYRO4 SOLUTIONS INC. DBA TECHGLOBE INC.,1,FY2024_Q4
IM GLOBAL LLC,1,FY2024_Q4
INTELEARC INC,1,FY2024_Q4
"MASHWORK, INC. DBA CANVS",1,FY2024_Q4
JON BUCK ENTERPRISES LLC,1,FY2024_Q4
"INTEGRAL FEDERAL, INC.",1,FY2024_Q4
"INMOMENT, INC",1,FY2024_Q4
DREAMWORKS ANIMATION LLC,1,FY2024_Q4
"CHATECK,INC",1,FY2024_Q4
CAUSEWAY CAPITAL MANAGEMENT LLC,1,FY2024_Q4
"IMPRIVATA, INC.",1,FY2024_Q4
"AMERICAN SOFTWARE RESOURCES, INC",1,FY2024_Q4
"AWARE, INC.",1,FY2024_Q4
GREEN IT SOLUTIONS INC,1,FY2024_Q4
"FIXIZ, INC.",1,FY2024_Q4
FORMFIRE LLC,1,FY2024_Q4
EICA MANAGEMENT LLC,1,FY2024_Q4
"DOMINION ENERGY SERVICES, INC.",1,FY2024_Q4
AA SOFTWARE  NETWORKING INC.,1,FY2024_Q4
IRONWOOD PHARMACEUTICALS INC.,1,FY2024_Q4
"LEARNINGFUZE, LLC",1,FY2024_Q4
LASAI TECHNOLOGIES LLC DBA DIGITECH LABS,1,FY2024_Q4
HMH HOSPITALS CORPORATION,1,FY2024_Q4
COSTQUEST ASSOCIATES,1,FY2024_Q4
"CME ASSOCIATES, INC.",1,FY2024_Q4
CHIPLETZ INC,1,FY2024_Q4
LATTICE SEMICONDUCTOR CORPORATION,1,FY2024_Q4
MAXITROL COMPANY,1,FY2024_Q4
"INNOPHASE, INC",1,FY2024_Q4
HANWHA Q CELLS USA CORP.,1,FY2024_Q4
"MAXPOWER SEMICONDUCTOR, INC.",1,FY2024_Q4
"INSYDE SOFTWARE, INC.",1,FY2024_Q4
"CEPTON TECHNOLOGIES, INC.",1,FY2024_Q4
FIELD THEORY CONSULTING INC.,1,FY2024_Q4
"MCSS, INC",1,FY2024_Q4
INFOTECH SPECTRUM INC,1,FY2024_Q4
"CELTIC ENGINEERING, INC.",1,FY2024_Q4
"MTU AERO ENGINES NORTH AMERICA, INC.",1,FY2024_Q4
"LEDRA BRANDS, INC",1,FY2024_Q4
LCG CONSULTING,1,FY2024_Q4
"HONDA RESEARCH INSTITUTE USA, INC.",1,FY2024_Q4
A D SABA ENTERPRISES INC,1,FY2024_Q4
TISEKIESTER ARCHITECTS PA,1,FY2024_Q4
"FLAGSHIP LABS 84, INC.",1,FY2024_Q4
LOS ANGELES BIOMEDICAL RESEARCH INSTITUTE AT HUCLA,1,FY2024_Q4
"COMPREHAB, LLC",1,FY2024_Q4
INSTITUTE FOR THE FUTURE,1,FY2024_Q4
FORDHAM UNIVERSITY,1,FY2024_Q4
A BETTER LIFE THERAPY LLC,1,FY2024_Q4
MONTANA STATE UNIVERSITY,1,FY2024_Q4
LAWRENCE UNIVERSITY OF WISCONSIN,1,FY2024_Q4
COMMUNITY DAY NURSERY,1,FY2024_Q4
MATER ACADEMY CHARTER MIDDLEHIGH SCHOOL,1,FY2024_Q4
"INTEGRA BEAUTY, INC.",1,FY2024_Q4
CHRISTOPHER MORLEY TENNIS,1,FY2024_Q4
"MASTERWORD SERVICES, INC.",1,FY2024_Q4
"HONDA KAIHATSU AMERICAS, INC.",1,FY2024_Q4
LAUDERDALE DENTAL LLC,1,FY2024_Q4
"HOSPITALIST MEDICINE PHYSICIANS OF CONNECTICUT, LL",1,FY2024_Q4
CMU HEALTH,1,FY2024_Q4
"JEFFREY FARKAS, M.D., LLC",1,FY2024_Q4
COMMUNITY HEALTHCARE NETWORK,1,FY2024_Q4
EL ELYON PROPERTIES LLC,1,FY2024_Q4
JETTIES INC. DBA THE COMPASS,1,FY2024_Q4
"CMC KS, LLC.",1,FY2024_Q4
CIELITO ARTISAN POPS CORP,1,FY2024_Q4
GUADAGNINI NEWTOWN INC,1,FY2024_Q4
"LA PALMA CN BOWL, INC.",1,FY2024_Q4
SUSHI BADAYA HIGHLAND PARK INC,1,FY2024_Q4
"LA COSTA HEIGHTS, INC",1,FY2024_Q4
"J NAILS  BEAUTY SPA, INC",1,FY2024_Q4
PEARLS NAIL INC,1,FY2024_Q4
JACQUELINE MACHADO PRIVATE HOUSEHOLD,1,FY2024_Q4
THOMAS J. ANDERSON,1,FY2024_Q4
LAUREN MASON,1,FY2024_Q4
FIONA POPAT,1,FY2024_Q4
IMPERIAL VALET SERVICE INC.,1,FY2024_Q4
AAMINA GROUP INC,1,FY2024_Q4
"AAB STYLE, INC.",1,FY2024_Q4
RTECH METALS INC.,1,FY2024_Q4
CENTER FOR INTERVENTIONAL SPINE,1,FY2024_Q4
INVERSIONES USA CR LLC,1,FY2024_Q4
EL SENDERO REAL LLC,1,FY2024_Q4
"ABC PARTY RENTALS, INC.",1,FY2024_Q4
ABID ADIL INVESTMENT INC,1,FY2024_Q4
HOTEL 1868,1,FY2024_Q4
"JESSICAS BRIDAL RUSH, INC.",1,FY2024_Q4
K  L INC,1,FY2024_Q4
MAZZILLI IMPORT  EXPORT LLC,1,FY2024_Q4
FINEST MENSWEAR CORP,1,FY2024_Q4
"ARTFOOD,LLC",1,FY2024_Q4
I.H 1 CONSTRUCTION CORP,1,FY2024_Q4
THEOREM RANCH LLC,1,FY2024_Q4
"CHAPARRAL HONEY, INC.",1,FY2024_Q4
"KELLER NORTH AMERICA, INC",1,FY2024_Q4
MANCON INCORPORATED,1,FY2024_Q4
MECHANICAL ENERGY SOLUTIONS LLC,1,FY2024_Q4
JW READY MIX  CONSTRUCTION INC.,1,FY2024_Q4
THE ZEMAN COMPANY,1,FY2024_Q4
"A PLUS QUALITY CONTRACTORS, CORP.",1,FY2024_Q4
KGH INC.,1,FY2024_Q4
FIFTH NORTH LLC,1,FY2024_Q4
FERRARO MARBLE COMPANIES LLC,1,FY2024_Q4
"INTEGRATION TECHNOLOGIES GROUP, INC.",1,FY2024_Q4
IRON WHEEL ENERGY SERVICES LLC,1,FY2024_Q4
JELDWEN INC,1,FY2024_Q4
NATIONAL CHEMICAL AND OIL CORPORTAION,1,FY2024_Q4
ACCELQ,1,FY2024_Q4
KSR INDUSTRIAL CORPORATION,1,FY2024_Q4
JD ARCH LLC,1,FY2024_Q4
GROUP PMX LLC,1,FY2024_Q4
"KNM FOOD SERVICES, LLC.",1,FY2024_Q4
LIONSTONE GROUP INC,1,FY2024_Q4
MMD 1 CORP. DBA EDESSA KURDISH TURKISH CUISINE,1,FY2024_Q4
J INTERNATIONAL MANAGEMENT LLC,1,FY2024_Q4
NOBU HOSPITALITY,1,FY2024_Q4
"LINDO MEDICAL CARE, LLC",1,FY2024_Q4
"ELECTRODIAGNOSTIC AND PHYSICAL MEDICINE, P.C.",1,FY2024_Q4
"EDUCATION DEVELOPMENT CENTER, INC.",1,FY2024_Q4
JEFF T GREEN FAMILY FOUNDATION,1,FY2024_Q4
"LORENCY  COMPANY, LLC",1,FY2024_Q4
KIRKWOOD STAIR COMPANY INCORPORATED,1,FY2024_Q4
LEFAB GOURMET CORP DBA MORELIA GOURMET PALETAS,1,FY2024_Q4
AAITTECHNOCRAFT SCAFFOLD DISTRIBUTION LLC,1,FY2024_Q4
"FUELCOMM, INC. DBA STACKLINE",1,FY2024_Q4
LIL INC. DBA YANG FAN ACADEMY,1,FY2024_Q4
TRUVETA,1,FY2024_Q4
EDEFT SOLUTIONS LLC,1,FY2024_Q4
"KENPAT GULF COAST, LLC",1,FY2024_Q4
"GRYCON, LLC",1,FY2024_Q4
THE REAL GREEN COMPANY INC,1,FY2024_Q4
MITSUBISHI INTERNATIONAL CORPORATION,1,FY2024_Q4
"LMS, INC.",1,FY2024_Q4
LIVE BUZZ INTERACTIVE LLC,1,FY2024_Q4
"LISEGA, INC.",1,FY2024_Q4
"PREMIER REAL ESTATE BROKER, INC.",1,FY2024_Q4
SOLESTAGE INC,1,FY2024_Q4
"KENKO FREIGHT SYSTEMS, INC.",1,FY2024_Q4
JENKEM TECHNOLOGY USA INC.,1,FY2024_Q4
MXN COMMERCE USA INC,1,FY2024_Q4
"LICOR, INC.",1,FY2024_Q4
LRI USA LLC,1,FY2024_Q4
HANLIN MOSS YI PS,1,FY2024_Q4
ACADEMY MORTGAGE CORPORATION,1,FY2024_Q4
"CHUGH CPAS, LLP",1,FY2024_Q4
LAFAYETTE FEDERAL CREDIT UNION,1,FY2024_Q4
"PINEBRIDGE INVESTMENTS HOLDINGS U.S., LLC",1,FY2024_Q4
"H. K. PANGELINAN  ASSOCIATES, LLC",1,FY2024_Q4
HAMILTON ZANZE,1,FY2024_Q4
NY BROOKLYN BREAD,1,FY2024_Q4
LEWIS  CLARK EQUITY PARTNERS,1,FY2024_Q4
ROTHSCHILD  CO US INC.,1,FY2024_Q4
"FRESHGOGO, INC",1,FY2024_Q4
"LIFEINVEST WEALTH MANAGEMENT, LTD",1,FY2024_Q4
MORGAN STANLEY CAPITAL GROUP INC.,1,FY2024_Q4
"LONDON STOCK EXCHANGE GROUP HOLDINGS, INC.",1,FY2024_Q4
KNOWLEDGE BUILDERS INC,1,FY2024_Q4
MOBILE FRONTIERS,1,FY2024_Q4
"DISQO, INC",1,FY2024_Q4
MYTILITY CORP.,1,FY2024_Q4
"LINXAS, LLC",1,FY2024_Q4
LENNAR CORPORATION,1,FY2024_Q4
GREENPAGES INC.,1,FY2024_Q4
LONE WOLF TECHNOLOGIES,1,FY2024_Q4
EDWISE GROUP LLC,1,FY2024_Q4
"MOBIS US ALABAMA, LLC",1,FY2024_Q4
MASTERBUILT INDUSTRIES LLC,1,FY2024_Q4
"LASERSHIP, INC.",1,FY2024_Q4
CASEPOINT,1,FY2024_Q4
KEENAN  ASSOCIATES,1,FY2024_Q4
"KIOXIA AMERICA, INC.",1,FY2024_Q4
NORFOLK SOUTHERN CORPORATION,1,FY2024_Q4
MOBILE APPS ENTERPRISES LLC DBA ENHANCE IT,1,FY2024_Q4
"PARAM CONSULTING SERVICES, INC.",1,FY2024_Q4
"LONGTAIL AD SOLUTIONS, INC. DBA JW PLAYER",1,FY2024_Q4
FORTUNE PLASTIC  METAL INC.,1,FY2024_Q4
KAVI ASSOCIATES LLC,1,FY2024_Q4
"FOOD AUTOMATION SERVICE TECHNIQUES, INC.",1,FY2024_Q4
"MWRESOURCE, INC.",1,FY2024_Q4
FLEEK LABS INC.,1,FY2024_Q4
LEVEL HOME INC.,1,FY2024_Q4
KFC CORPORATION,1,FY2024_Q4
"AARETE, LLC",1,FY2024_Q4
KHR JEWELS,1,FY2024_Q4
LOGIC MATE INTERNATIONAL INC.,1,FY2024_Q4
"LEWIS  ELLIS, INC.",1,FY2024_Q4
MUSTAFA RAHIM MD INC,1,FY2024_Q4
LOTUSDATA LLP,1,FY2024_Q4
KEOLIS COMMUTER SERVICES,1,FY2024_Q4
INFISWIFT TECHNOLOGIES,1,FY2024_Q4
"LIM CHANG  ASSOCIATES, INC.",1,FY2024_Q4
GOCSTUDIO LLC DBA GOC,1,FY2024_Q4
"LINNAEA TILLETT LIGHTING DESIGN ASSOCIATES, INC.",1,FY2024_Q4
"LIFESCAPES INTERNATIONAL, INC.",1,FY2024_Q4
KIEWIT INFRASTRUCTURE WEST. CO.,1,FY2024_Q4
"GREENMANPEDERSEN, INC.",1,FY2024_Q4
"LBJ INFRASTRUCTURE GROUP,LLC",1,FY2024_Q4
"LOTUS AUTOMATION USA, INC.",1,FY2024_Q4
"LMW ENGINEERING GROUP, LLC",1,FY2024_Q4
"GUZMAN CONSTRUCTION GROUP, INC.",1,FY2024_Q4
ABB INSTALLATION PRODUCTS INC.,1,FY2024_Q4
"LG SOLUTION PARTNER, LLC",1,FY2024_Q4
"MITSUBISHI ELECTRIC POWER PRODUCTS, INC.",1,FY2024_Q4
"EDG, INC.",1,FY2024_Q4
"KALLURI GROUP, INC.",1,FY2024_Q4
GROTE INDUSTRIES,1,FY2024_Q4
"LLOYDS REGISTER NORTH AMERICA, INC.",1,FY2024_Q4
EFFICIENT ENERGY COMPLIANCE LLC,1,FY2024_Q4
MIVIEW INTEGRATED SOLUTIONS LLC,1,FY2024_Q4
"KCM TECHNICAL, INC.",1,FY2024_Q4
MUREX PETROLEUM CORPORATION,1,FY2024_Q4
"MLB CONSULTING AND ENGINEERING, INC.",1,FY2024_Q4
"LITTLE DIVERSIFIED ARCHITECTURAL CONSULTING, INC.",1,FY2024_Q4
LIQUID CONSULTING INC.,1,FY2024_Q4
"LOCANABIO, INC.",1,FY2024_Q4
NANOTECH PHARMA INC,1,FY2024_Q4
CHS CONSULTING GROUP,1,FY2024_Q4
"MARYLAND FAMILY RESOURCES, INC.",1,FY2024_Q4
GDLSK,1,FY2024_Q4
"LAW OFFICE OF BAOQIN WANG, LLC",1,FY2024_Q4
LEHIGH UNIVERSITY,1,FY2024_Q4
LAWRENCE TECHNOLOGICAL UNIVERSITY,1,FY2024_Q4
MARY BALDWIN UNIVERSITY,1,FY2024_Q4
GREAT TALENTS ACADEMY INC,1,FY2024_Q4
NEWMAN INTERNATIONAL ACADEMY,1,FY2024_Q4
NATIONAL ASSOCIATION OF INTERCOLLEGIATE ATHLETICS,1,FY2024_Q4
MYSTIC INC,1,FY2024_Q4
"LEO BURNETT COMPANY, INC.",1,FY2024_Q4
CATHEDRAL PLUMBING OF TEXAS LLC,1,FY2024_Q4
GRANITE PLANET INC,1,FY2024_Q4
"LIFE TIME, INC.",1,FY2024_Q4
LIFE BRIDGE DENTAL PLLC,1,FY2024_Q4
"GREAT EXPRESSIONS DENTAL CENTERS OF TEXAS, PLLC DBA GREAT EXPRESSIONS DENTAL CENTERS",1,FY2024_Q4
HAMLET KARAPETIAN DMD INC.,1,FY2024_Q4
KETTERING MEDICAL CENTER,1,FY2024_Q4
OASIS HOME CARE,1,FY2024_Q4
ALICIA ROBERTSON PA,1,FY2024_Q4
"NY TOTAL MEDICAL CARE, PC",1,FY2024_Q4
MOA KITCHEN LLC,1,FY2024_Q4
GOGI ENTERPRISES INC.,1,FY2024_Q4
LIMA 33 RESTAURANT,1,FY2024_Q4
KARTVELI LLC,1,FY2024_Q4
EGG HOUSE LLC,1,FY2024_Q4
NHMK KHAN INC,1,FY2024_Q4
KYUMA CORPORATION,1,FY2024_Q4
KATHMANDU KAPAN LLC LITTLE KING,1,FY2024_Q4
KATHMANDU CUISINE LLC,1,FY2024_Q4
FTT LLC,1,FY2024_Q4
SUSHIMONO,1,FY2024_Q4
KACZ MJ CORP,1,FY2024_Q4
"GOOD PEOPLE INVESTMENT GROUP, CORP.",1,FY2024_Q4
OBJECT SALON INC.,1,FY2024_Q4
NAIL CARE SPA SALON LLC,1,FY2024_Q4
MY SPA  NAILS,1,FY2024_Q4
SANJAY BAJAJ,1,FY2024_Q4
LILA BEUDERT,1,FY2024_Q4
CELIA TOMBALAKIAN,1,FY2024_Q4
LITTLE TREASURES CHILDCARE,1,FY2024_Q4
JENNIFER CLAIRE MOONEY,1,FY2024_Q4
JULIE MALLEN,1,FY2024_Q4
KATHERINE ROLAND,1,FY2024_Q4
JENNIFER SCHERR,1,FY2024_Q4
LMD VENTURES INC,1,FY2024_Q4
N A CORPORATION,1,FY2024_Q4
P  A WHOLESALE FL INC.,1,FY2024_Q4
LIBERTO INC,1,FY2024_Q4
"KBR INVESTMENT, INC",1,FY2024_Q4
"LICAN TRADE, CORP.",1,FY2024_Q4
ABSOLUTE STONE DESIGN LLC,1,FY2024_Q4
"KOREAN AMERICAN TIMES, INC.",1,FY2024_Q4
NEW WORLD GLASS INC,1,FY2024_Q4
JD RESTORATION INC,1,FY2024_Q4
NW BUSINESS CENTER INC,1,FY2024_Q4
FERREIRA LAW,1,FY2024_Q4
FL ELECTRICAL CORP,1,FY2024_Q4
LOTUS LAW AND JUDICIAL HUB LLC,1,FY2024_Q4
OPTIMUS BUILDERS INC,1,FY2024_Q4
MS SQUAD SERVICES LLC,1,FY2024_Q4
"KELLY GLOBAL LOGISTICS, INC.",1,FY2024_Q4
JEFF MERTZ FARMS,1,FY2024_Q4
TAE WOO CORPORATION,1,FY2024_Q4
KTM FARM,1,FY2024_Q4
FRISCHE BROTHERS FERTILIZER,1,FY2024_Q4
IVANS TREE SERVICE LLC,1,FY2024_Q4
DISS EXPRESS LLC,1,FY2024_Q4
LES DESSERTS INC.,1,FY2024_Q4
GOLDMAN OF LOUISVILLE INC,1,FY2024_Q4
TAMAR CONSULTING CORP,1,FY2024_Q4
MIQ DIGITAL USA INC,1,FY2024_Q4
MYTEK INTERNATIONAL INC.,1,FY2024_Q4
KOLLECTORZ LLC,1,FY2024_Q4
SKF ELECTRICAL CORP.,1,FY2024_Q4
"UNITED FABRICARE SUPPLY,INC.",1,FY2024_Q4
SASOL USA CORPORATION,1,FY2024_Q4
PEAK TECHNICAL SERVICES LP,1,FY2024_Q4
"JULIENS BRASSERIE, LTD",1,FY2024_Q4
MOCHIRON INC.,1,FY2024_Q4
DODO LLC,1,FY2024_Q4
MANTRA HEALTH INC,1,FY2024_Q4
SQUARE SIGNS LLC,1,FY2024_Q4
MORENO  OBERTO ENTERPRISES LLC,1,FY2024_Q4
MOBILE SURGERY INTERNATIONAL,1,FY2024_Q4
MAIN GROUP USA,1,FY2024_Q4
"TECHNICO CONSTRUCTION SERVICES, INC",1,FY2024_Q4
THAI BASIL LLC,1,FY2024_Q4
FRESNO AREA HISPANIC FOUNDATION,1,FY2024_Q4
ESSEX COUNTY CLUB,1,FY2024_Q4
SPORTRADAR US LLC,1,FY2024_Q4
"SINO INGREDIENTS, INC.",1,FY2024_Q4
MARINE EXPERTS INC,1,FY2024_Q4
SQUARE THREE INC,1,FY2024_Q4
MPOWER  HR CONSULTING LLC,1,FY2024_Q4
UNITEDLEX,1,FY2024_Q4
KING  WOOD MALLESONS,1,FY2024_Q4
KINGWAY INC,1,FY2024_Q4
"MILLENNIUM POOLS AND SPAS, LLC",1,FY2024_Q4
NAAM GLOBAL LLC,1,FY2024_Q4
ECHO STREET CAPITAL MANAGEMENT LLC,1,FY2024_Q4
KEVIN  J COMPANY,1,FY2024_Q4
"KRAMER AMERICA, INC.",1,FY2024_Q4
KONDOR EXPRESS LLC,1,FY2024_Q4
"EAN.COM, LP",1,FY2024_Q4
"LOTHLORIEN CA, LLC",1,FY2024_Q4
"KOFAX, INC.",1,FY2024_Q4
"MOTILITY SOFTWARE SOLUTIONS, LLC",1,FY2024_Q4
"KOCH AG  ENERGY SOLUTIONS, LLC",1,FY2024_Q4
"PERKINELMER INFORMATICS, INC.",1,FY2024_Q4
PELLA CORPORATION,1,FY2024_Q4
"REVSPRING, INC",1,FY2024_Q4
"KINSHIP PARTNERS, INC",1,FY2024_Q4
LUCENT SYSTEMS INC,1,FY2024_Q4
NASH TECHNOLOGIES INC.,1,FY2024_Q4
"LAFAYETTE SQUARE HOLDING COMPANY, LLC",1,FY2024_Q4
MILTECHS INC.,1,FY2024_Q4
LAND AIR SEA SYSTEMS,1,FY2024_Q4
"NANDAN TECHNOLOGIES, LLC",1,FY2024_Q4
MOBIREY LLC,1,FY2024_Q4
"MASON  MURPHY, INC",1,FY2024_Q4
"SPOKEO, INC",1,FY2024_Q4
"RED STORM ENTERTAINMENT, INC.",1,FY2024_Q4
"SAMSARA BIOCAPITAL, LLC",1,FY2024_Q4
"MOUNTAIN MANAGEMENT SERVICES, INC.",1,FY2024_Q4
"PACE ENGINEERS, INC.",1,FY2024_Q4
UNITEMP MECHANICAL DEGREES LLC,1,FY2024_Q4
"KORRUS, INC",1,FY2024_Q4
UNITED STATES COLD STORAGE OF CALIFORNIA,1,FY2024_Q4
KINGDOM WOODWORKS,1,FY2024_Q4
CLINICAL LAB CONSULTING OF INDIANA LLC,1,FY2024_Q4
MODINE GRENADA LLC,1,FY2024_Q4
SOLITON TECHNOLOGIES INC,1,FY2024_Q4
MODERN STONES LLC,1,FY2024_Q4
TRIANA BIOMEDICINES,1,FY2024_Q4
LOVELACE BIOMEDICAL RESEARCH INSTITUTE,1,FY2024_Q4
LANDAU ASSOCIATES,1,FY2024_Q4
MIDWEST LABORATORIES,1,FY2024_Q4
"KOREAN COMMUNITY SERVICES, INC.",1,FY2024_Q4
"TEXAS BEHAVIORAL HEALTH, PLLC,",1,FY2024_Q4
KINGS COURT PARISH THE REDEEMED CHRISTIAN CHURCH,1,FY2024_Q4
"KNOBBE, MARTENS, OLSON AND BEAR, LLP",1,FY2024_Q4
KEVIN KERVENG TUNG P C,1,FY2024_Q4
UNIVERSITY OF NEBRASKA AT KEARNEY,1,FY2024_Q4
MORAVIAN ACADEMY,1,FY2024_Q4
MIDLAND PUBLIC SCHOOLS,1,FY2024_Q4
LAFAYETTE COLLEGE,1,FY2024_Q4
"LINKAGE DESIGN, LLC",1,FY2024_Q4
KETAB CORPORATION,1,FY2024_Q4
PREMIUM USA INC,1,FY2024_Q4
LOUDOUN COUNTY VOLLEYBALL LLC LOUDOUN ELITE,1,FY2024_Q4
MID LA LLC,1,FY2024_Q4
"N. L. ELGUT, M.D. AND ASSOCIATES, LLC",1,FY2024_Q4
STATE OF MICHIGAN MDHHS WRPH,1,FY2024_Q4
"KIMS PHARMACY INC., DBA JOA PHARMACY.",1,FY2024_Q4
NARRAGANSETT BAY ANESTHESIA,1,FY2024_Q4
"MASON CITY CLINIC, P.C.",1,FY2024_Q4
"LAKE CUMBERLAND PHYSICIAN PRACTICES, LLC",1,FY2024_Q4
GOLDEN VALLEY HEALTH CENTERS,1,FY2024_Q4
NANCY CHIAOCASTLE,1,FY2024_Q4
LOURDES GARCIA,1,FY2024_Q4
LIVING BRANCHES,1,FY2024_Q4
MOSBEL INC,1,FY2024_Q4
MIRANDA INC,1,FY2024_Q4
"KESKIN, INC.",1,FY2024_Q4
MOON BBQ,1,FY2024_Q4
MILLO OF MELBOURNE,1,FY2024_Q4
LA TINGERIA LLC,1,FY2024_Q4
LOOP CAFE LLC,1,FY2024_Q4
TDGM INC. DBA LOTUS SEAFOOD AND WINGS,1,FY2024_Q4
MIELLA DEL ZOTTO KLONARIS,1,FY2024_Q4
BROWS  CO LLC,1,FY2024_Q4
MONAMI NORTHBROOK,1,FY2024_Q4
KHUR LLC,1,FY2024_Q4
MARK D DZIURA,1,FY2024_Q4
MARIEL MACFARLANE,1,FY2024_Q4
DOLLIE D. SILPASUVAN,1,FY2024_Q4
MARAYA GAS STATION,1,FY2024_Q4
NASAR SONS ENTERPRISES LLC DBA SAMS FOOD STORE,1,FY2024_Q4
"PAK PETROLEUM OF CHICAGO, INC",1,FY2024_Q4
MNSB MANAGEMENT INC.,1,FY2024_Q4
LAHIANI GROUP INC,1,FY2024_Q4
AIM PLUS GROUP LLC,1,FY2024_Q4
RADICAL COSMETICS LLC,1,FY2024_Q4
"MP BIOMEDICALS, LLC",1,FY2024_Q4
MONARCH COLLISION CENTER,1,FY2024_Q4
KIM LEE CPAS LLP,1,FY2024_Q4
"KMS  HERBS, INC.",1,FY2024_Q4
KIM  COMPANY ATLANTA LLC,1,FY2024_Q4
"PACIFIC SOURCE CONSTRUCTION CO., INC.",1,FY2024_Q4
UNIVERSAL CLINIC LLC,1,FY2024_Q4
"ROCKLAND RECOVERY PHYSICAL THERAPY  OCCUPATIONAL THERAPY, PLLC",1,FY2024_Q4
MOMS TO BE ULTRASOUND LLC,1,FY2024_Q4
"MR FIX IT PLUMBING, INC.",1,FY2024_Q4
MQ AT MAYFAIRE LLC,1,FY2024_Q4
MILLENIUM SOLUTION SERVICES LLC,1,FY2024_Q4
"LITTLE NECK TOWERS, LLC",1,FY2024_Q4
MRI PLUSS INC,1,FY2024_Q4
LE FARMS,1,FY2024_Q4
"KENNEDY RICE FARMS, LLC",1,FY2024_Q4
"MORTENSON BROS. FARMS, INC.",1,FY2024_Q4
TBWA WORLDWIDE INC. DBA TBWA MEDIA ARTS LAB,1,FY2024_Q4
RCS LOGISTICS INC.,1,FY2024_Q4
DOYLE CONSTRUCTION,1,FY2024_Q4
PACIFIC IRONCLAD LLC,1,FY2024_Q4
PADCOM DESIGN  CONSTRUCTION MANAGEMENT SERVICES,1,FY2024_Q4
NATIONAL MARROW DONOR PROGRAM,1,FY2024_Q4
THE ASIAN AMERICANS FOR COMMUNITY INVOLVEMENT OF S,1,FY2024_Q4
STA PHARMACEUTICALS US LLC,1,FY2024_Q4
WALDEN BIOSCIENCES,1,FY2024_Q4
UNITED GROUP GENERAL CONTRACTOR INC,1,FY2024_Q4
"DRIVER TECHNOLOGIES, INC",1,FY2024_Q4
"SPRAY48, LLC.",1,FY2024_Q4
SAZON PERUVIAN CUISINE,1,FY2024_Q4
PALENQUE MANAGEMENT LLC,1,FY2024_Q4
DOMINION PAYROLL,1,FY2024_Q4
NATIONAL NEIGHBORHOOD COUNSELING CENTER,1,FY2024_Q4
"METALSA ROANOKE, INC.",1,FY2024_Q4
UNIVERSITY OF COLORADO DENVER,1,FY2024_Q4
SILVERINE INC,1,FY2024_Q4
"OSIRIS 9 CONSULTING, LLC",1,FY2024_Q4
PAN AMERICAN ENTERPRISES,1,FY2024_Q4
"OSI GROUP, LLC.",1,FY2024_Q4
"ORIGINS NATURAL RESOURCES, INC.",1,FY2024_Q4
"JON DAVLER, INC.",1,FY2024_Q4
"TENKATORI USA, INC.",1,FY2024_Q4
"SALAZAR SERVICES, INC",1,FY2024_Q4
MATCHBOOK DISTILLING CO,1,FY2024_Q4
PJ SEARCH GROUP LLC,1,FY2024_Q4
NATURAL FOOD SOURCE INC.,1,FY2024_Q4
MOLTEN USA INC,1,FY2024_Q4
SEINTEC CORP,1,FY2024_Q4
WESTSIDE INCOME TAX  BUSINESS SERVICES,1,FY2024_Q4
MASPETH WELDING INC,1,FY2024_Q4
ORCOM MIAMI,1,FY2024_Q4
"COLUMBUS ASIA MARKET, INC.",1,FY2024_Q4
"OUTREACH AID TO THE AMERICAS, INC.",1,FY2024_Q4
RAMP BUSINESS CORPORATION,1,FY2024_Q4
DV01 INC.,1,FY2024_Q4
KROLL ASSOCIATES INC.,1,FY2024_Q4
"NORTH FORK HOLDINGS, INC. DBA THE SHELBY GROUP",1,FY2024_Q4
NODAR INC.,1,FY2024_Q4
"TRIANGLE GERIATRIC AND MEMORY CLINIC, PLLC",1,FY2024_Q4
RADIANT INFOTECH LLC,1,FY2024_Q4
TELCOBUY.COM,1,FY2024_Q4
"NATURE BLOOM HARVEST, LLC",1,FY2024_Q4
SMARTSTREAM TECHNOLOGIES INC.,1,FY2024_Q4
"NATIONAL MENTOR, LLC",1,FY2024_Q4
STARK PHARMA TECHNOLOGY INC,1,FY2024_Q4
PELLICONI FLORIDA LLC,1,FY2024_Q4
"PALAFOX QUICK STOP, INC.",1,FY2024_Q4
PACIFIC SEQUOIA INC,1,FY2024_Q4
"SPRINGPOINT TECHNOLOGIES, LLC",1,FY2024_Q4
"GENESEE  WYOMING RAILROAD SERVICES, INC.",1,FY2024_Q4
STEEL DYNAMICS INC.,1,FY2024_Q4
GEONEXUS TECHNOLOGIES LLC,1,FY2024_Q4
"ODH, INC.",1,FY2024_Q4
"CONURE TELECOM SERVICES, LLC",1,FY2024_Q4
SALLY BEAUTY SUPPLY LLC,1,FY2024_Q4
TEAMWORK MANAGEMENT INC.,1,FY2024_Q4
SAMLUT  COMPANY PROFESSIONAL ASSOCIATION,1,FY2024_Q4
SPOT AI,1,FY2024_Q4
UNITE HERE HEALTH,1,FY2024_Q4
UNIQUE TECHNOLOGY GROUP CORP,1,FY2024_Q4
ORIGIN HUBS,1,FY2024_Q4
"OST, INC.",1,FY2024_Q4
SSTECH LLC,1,FY2024_Q4
NATIONAL COUNCIL FOR BEHAVIORAL HEALTH,1,FY2024_Q4
"PCS WIRELESS, LLC",1,FY2024_Q4
STAID LOGIC LLC,1,FY2024_Q4
RAPID7 LLC,1,FY2024_Q4
COLUMBIAN MUTUAL LIFE INSURANCE COMPANY,1,FY2024_Q4
PROXIMO CONSULTING SERVICES INC.,1,FY2024_Q4
"INFINIUM REALTY GROUP, INC. DBA HELPUSELL REAL E",1,FY2024_Q4
ORBITAL INSIGHT INC.,1,FY2024_Q4
NATIONAL LIFE GROUP,1,FY2024_Q4
SKILL BUDDY INC.,1,FY2024_Q4
SPRING SYSTEMS INC.,1,FY2024_Q4
GEN 5 FERTILITY CENTER,1,FY2024_Q4
SLOPE TECH INC,1,FY2024_Q4
"OCUSUN, LLC",1,FY2024_Q4
"SANOFI PASTEUR, INC",1,FY2024_Q4
"FUTUREPROOF TECHNOLOGIES, INC.",1,FY2024_Q4
PARADIGM OPERATIONS LP,1,FY2024_Q4
Z.W JAROSZ ARCHITECT PA,1,FY2024_Q4
STUDIO TSQ,1,FY2024_Q4
"RAND ENGINEERING  ARCHITECTURE, DPC",1,FY2024_Q4
"S3 AERODEFENSE, LLC",1,FY2024_Q4
"GEON PERFORMANCE SOLUTIONS, LLC",1,FY2024_Q4
SPRAYING SYSTEMS COMPANY,1,FY2024_Q4
"SCHAUMBURG  POLK, INC.",1,FY2024_Q4
ORSTED NORTH AMERICA INC.,1,FY2024_Q4
OPUS IVS INC.,1,FY2024_Q4
OSBORN ENGINEERING CO.,1,FY2024_Q4
EI ENGINEERING USA CORPORATION,1,FY2024_Q4
DTV INNOVATIONS LLC,1,FY2024_Q4
FUTURE FOAM INC.,1,FY2024_Q4
GENERAC POWER SYSTEMS,1,FY2024_Q4
RAMBOLL,1,FY2024_Q4
"TEL TECHNOLOGY CENTER, AMERICA, LLC",1,FY2024_Q4
TEXAS FIRST INDUSTRIAL CORP,1,FY2024_Q4
"OMAHA STANDARD, LLC",1,FY2024_Q4
PEMBERTON LLC,1,FY2024_Q4
"SRISAI BIOPHARMACEUTICAL SOLUTIONS, LLC",1,FY2024_Q4
FEDERALMOGUL POWERTRAIN LLC,1,FY2024_Q4
META TOOL TECHNOLOGIES,1,FY2024_Q4
PEARSON MECHANICAL INC.,1,FY2024_Q4
COMAU LLC,1,FY2024_Q4
"GIBSON ENGINEERING COMPANY, INC.",1,FY2024_Q4
PROWINCH LLC,1,FY2024_Q4
STEVEN T DINY,1,FY2024_Q4
PACT FOR FAMILIES COLLABORATIVE,1,FY2024_Q4
P  L DEVELOPMENT LLC,1,FY2024_Q4
EMERALD THERAPY CENTER L.L.C.,1,FY2024_Q4
"MANDARICH LAW GROUP, LLP",1,FY2024_Q4
OWEN SOFTWARE DEVELOPMENT COMPANY LIMITED,1,FY2024_Q4
SAINT ANSELM COLLEGE,1,FY2024_Q4
MASSACHUSETTS INSTITUTE OF TECHNOLOGY,1,FY2024_Q4
SUL ROSS STATE UNIVERSITY,1,FY2024_Q4
STATE UNIVERSITY OF NEW YORK COLLEGE OF OPTOMETRY,1,FY2024_Q4
GLOBAL AXIS 1912 INC,1,FY2024_Q4
ST JOHNS NURSERY SCHOOL OF LOWER MERION DBA THE CHILDRENS SCHOOL AT ST JOHNS,1,FY2024_Q4
MASTER JUNG  YU TRADITIONAL TAEKWONDO ACADEMY INC,1,FY2024_Q4
WORCESTER POLYTECHNIC INSTITUTE,1,FY2024_Q4
ST. LOUIS SCOTT GALLAGHER,1,FY2024_Q4
"NATICK SPORTS  RACQUET CLUB, INC.",1,FY2024_Q4
FIGTREE INC.,1,FY2024_Q4
WHALAR INC,1,FY2024_Q4
"UNIPRES SOUTHEAST USA, INC.",1,FY2024_Q4
"DR. RUPARELIA  ASSOCIATESCASCADES STERLING, PLLC",1,FY2024_Q4
NATIONAL VISION INC.,1,FY2024_Q4
"GENERAL PHYSICIAN , P.C.",1,FY2024_Q4
ST. JOSEPHS HOSPITAL HEALTH CENTER,1,FY2024_Q4
"PEDIATRIX OF MARYLAND, P.A.",1,FY2024_Q4
COME DENTAL LLC,1,FY2024_Q4
MEMORIAL HEALTH SYSTEM DBA ADVENTHEALTH DAYTONA,1,FY2024_Q4
ST. FRANCIS EMORY HEALTHCARE,1,FY2024_Q4
OELLRICH HOUSEHOLD,1,FY2024_Q4
STARMOUNT FOREST COUNTRY CLUB,1,FY2024_Q4
KOTHARI ENTERPRISES,1,FY2024_Q4
THAI SPICE LLC,1,FY2024_Q4
"SIK DO RAK, INC",1,FY2024_Q4
SEN WU LLC DBA HEAVEN DRAGON,1,FY2024_Q4
"EL FRAILE, LLC. THE MEXICAN BAR  GRILL",1,FY2024_Q4
MOMOYAKI,1,FY2024_Q4
MDM ARISU INC,1,FY2024_Q4
NATURALLY GREAT FOODS INC.,1,FY2024_Q4
IVANIS CLEANING SERVICES INC.,1,FY2024_Q4
SSBL INC,1,FY2024_Q4
STERNBERG HOUSEHOLD,1,FY2024_Q4
TJK NEWARK LLC,1,FY2024_Q4
RAMSEY FUEL PARTNERS LLC,1,FY2024_Q4
PERRY VIDEX LLC,1,FY2024_Q4
"KOS AMERICA, INC.",1,FY2024_Q4
STAR FABRICS INC,1,FY2024_Q4
"KYA SERVICES, LLC",1,FY2024_Q4
GEGELMAN INC,1,FY2024_Q4
SENIORS HOME HEALTH CARE INC,1,FY2024_Q4
"GIULES  CO, LLC",1,FY2024_Q4
"GLOBAL ADDRESS ME, INC.",1,FY2024_Q4
GEORGIA CLINIC PC,1,FY2024_Q4
SIERRA HOSPICE CARE INC,1,FY2024_Q4
OPEN HEARTS LANGUAGE ACADEMY ORLANDO LLC,1,FY2024_Q4
"NATURAL CYCLE LAWNSMITHS, INC.",1,FY2024_Q4
MARKPOL DISTRIBUTORS INC,1,FY2024_Q4
TERRY COLEMAN,1,FY2024_Q4
TAYLOR RANCH ENTERPRISES LLC,1,FY2024_Q4
SEREDA CONSTRUCTION INC,1,FY2024_Q4
"SIGNATURE AUTOMOTIVE SERVICES, INC.",1,FY2024_Q4
PELLA OF AUSTIN,1,FY2024_Q4
SILVER MARBLE GRANITE LLC,1,FY2024_Q4
KOS DENTAL LAB LLC,1,FY2024_Q4
METAL STRUCTURES COMPANY USA LLC,1,FY2024_Q4
MULTI STONE LLC,1,FY2024_Q4
"MEDIABRANDS WORLDWIDE, INC.",1,FY2024_Q4
"THE SILICON PARTNERS, INC",1,FY2024_Q4
"DOOSAN ELECTROMATERIALS AMERICA, LLC",1,FY2024_Q4
DY AMERICA,1,FY2024_Q4
EAST CAPITAL FUNDING LLC,1,FY2024_Q4
GIAVER PRODUCTIONS LLC,1,FY2024_Q4
OMER NORTH AMERICA CORP,1,FY2024_Q4
TENARIS GLOBAL SERVICES USA CORPORATION,1,FY2024_Q4
"GLOBE TRADE SERVICES, INC",1,FY2024_Q4
RAYONIER ADVANCED MATERIALS INC.,1,FY2024_Q4
DOMA CONCEPTS LLC,1,FY2024_Q4
"THAI COTTAGE II, INC.",1,FY2024_Q4
SHANGRILA MANAGEMENT LLC,1,FY2024_Q4
TEAVINE LLC,1,FY2024_Q4
"VINTECH INDUSTRIES, INC.",1,FY2024_Q4
"ONE STEP UP, LTD.",1,FY2024_Q4
GIA PARTNERS LLC,1,FY2024_Q4
EATALY NY LLC,1,FY2024_Q4
REGULATORY TECHNOLOGY SERVICES LLC,1,FY2024_Q4
EASTERN COLUMBIA PLAZA LLC.,1,FY2024_Q4
"OKINAWA JAPANESE STEAK HOUSE, INC.",1,FY2024_Q4
GILDER GAGNON HOWE  CO LLC,1,FY2024_Q4
OLYMPUS CORPORATION OF THE AMERICAS,1,FY2024_Q4
"OPTION CARE ENTERPRISES, INC.",1,FY2024_Q4
OMNIGO SOFTWARE LLC,1,FY2024_Q4
"VYAIRE MEDICAL, INC.",1,FY2024_Q4
EATINGEVOLVED LLC,1,FY2024_Q4
KA CORPORATE TRADING LLC,1,FY2024_Q4
OPM CLASSICS LLC,1,FY2024_Q4
"STEREOMAX, LLC",1,FY2024_Q4
"E W HOWELL CO., LLC",1,FY2024_Q4
"T AND T CONSULTING SERVICES, INC.",1,FY2024_Q4
ONE STEP PROFESSIONAL SERVICES LLC,1,FY2024_Q4
K  F DRUG CORP. DBA STARSIDE DRUGS,1,FY2024_Q4
STEVEN E MILLER CPA PC,1,FY2024_Q4
RAIMONDO PETTIT GROUP,1,FY2024_Q4
"OXFAM AMERICA, INC.",1,FY2024_Q4
OCTAGON CAPITAL ADVISORS LP,1,FY2024_Q4
"PRIDEROCK CAPITAL PARTNERS, LLC",1,FY2024_Q4
WHITE ARROW,1,FY2024_Q4
SERVIONT GLOBAL SOLUTIONS INC,1,FY2024_Q4
"VISIONARY INTEGRATION PROFESSIONALS, LLC",1,FY2024_Q4
"OWENS CORNING CORPORATE SERVICES, LLC",1,FY2024_Q4
TEAMITSERVE INC,1,FY2024_Q4
RADUS TEK SERVICES INC,1,FY2024_Q4
PRIME FORCE IT LLC,1,FY2024_Q4
OM IMPORTS INC,1,FY2024_Q4
"SHARP DECISIONS, INC.",1,FY2024_Q4
TELESTE LLC,1,FY2024_Q4
OCTO CONSULTING GROUP INC,1,FY2024_Q4
OCTAHEDRON LLC,1,FY2024_Q4
LEFT RIGHT LLC,1,FY2024_Q4
"RELIANCE IT, INC",1,FY2024_Q4
RELIASTAR LIFE INSURANCE COMPANY,1,FY2024_Q4
OCTAGOS HEALTH INC.,1,FY2024_Q4
PACIFIC SPECIALTY,1,FY2024_Q4
US MOBILE INC,1,FY2024_Q4
"OPENGOV, INC.",1,FY2024_Q4
"TEQTANK, INC.",1,FY2024_Q4
SIGNIFY HEALTH LLC,1,FY2024_Q4
OCTAVE TECHNOLOGIES CORPORATION,1,FY2024_Q4
"TECH IT SOLUTIONS, INC",1,FY2024_Q4
RC4VETS LLC,1,FY2024_Q4
"DOMINION DIGITAL, INC. DBA SINGLESTONE",1,FY2024_Q4
GERMANIA FARM MUTUAL INSURANCE ASSOCIATION,1,FY2024_Q4
"RAYONSOFT TECHNOLOGIES, INC",1,FY2024_Q4
"DOMINO DATA LAB, INC.",1,FY2024_Q4
RECURRENT MOTORS INC,1,FY2024_Q4
GEORGIA IT INC,1,FY2024_Q4
"ONE CLIPBOARD, INC.",1,FY2024_Q4
TEK RESOURCE INC.,1,FY2024_Q4
"VNC COMMUNICATIONS, INC. DBA PERFORMICS",1,FY2024_Q4
"RESEARCH FOUNDATION FOR MENTAL HYGIENE, INC",1,FY2024_Q4
"DYNAMIC CAMPUS SOLUTIONS, INC.",1,FY2024_Q4
MASTER INTERNATIONAL CORP DBA MASTER ELECTRONICS,1,FY2024_Q4
"SKYVIEW VENTURES, LLC",1,FY2024_Q4
"SMITHGROUP, INC.",1,FY2024_Q4
"SMITH  BURGESS, LLC",1,FY2024_Q4
TANEY ENGINEERING INC,1,FY2024_Q4
"STANTEC CONSULTING INTERNATIONAL, LLC",1,FY2024_Q4
RLE INTERNATIONAL,1,FY2024_Q4
PACIFIC INDUSTRIAL DEVELOPMENT CORP.,1,FY2024_Q4
OMNI COMPONENTS CORP.,1,FY2024_Q4
PANDROL USA LP,1,FY2024_Q4
"SIPA NORTH AMERICA, INC.",1,FY2024_Q4
DRISTEEM CORPORATION,1,FY2024_Q4
DURANGO RESOURCES CORP.,1,FY2024_Q4
PA SOLUTIONS,1,FY2024_Q4
RICHVILLE FARMS,1,FY2024_Q4
JS PHARM CORP,1,FY2024_Q4
MICHIGAN PUBLIC HEALTH INSTITUTE,1,FY2024_Q4
JOSEPH N. ODONNELL  ASSOCIATES,1,FY2024_Q4
PILSEN WELLNESS CENTER,1,FY2024_Q4
DOULOS MISSION CHURCH,1,FY2024_Q4
THE LORDS HOPE CHURCH,1,FY2024_Q4
"MCMAHON MARTINE  GALLAGHER, LLP",1,FY2024_Q4
"OBLON, MCCLELLAND, MAIER  NEUSTADT, L.L.P.",1,FY2024_Q4
PANELL LAW GROUP PLLC,1,FY2024_Q4
BABSON COLLEGE,1,FY2024_Q4
UNIVERSITY OF DENVER,1,FY2024_Q4
ST.OLAF COLLEGE,1,FY2024_Q4
UNIVERSITY OF THE SOUTHWEST,1,FY2024_Q4
THE UNIVERSITY OF TEXAS AT EL PASO,1,FY2024_Q4
THE CATHOLIC UNIVERSITY OF AMERICA,1,FY2024_Q4
FURMAN UNIVERSITY,1,FY2024_Q4
NORTH SANPETE SCHOOL DISTRICT,1,FY2024_Q4
OWL VISION LLC,1,FY2024_Q4
KRONER USA LLC,1,FY2024_Q4
"JNP FASHION, INC.",1,FY2024_Q4
JOHN VARVATOS,1,FY2024_Q4
REPUBLIC CLOTHING CORP.,1,FY2024_Q4
OLSON KUNDIG,1,FY2024_Q4
TEAM DOWNEY LLC,1,FY2024_Q4
"ODK MEDIA, INC.",1,FY2024_Q4
"DUTCH TOTAL SOCCER, LLC",1,FY2024_Q4
GIII APPAREL GROUP,1,FY2024_Q4
RECUERDO CORPORATION,1,FY2024_Q4
OHIO DENTAL PROFESSIONALS PC,1,FY2024_Q4
SMILE BRIGHT FAMILY DENTISTRY,1,FY2024_Q4
"JACKSON ANESTHESIOLOGY GROUP, PLLC",1,FY2024_Q4
UNIVERSITY PHYSICIAN GROU,1,FY2024_Q4
"ORLANDO HEALTH MEDICAL GROUP, INC.",1,FY2024_Q4
TOPANGA HOSPICE CARE INC.,1,FY2024_Q4
TIERRA NEVADA LLC,1,FY2024_Q4
DONG BEI HOMEMADE INC,1,FY2024_Q4
PAA DEE INC,1,FY2024_Q4
PRIETO CORTES ENTERPRISE LLC,1,FY2024_Q4
"RICEMEN ENTERPRISES INC, DBA BOLS",1,FY2024_Q4
"K PLUS UNITED, INC.",1,FY2024_Q4
"YOUNG CHOW LOO, INC",1,FY2024_Q4
JZ RESTAURANT GROUP INC,1,FY2024_Q4
TORANJ,1,FY2024_Q4
SEVEN STARS FAMILY RESTAURANT,1,FY2024_Q4
"DREAM CAFE, INC.",1,FY2024_Q4
SHIVANI MARTIN,1,FY2024_Q4
DUNG VO LLC,1,FY2024_Q4
OCEAN VISTA EDUCATION GROUP LLC,1,FY2024_Q4
JINNY KANG,1,FY2024_Q4
DILMURAT AHUN HOUSEHOLD,1,FY2024_Q4
JOHN T MONTI,1,FY2024_Q4
GHIMIRE INC,1,FY2024_Q4
"ONE STOP SERVICE CENTERS, LLC",1,FY2024_Q4
GERMAN KITCHEN CENTER LLC.,1,FY2024_Q4
ORADELL INTERNATIONAL CORP.,1,FY2024_Q4
RAYS HERITAGE LLC,1,FY2024_Q4
OCEANSIDE PIZZA  GRILL INC,1,FY2024_Q4
GATES INVESTMENTS LLC,1,FY2024_Q4
"JW MAXX, INC.",1,FY2024_Q4
"JNT SERVICES, LLC",1,FY2024_Q4
RED CARPET INN,1,FY2024_Q4
"MARINA LANDSCAPE, INC.",1,FY2024_Q4
RELIABLE CARE MEDICAL GROUP,1,FY2024_Q4
SANDYLAND COVE LLC,1,FY2024_Q4
"JMWILLIAMS CPA, LLP",1,FY2024_Q4
"REGENCY GENERAL CONTRACTORS, INC.",1,FY2024_Q4
GERMAN AUTO GROUP,1,FY2024_Q4
TNO TRUCKING INC.,1,FY2024_Q4
RDFARM GROUP,1,FY2024_Q4
TIRES  WHEELS UNLIMITED,1,FY2024_Q4
GLEAM INDUSTRIES INC,1,FY2024_Q4
OBIE COMFORT SOLUTIONS,1,FY2024_Q4
"K BEAUTY OUTLET, LLC DBA NEW IMAGE",1,FY2024_Q4
OPEX CARGO LLC,1,FY2024_Q4
NEMRA LLC,1,FY2024_Q4
SUNGWOO HITECH AMERICA CORP.,1,FY2024_Q4
NEOCOL,1,FY2024_Q4
STONES FOR HOME ENTERPRISES CORP,1,FY2024_Q4
PRIMING INC,1,FY2024_Q4
"PRIMESOURCE BUILDING PRODUCTS, INC.",1,FY2024_Q4
NEMAK COMMERCIAL SERVICES INC.,1,FY2024_Q4
NEW IMAGE CONTRACTING LLC,1,FY2024_Q4
UNIVERSITY OF DETROIT MERCY,1,FY2024_Q4
MG MANAGEMENT LLC,1,FY2024_Q4
TEXAS BEST VALUE LLC,1,FY2024_Q4
THAIBOY LLC,1,FY2024_Q4
72POINT INC,1,FY2024_Q4
RETAILER LLC,1,FY2024_Q4
NETSER COMPUTER INTERNATIONAL INC,1,FY2024_Q4
AHMAD MILLWALA OMFS PLLC,1,FY2024_Q4
"EAST COAST SEAFOOD, LLC",1,FY2024_Q4
RICEDIAN CORP,1,FY2024_Q4
RHI US LTD.,1,FY2024_Q4
ROBERTOS RISTORANTE  PIZZERIA,1,FY2024_Q4
"NEILMED PHARMACEUTICALS, INC.",1,FY2024_Q4
"WILLIAM MORRIS ENDEAVOR ENTERTAINMENT, LLC",1,FY2024_Q4
SKYLINE CABINETRY INC,1,FY2024_Q4
RIGEL INTERNATIONAL INC.,1,FY2024_Q4
TB CONSTRUCTION CONSULTANTS LLC,1,FY2024_Q4
DYNATEN CORPORATION,1,FY2024_Q4
"DSM FOOD SPECIALTIES, USA",1,FY2024_Q4
"SUNLIGHT FOODS, INC",1,FY2024_Q4
STUDIO 216 INC DBA ALTOURA,1,FY2024_Q4
THARSTERN INC,1,FY2024_Q4
MOTUS LLC,1,FY2024_Q4
DYNAMICS PAYMENTS,1,FY2024_Q4
DYNPRO INC,1,FY2024_Q4
WILSHIRE ROYALE HOTEL,1,FY2024_Q4
SHUSHOP GROUP LLC.,1,FY2024_Q4
"DICK DEAN ECONOMY CARS, INC",1,FY2024_Q4
"DYNAMIC STONE TOOLS, INC",1,FY2024_Q4
WHATASTONE MUSIC INC.,1,FY2024_Q4
TEXICAN INC.,1,FY2024_Q4
Y  N CONSULTING LLC,1,FY2024_Q4
"WORLDS GOLD  DIAMONDS, INC.",1,FY2024_Q4
SNK ACCOUNTANCY CORPORATION,1,FY2024_Q4
"SIMON OU, CPA, P.C.",1,FY2024_Q4
TAYLOR ROTH AND COMPANY PLLC,1,FY2024_Q4
TESOLIFE US INC,1,FY2024_Q4
DUGAN  LOPATKA,1,FY2024_Q4
RICHARDSON KONTOGOURIS EMERSON LLP,1,FY2024_Q4
"SMITH BUNDAY BERMAN BRITTON, P.S.",1,FY2024_Q4
WILLDAN ENERGY COMPANY,1,FY2024_Q4
"PROJECT M VENTURES, LLC, DBA REVERE VC",1,FY2024_Q4
BIOMAP INC,1,FY2024_Q4
TB GLOBAL GROUP LLC,1,FY2024_Q4
SOLOVIS INC,1,FY2024_Q4
"SHENKMAN CAPITAL MANAGEMENT, INC.",1,FY2024_Q4
DORIAN LPG USA LLC,1,FY2024_Q4
SOCIETE GENERALE,1,FY2024_Q4
"JOCASSEE QUANTITATIVE, LLC",1,FY2024_Q4
CLOCKWISE INC.,1,FY2024_Q4
SUN CLOUD LLC,1,FY2024_Q4
SMART RAIN,1,FY2024_Q4
"DTS, INC.",1,FY2024_Q4
"PRIORITY TECHNOLOGY HOLDINGS, INC.",1,FY2024_Q4
"STRUCTURED COMMUNICATION SYSTEMS, INC.",1,FY2024_Q4
OCHER TECHNOLOGY GROUP,1,FY2024_Q4
XPROTEAN INC,1,FY2024_Q4
DRILLING SYSTEMS USA INC,1,FY2024_Q4
SLYON TECHNOLOGIES LLC,1,FY2024_Q4
TEXPLORERS INC,1,FY2024_Q4
"STUDENTUNIVERSE.COM, INC.",1,FY2024_Q4
NEW YORK AND PRESBYTERIAN HOSPITAL,1,FY2024_Q4
DIALPAD INC.,1,FY2024_Q4
"COLLABORATIVE SYSTEMS, INC.",1,FY2024_Q4
TECHIONS LLC,1,FY2024_Q4
WARNER BROS. DIGITAL NETWORK LABS INC.,1,FY2024_Q4
COGENT INFOTECH CORPORATION,1,FY2024_Q4
WEBMD LLC,1,FY2024_Q4
STERIS CORPORATION,1,FY2024_Q4
"SUBCOM, LLC.",1,FY2024_Q4
STREAMLINK SOFTWARE INC.,1,FY2024_Q4
SOLTEX SYSTEMS LLC,1,FY2024_Q4
"NETSCOUT SYSTEMS, INC.",1,FY2024_Q4
NENINE TECHNOLOGIES INC,1,FY2024_Q4
"SHEPHERD LABS, INC.",1,FY2024_Q4
"RADLINK, INC.",1,FY2024_Q4
NELO INC,1,FY2024_Q4
"REVOLUTION MEDICINES, INC.",1,FY2024_Q4
"SUN TAIYANG CO., LTD.",1,FY2024_Q4
"TWO SIGMA INSURANCE QUANTIFIED, LP",1,FY2024_Q4
PRINCIPLE POWER INC,1,FY2024_Q4
QUALITY STONE CORP,1,FY2024_Q4
TEXAS STRUCTURAL ENGINEERS,1,FY2024_Q4
JUNMA ENGINEERING PLLC,1,FY2024_Q4
"TESTENGEER, INC.",1,FY2024_Q4
"QUANTA TECHNOLOGY, LLC",1,FY2024_Q4
"SHERMCO INDUSTRIES, INC",1,FY2024_Q4
NEDERMAN CORPORATION,1,FY2024_Q4
TERUMO CARDIOVASCULAR SYSTEMS,1,FY2024_Q4
"EBB CARBON, INC.",1,FY2024_Q4
"STORD, INC",1,FY2024_Q4
THE HEIL CO.,1,FY2024_Q4
"REDWOOD MATERIALS, INC.",1,FY2024_Q4
NEW MEXICO INSTITUTE OF MINING AND TECHNOLOGY,1,FY2024_Q4
THE HILL PARTNERSHIP INC DBA HPI ARCHITECTURE,1,FY2024_Q4
"SUNGWON, INC.",1,FY2024_Q4
"NESTL RD CENTER, INC.",1,FY2024_Q4
PRINCETON BIOMEDITECH CORPORATION,1,FY2024_Q4
UNIVERSITY OF TOLEDO,1,FY2024_Q4
STOWERS INSTITUTE FOR MEDICAL RESEARCH,1,FY2024_Q4
"WIDEX USA, INC.",1,FY2024_Q4
"MRP, INC.",1,FY2024_Q4
PRINSTON PHARMACEUTICAL INC.,1,FY2024_Q4
"THE JESUS HOPE CHURCH OF GEORGIA, INC.",1,FY2024_Q4
LEAF FERREIRA DE ARAUJO LLC,1,FY2024_Q4
EAST BOSTON NEIGHBORHOOD HEALTH CENTER,1,FY2024_Q4
SEATTLE UNIVERSITY,1,FY2024_Q4
EAST SAN GABRIEL VALLEY JAPANESE COMMUNITY CENTER,1,FY2024_Q4
QUALITY EDUCATION ACADEMY,1,FY2024_Q4
RHODES DRIVING SCHOOLS INC.,1,FY2024_Q4
SUN GARDEN RESEARCH  DEVELOPMENT LLC,1,FY2024_Q4
REHKEMPER INVENTION AND DESIGN,1,FY2024_Q4
COLOSSEUM ATHLETICS CORPORATION,1,FY2024_Q4
STRAVA,1,FY2024_Q4
RICHTECH CREATIVE DISPLAYS LLC,1,FY2024_Q4
STUDIO OF EMBODIED EXPERIENCE DESIGN,1,FY2024_Q4
NED CASWELL DBA CAROLINA TENNIS MANAGEMENT INC.,1,FY2024_Q4
"STRATEGYONE INC, DBA EDELMAN INTELLIGENCE",1,FY2024_Q4
MORE HEALTH,1,FY2024_Q4
SHINING STAR COMMUNITY CHURCH,1,FY2024_Q4
DR. JAMES T KATSUR  ASSOCIATES PC,1,FY2024_Q4
MERCY MEDICAL CENTER,1,FY2024_Q4
OCONNER HOSPITAL,1,FY2024_Q4
"ALLWISE RESIDENTIAL HOME, INC.",1,FY2024_Q4
SUNRISE TRANSITIONAL CARE LLC,1,FY2024_Q4
OUR HOME LLC,1,FY2024_Q4
QUALITY CARE REHAB,1,FY2024_Q4
"SH  SK, INC.",1,FY2024_Q4
SHOTO DC LLC,1,FY2024_Q4
"SURA 153, INC.",1,FY2024_Q4
RICE KITCHEN INC,1,FY2024_Q4
THAI ELEPHANT MORRO BAY LLC,1,FY2024_Q4
"THAI ELEPHANT GROUP, INC",1,FY2024_Q4
"NEVA GROUP, INC. DBA NEISHA THAI CUISINE",1,FY2024_Q4
JKC FINE DINING INC,1,FY2024_Q4
THAI JASMINE,1,FY2024_Q4
ACJ RESTAURANTS LLC CLAY OVEN,1,FY2024_Q4
STEWBOS STAFFING LLC,1,FY2024_Q4
TGH FOOD INCDBA OISHI SUSHI AND GRILL,1,FY2024_Q4
NASHI RESTAURANT GROUP LLC,1,FY2024_Q4
RETROCAFE,1,FY2024_Q4
NEAT CLEANING SERVICE LLC,1,FY2024_Q4
YY BUSINESS CONSULTANTS,1,FY2024_Q4
STEFAN DOBIEJKO,1,FY2024_Q4
WHITNEY BURRELL,1,FY2024_Q4
PRIVATE HOUSEHOLD OF ROBIN FLAMENCO FUENTES,1,FY2024_Q4
RICHMOND WIRELESS INC,1,FY2024_Q4
"LEICA GEOSYSTEMS, INC.",1,FY2024_Q4
GK ELECTRONICS AND HOME SUPPLIES INC.,1,FY2024_Q4
PRIME INDUSTRIAL SOLUTIONS,1,FY2024_Q4
SUNPOWER CONTRACTORS INC,1,FY2024_Q4
"DYCKMAN AUTO SERVICE, INC",1,FY2024_Q4
METRO GRANITE LLC,1,FY2024_Q4
QUALITY GOLDFISH INC,1,FY2024_Q4
PRINT  POST INC.,1,FY2024_Q4
"LANIER HOST LLC, DBA RAMADA BY WYNDHAM",1,FY2024_Q4
TEAMCRAFT ROOFING INC.,1,FY2024_Q4
DR. JAMES KOMORNIK LLC DBA SEA EYE CARE,1,FY2024_Q4
NEW LIFE HISPANIC CHURCH,1,FY2024_Q4
WORLD GYM INC DBA ASSEMNLY SPORTS CLUB,1,FY2024_Q4
STONER FARMS,1,FY2024_Q4
DUANE E GRONHOVD,1,FY2024_Q4
"WINN CONSTRUCTION, INC",1,FY2024_Q4
WORLD CENTER LLC,1,FY2024_Q4
NEW  IMPROVED AUTO REPAIR SHOP LLC,1,FY2024_Q4
SUMZERO ENERGY SYSTEMS LLC,1,FY2024_Q4
Y  C INC,1,FY2024_Q4
REAL TRUCKING INC.,1,FY2024_Q4
BONILLA BROTHERS INC.,1,FY2024_Q4
PINTRILL,1,FY2024_Q4
THE BOXOFFICE COMPANY LLC,1,FY2024_Q4
SOURCEMAP INC.,1,FY2024_Q4
TRAINING ORCHESTRA AMERICA CORP.,1,FY2024_Q4
PINNACLEAIS ENGINEERING LLC,1,FY2024_Q4
"PETIT POT, INC.",1,FY2024_Q4
TRAVEL EDGE USA INC.,1,FY2024_Q4
THE LAW OFFICES OF JACOB EMRANI A PROFESSIONAL COR,1,FY2024_Q4
PENTAD CORPORATION,1,FY2024_Q4
TRACY HOHERZ FARM,1,FY2024_Q4
"PCL CONSTRUCTION, INC.",1,FY2024_Q4
TOTAL CONTRACTING LIMITED,1,FY2024_Q4
COLLEGE FOR CREATIVE STUDIES,1,FY2024_Q4
TEMPO PRODUCTS INC.,1,FY2024_Q4
TS RESTAURANT SUGARLAND LLC,1,FY2024_Q4
WONGTAYANUWAT S. LLC DBS STAR ANISE,1,FY2024_Q4
SUMI INERNATIONAL LLC,1,FY2024_Q4
SUVARNABHUMI LLC,1,FY2024_Q4
"THE KENNEBUNK INN GROUP, LLC",1,FY2024_Q4
"CLUB MED SALES, INC.",1,FY2024_Q4
COMMUNITY YOUTH CTR OF SAN FRANCISCO,1,FY2024_Q4
UNIVERSITY CORPORATION FOR ATMOSPHERIC RESEARCH,1,FY2024_Q4
"TRAVELCLICK, INC.",1,FY2024_Q4
"COM2US USA, INC.",1,FY2024_Q4
"TULIP INTERFACES, INC.",1,FY2024_Q4
PLUSCARGO USA LLC,1,FY2024_Q4
TONGCHENG LOGISTICS INC.,1,FY2024_Q4
"CLUB MED MANAGEMENT SERVICES, INC.",1,FY2024_Q4
TENDECO SALES INC,1,FY2024_Q4
THE MASK POT INC,1,FY2024_Q4
THE DME BOUTIQUE LLC,1,FY2024_Q4
CLARION CORPORATION OF AMERICA,1,FY2024_Q4
TRIPALINK CORP,1,FY2024_Q4
UNIVERSAL DNA DETERMINING CENTER LLC,1,FY2024_Q4
PINNACLE INFOTECH INC,1,FY2024_Q4
R BBQ CHICKEN CYPRESS VILLAGE,1,FY2024_Q4
POS REMARKETING GROUP,1,FY2024_Q4
"POCKETZWORLD, INC.",1,FY2024_Q4
"TRIMED, INC",1,FY2024_Q4
"TRISIGNAL INTEGRATION,INC.",1,FY2024_Q4
"PURSUIT PROPERTIES, LLC",1,FY2024_Q4
"COMMERCIAL CABINETRY, LLC",1,FY2024_Q4
"TRAYLOR BROS., INC.",1,FY2024_Q4
"THE AMBIENT HOSPICE, INC.",1,FY2024_Q4
QUICK SERVE INC,1,FY2024_Q4
"TRITON LOGISTICS, INC.",1,FY2024_Q4
"SYLVAMO NORTH AMERICA, LLC",1,FY2024_Q4
PVH CORP.,1,FY2024_Q4
THE CAPITAL MARKETS COMPANY,1,FY2024_Q4
COMPASS BEAUTY INC,1,FY2024_Q4
"TRUEPILL, INC.",1,FY2024_Q4
"UNIVERSAL TECHNOLOGIES, LLC",1,FY2024_Q4
"PERCEPTRON, INC",1,FY2024_Q4
"SOILAND RESOURCES, LLC",1,FY2024_Q4
PHEMIA EDUCATION CONSULTING,1,FY2024_Q4
SONNY BOY BAKERY LLC,1,FY2024_Q4
OCCY INC.,1,FY2024_Q4
USA WHEEL  TIRES OUTLET INC.,1,FY2024_Q4
POINT BAR REVIEW LLC,1,FY2024_Q4
ACT2INTERIORS,1,FY2024_Q4
TOP TAX AND ASSOCIATES INC,1,FY2024_Q4
"PULLIAM  CABLE, P. C.",1,FY2024_Q4
"ADATA TECHNOLOGY USA CO., LTD",1,FY2024_Q4
USA REALTY CONSTRUCTION GROUP INC,1,FY2024_Q4
"SOUND SEAL, INC",1,FY2024_Q4
CLAUDIOS HOLDING CORP INC,1,FY2024_Q4
"PUTNAM INVESTMENT MANAGEMENT, LLC",1,FY2024_Q4
TIBER CAPITAL LLC,1,FY2024_Q4
SWAN  LEGEND MANAGEMENT SERVICES,1,FY2024_Q4
"TRANSUNION RISK AND ALTERNATIVE DATA SOLUTIONS, IN",1,FY2024_Q4
"PENSO ADVISORS, LLC",1,FY2024_Q4
PJT PARTNERS HOLDINGS LP,1,FY2024_Q4
SYNTAX MANAGEMENT PC,1,FY2024_Q4
TAXBILL HERRON,1,FY2024_Q4
THE LEAN SOFTWARE BOUTIQUE LLC,1,FY2024_Q4
"TRUPANION MANAGERS USA, INC.",1,FY2024_Q4
QEM INC,1,FY2024_Q4
SUPERBAG OPERATING LTD.,1,FY2024_Q4
"URL SYSTEMS, INC.",1,FY2024_Q4
SOLWARE IT TECHNOLOGIES LLC,1,FY2024_Q4
PIEDMONT HEALTHCARE CORPORATION,1,FY2024_Q4
"TRACLABS, INC.",1,FY2024_Q4
"NEWGENS, INC.",1,FY2024_Q4
"CLOUDVIRGA, INC.",1,FY2024_Q4
UNIVERSAL DATA INC,1,FY2024_Q4
"NTT MANAGED SERVICES AMERICAS, LLC",1,FY2024_Q4
THINK IT TECHNOLOGIES INC.,1,FY2024_Q4
THE CARLE FOUNDATION,1,FY2024_Q4
THE DILIGENT GROUP LLC,1,FY2024_Q4
TIETRONIX SOFTWARE INC.,1,FY2024_Q4
PEPON INC.,1,FY2024_Q4
ONESOURCE VIRTUAL,1,FY2024_Q4
SUPER DEAL AUTO GROUP LLC,1,FY2024_Q4
TRUSTED INC.,1,FY2024_Q4
"SYSGAIN, INC.",1,FY2024_Q4
"COMPUTER ENTERPRISES, INC.",1,FY2024_Q4
"PINGCAP US, INC.",1,FY2024_Q4
PHILLIPS 66,1,FY2024_Q4
POCKET GEMS INC,1,FY2024_Q4
"Q SOFTWARE DEVELOPMENT LLC, DBA QUAREM",1,FY2024_Q4
"RIDGELINE, INC.",1,FY2024_Q4
POSITIVE GROUP LLC,1,FY2024_Q4
"SYNACOR, INC.",1,FY2024_Q4
THE DAVEY TREE EXPERT COMPANY,1,FY2024_Q4
"COMPETITIVE MEDIA REPORTING, LLC",1,FY2024_Q4
"AVL TEST SYSTEMS, INC.",1,FY2024_Q4
SUPRA NATIONAL EXPRESS INC,1,FY2024_Q4
"QUESTPAY, INC.",1,FY2024_Q4
"SYNATY, LLC",1,FY2024_Q4
"PHILO, INC.",1,FY2024_Q4
"PINWHEEL SOLUTIONS, INC.",1,FY2024_Q4
QUINTAR INC.,1,FY2024_Q4
SVK TECHNOLOGY SOLUTIONS INC.,1,FY2024_Q4
SYSVINE TECHNOLOGIES INC.,1,FY2024_Q4
SOPHUS IT SOLUTIONS LLC,1,FY2024_Q4
"PHOENIX TECHNOLOGIES, INC.",1,FY2024_Q4
SOURCEPOINT TECHNOLOGIES INC,1,FY2024_Q4
"COHERE HEALTH, INC",1,FY2024_Q4
"POPOUT, INC. DBA SHIPPO",1,FY2024_Q4
"TECHSUR SOLUTIONS, LLC",1,FY2024_Q4
"PILOT CATASTROPHE SERVICES, INC.",1,FY2024_Q4
SYSNET TECHNOLOGY SOLUTIONS,1,FY2024_Q4
PETSMART LLC,1,FY2024_Q4
"NEXTEK, LLC",1,FY2024_Q4
PIONEER TECHNOLOGIES CORPORATION,1,FY2024_Q4
COLSON GROUP HOLDINGS LLC,1,FY2024_Q4
CLINDATA INSIGHT INC,1,FY2024_Q4
URSA HEALTH LLC,1,FY2024_Q4
UNIVERSITY OF KANSAS HOSPITAL AUTHORITY,1,FY2024_Q4
COLLEGE OF BIBLICAL STUDIESHOUSTON,1,FY2024_Q4
UTAH GLOBAL TRANSPORTATION MANAGEMENT SOLUTIONS,1,FY2024_Q4
"PICKARD CHILTON ARCHITECTS, INC.",1,FY2024_Q4
PYKA INC.,1,FY2024_Q4
"NEW CULTURE, INC.",1,FY2024_Q4
"URBASER, INC.",1,FY2024_Q4
"ORION WATER SOLUTIONS, LLC",1,FY2024_Q4
"COMMONWEALTH EDISON COMPANY, AN EXELON COMPANY",1,FY2024_Q4
"PLASKOLITE MASSACHUSETTS, LLC",1,FY2024_Q4
PITNEY BOWES GLOBAL LOGISTICS LLC,1,FY2024_Q4
TETRA PAK MATERIALS LLC,1,FY2024_Q4
CLARIANT CORPORATION,1,FY2024_Q4
"SYNQOR, INC.",1,FY2024_Q4
ADVANCE INDUSTRIAL GROUP,1,FY2024_Q4
"WIZ TECH, INC.",1,FY2024_Q4
US MEDICAL INNOVATIONS,1,FY2024_Q4
TESCO  THE EASTERN SPECIALTY COMPANY,1,FY2024_Q4
"SURPLUS MANAGEMENT, INC.",1,FY2024_Q4
PVILION TECHNOLOGIES LLC,1,FY2024_Q4
"QM USA, CORP",1,FY2024_Q4
"TATE AND LYLE SOLUTIONS USA, LLC",1,FY2024_Q4
"PINETREE THERAPEUTICS, INC.",1,FY2024_Q4
"SUTRO BIOPHARMA, INC.",1,FY2024_Q4
CITY OF PIEDMONT,1,FY2024_Q4
"UNIVERSITY INN CHICO, LLC",1,FY2024_Q4
"ADMISSION MASTERS, INC",1,FY2024_Q4
THE RELATIONSHIP CENTER OF HAMPTON ROADS,1,FY2024_Q4
"THE BOUGAINVILLA HOUSE, INC.",1,FY2024_Q4
THE HANA CENTER,1,FY2024_Q4
"PHILIP R TAFT, PSY.D.,  ASSOCIATES PLLC",1,FY2024_Q4
THE LUTHERAN UNIVERSITY ASSOCIATION,1,FY2024_Q4
QUEENS COLLEGE OF THE CITY UNIVERSITY OF NEW YORK,1,FY2024_Q4
"UNIVERSITY OF CALIFORNIA, SAN DIEGO",1,FY2024_Q4
THOMAS JEFFERSON UNIVERSITY,1,FY2024_Q4
UNIVERSITY OF NORTH CAROLINA WILMINGTON,1,FY2024_Q4
UNIVERSITY OF PUERTO RICORIO PIEDRAS CAMPUS,1,FY2024_Q4
"USA PRANCER DEVELOPMENT,INC",1,FY2024_Q4
TMA TAEKWONDO CORPORATION,1,FY2024_Q4
THE ART INSTITUTE OF CHICAGO,1,FY2024_Q4
"STINGRAY CREATIONS, LLC",1,FY2024_Q4
"ADOLESCENT, INC",1,FY2024_Q4
"UMGEE U.S.A., INC.",1,FY2024_Q4
URGENT ISLAND RESTORATION LLC,1,FY2024_Q4
"THE FIRST CHURCH OF CHRIST, SCIENTIST",1,FY2024_Q4
"US LAW GROUP, LLC",1,FY2024_Q4
"TOPTOP ENTERPRISE,LTD",1,FY2024_Q4
UNIVERSITY OF NEW ENGLAND,1,FY2024_Q4
"URBAN HEALTH PLAN, INC.",1,FY2024_Q4
USA HEALTH CARE MANAGEMENT LLC,1,FY2024_Q4
SOUTHWEST GASTROENTEROLOGY ASSOCIATES PC,1,FY2024_Q4
SOUTH LOUISIANA MEDICAL ASSOCIATES,1,FY2024_Q4
PINNACLE HEALTH MEDICAL SERVICES,1,FY2024_Q4
UPMC WILLIAMSPORT,1,FY2024_Q4
COMMUNITY SUPPORT SERVICES LLC,1,FY2024_Q4
TATIANA REY,1,FY2024_Q4
UNIVERSE ADULT FAMILY HOME LLC,1,FY2024_Q4
YO FAMILY INC,1,FY2024_Q4
SUSHI YA DRAPER INC,1,FY2024_Q4
"PINE TREE GOLF CLUB, INC.",1,FY2024_Q4
GYROMANIA 4 LLC,1,FY2024_Q4
"CITY OF REFUGE, INC.",1,FY2024_Q4
"THAI ELEPHANTS II, LLC DBA THAI ELEPHANTS II",1,FY2024_Q4
SUPREME THAI BISTRO INC,1,FY2024_Q4
ZOEY TRAN INC,1,FY2024_Q4
TENROKU SUSHI INC,1,FY2024_Q4
TEX MEX DELI AND GROCERY INC.,1,FY2024_Q4
"NEW PERSPECTIVES POLE AND AERIAL, LLC",1,FY2024_Q4
POST OAK CORNER STORE,1,FY2024_Q4
TIBET IMPORTS,1,FY2024_Q4
THE FUTURE MOBILE LLC,1,FY2024_Q4
SUNSHINE PETROLEUM LLC,1,FY2024_Q4
"ZANS POWER GROUP, INC.",1,FY2024_Q4
PEACE ELECTRONIC LLC,1,FY2024_Q4
"NEWTERRA CORPORATION, INC.",1,FY2024_Q4
"UPTAKE TECHNOLOGIES, INC.",1,FY2024_Q4
"PLANISWARE USA, INC.",1,FY2024_Q4
"QVENTUS, INC. FORMERLY KNOWN AS ANALYTICSMD",1,FY2024_Q4
ACTIONIQ,1,FY2024_Q4
SOMA MEDICAL CENTER PA,1,FY2024_Q4
PB CONTRACTING CORP.,1,FY2024_Q4
"UNIVERSAL IRON DOORS  HARDWARE, INC.",1,FY2024_Q4
JAMES WEE ACCOUNTANCY CORPORATION,1,FY2024_Q4
ACSHARES AVIATION GROUP INC.,1,FY2024_Q4
ROCKY MOUNTAIN EXPRESS DBA RMX GLOBAL LOGISTICS,1,FY2024_Q4
PUSCH  NGUYEN,1,FY2024_Q4
PINHO LAW PLLC,1,FY2024_Q4
SUVIVIENDA LLC,1,FY2024_Q4
RONALDO ENTERPRISES INC,1,FY2024_Q4
"SOLARES ELECTRICAL SERVICES, INC",1,FY2024_Q4
TOP TIER REMODELING CORPORATION,1,FY2024_Q4
POLO A PLUMBING AND HEATING INC,1,FY2024_Q4
YESAC GEORGIA CORPORATION,1,FY2024_Q4
TJ CHAPMAN AUTO,1,FY2024_Q4
"POLYNESIAN ADVENTURE TOURS, LLC",1,FY2024_Q4
PINOS CARPENTRY LLC,1,FY2024_Q4
THOMAS RUG CLEANING CO.,1,FY2024_Q4
TRANSFLUID HOLDINGS INC.,1,FY2024_Q4
UNO EXPRESS CLEANERS INC,1,FY2024_Q4
TRIVIA SOLUTIONS LLC,1,FY2024_Q4
PJN TRANSPORT INC.,1,FY2024_Q4
US TRUCKING SERVICE INC,1,FY2024_Q4
SEKISUI KASEI USA INC.,1,FY2024_Q4
RISLAND US HOLDINGS LLC,1,FY2024_Q4
"TWEST, INC.",1,FY2024_Q4
"FOXSEMICON, LLC",1,FY2024_Q4
"UHY ADVISORS MO, INC.",1,FY2024_Q4
"LULUS FASHION LOUNGE, LLC",1,FY2024_Q4
"LUXIUM SOLUTIONS, LLC",1,FY2024_Q4
LUFTHANSA TECHNIK COMPONENT SERVICES LLC,1,FY2024_Q4
M K COURIER SERVICES INC,1,FY2024_Q4
MACE NORTH AMERICA LIMITED,1,FY2024_Q4
PROGRESS BUILDERS,1,FY2024_Q4
MM INTERNATIONAL MANAGEMENT LLC,1,FY2024_Q4
THE RECON GROUP LLP,1,FY2024_Q4
SOW DESIGN STUDIO INC,1,FY2024_Q4
"VA REAL ESTATE TEAM, LLC",1,FY2024_Q4
SOUTHERN DISTRICT YMCA,1,FY2024_Q4
LVE ENTERPRISES INC,1,FY2024_Q4
SMR AUTOMOTIVE SYSTEMS USA INC.,1,FY2024_Q4
"SOUTHEASTERN SALES, INC.",1,FY2024_Q4
"UPSTAT DENTAL SOLUTIONS, LTD",1,FY2024_Q4
SMS CLINICAL RESEARCH LLC,1,FY2024_Q4
VITOL INC.,1,FY2024_Q4
TOSCANO CLEMENTS TAYLOR,1,FY2024_Q4
PTE SYSTEMS INTERNATIONAL LLC,1,FY2024_Q4
VORIOLE GROUP LLC,1,FY2024_Q4
"WITRONIX, LLC",1,FY2024_Q4
WOLF LINE CONSTRUCTION COMPANY,1,FY2024_Q4
"PUBLIC POLICY LAB, INC.",1,FY2024_Q4
GREEN WAVE INGREDIENTS INC.,1,FY2024_Q4
GV AMERICA TRADING LLC,1,FY2024_Q4
"VIRTUAL SYSTEMS SOLUTIONS, INC",1,FY2024_Q4
XFY BELLEVUE LLC,1,FY2024_Q4
MADOKA INTERNATIONAL INC.,1,FY2024_Q4
"GEORGE XU C.P.A., P.C.",1,FY2024_Q4
VALLEN DISTRIBUTION INC.,1,FY2024_Q4
MAGNETAR CAPITAL LLC,1,FY2024_Q4
MACHO  ASOCIADOS CONSULTING CORP.,1,FY2024_Q4
"SCHNELLECKE LOGISTICS USA, LLC",1,FY2024_Q4
WESTERN KENTUCKY UNIVERSITY,1,FY2024_Q4
TURCK INC.,1,FY2024_Q4
VSOFT CORPORATION INC,1,FY2024_Q4
"GLOBAL INFORMATION SERVICES, INC",1,FY2024_Q4
LVT LABS,1,FY2024_Q4
SPADE LLC,1,FY2024_Q4
"VALIZANT, INC",1,FY2024_Q4
TOPSYNTAX INC,1,FY2024_Q4
WINNESHIEK COUNTY,1,FY2024_Q4
"TRN SYSTEMS, INC",1,FY2024_Q4
"UJET, INC.",1,FY2024_Q4
TOMTOM NORTH AMERICA INC,1,FY2024_Q4
TSYS ACQUIRING SOLUTIONS,1,FY2024_Q4
"SPECTRO CLOUD, INC.",1,FY2024_Q4
"SPLASH BUSINESS INTELLIGENCE, INC.",1,FY2024_Q4
WILMER TECHNOLOGIES INC,1,FY2024_Q4
THEOREM PARTNERS LLC,1,FY2024_Q4
TWISTHINK,1,FY2024_Q4
THE TRANZONIC COMPANIES,1,FY2024_Q4
THE VEEDERROOT COMPANY,1,FY2024_Q4
TRAFIX LLC,1,FY2024_Q4
"PROMEDICA HEALTH SYSTEMS, INC.",1,FY2024_Q4
VITAL INTERACTION LLC,1,FY2024_Q4
TOTAL ADMINISTRATIVE SERVICES CORP DBA TASC,1,FY2024_Q4
"TOKIO MARINE MANAGEMENT, INC.",1,FY2024_Q4
"PROLIFICS, INC.",1,FY2024_Q4
TITAN DATA GROUP INC,1,FY2024_Q4
"SPIN SYSTEMS, INC.",1,FY2024_Q4
UTSUWANOYAKATA,1,FY2024_Q4
UBS BANK USA,1,FY2024_Q4
PROFESSIONAL TESTING CORPORATION,1,FY2024_Q4
"TIER ONE ANALYTICS, INC.",1,FY2024_Q4
WESTERN ELECTRICITY COORDINATING COUNCIL,1,FY2024_Q4
"WHEELS, LLC",1,FY2024_Q4
THE TIE INC,1,FY2024_Q4
SPACE AUTO GROUP INC.,1,FY2024_Q4
LUXURY AUTO INC,1,FY2024_Q4
H2R CORP,1,FY2024_Q4
"PROFESSIONAL SOFTWARE ASSOCIATES, INC.",1,FY2024_Q4
"PTV AMERICA, INC.",1,FY2024_Q4
"TRIAD RF SYSTEMS, INC.",1,FY2024_Q4
ULB,1,FY2024_Q4
ADVANCED CABLE BUS INC,1,FY2024_Q4
TRINSEO LLC,1,FY2024_Q4
"TMX LOGISTICS, INC",1,FY2024_Q4
"SPAN.IO,INC.",1,FY2024_Q4
SPECTRAWAVE INC,1,FY2024_Q4
TRANE TECHNOLOGIES COMPANY,1,FY2024_Q4
TRANSCONTINENTAL ULTRA FLEX INC.,1,FY2024_Q4
TIFFANY  CO.,1,FY2024_Q4
"TRYSTAR, LLC",1,FY2024_Q4
"TURBO AIR, INC.",1,FY2024_Q4
"WHC, LLC DBA WHC ENERGY SERVICES",1,FY2024_Q4
WALKERMILLER ENERGY SERVICES,1,FY2024_Q4
VOLVO PENTA OF THE AMERICAS,1,FY2024_Q4
"GOODE VAN SLYKE ARCHITECTURE, LLC",1,FY2024_Q4
VOLM COMPANIES INC,1,FY2024_Q4
TRANS OVA GENETICS LC,1,FY2024_Q4
"XCENDA, LLC",1,FY2024_Q4
CONTRACT PHARMACAL CORP,1,FY2024_Q4
THRIVE HEALTH LLC,1,FY2024_Q4
TOPALLIANCE BIOSCIENCES INC.,1,FY2024_Q4
WHITEHEAD INSTITUTE FOR BIOMEDICAL RESEARCH,1,FY2024_Q4
THROUGH THE SEA MARRIAGE AND FAMILY COUNSELING INC,1,FY2024_Q4
TENDERLOIN NEIGHBORHOOD DEVELOPMENT CORPORATION,1,FY2024_Q4
SOUTHERN KOREAN PRESBYTERIAN CHURCH,1,FY2024_Q4
"THOMPSON  SKRABANEK, PLLC",1,FY2024_Q4
VIRGINIA UNIVERSITY OF INTEGRATIVE MEDICINE,1,FY2024_Q4
SOUTHEAST MO STATE UNIVERSITY,1,FY2024_Q4
"M.I.T. ASSOCIATES, INC.",1,FY2024_Q4
WINSTONSALEMFORSYTH COUNTY SCHOOLS,1,FY2024_Q4
TYLER INDEPENDENT SCHOOL DISTRICT,1,FY2024_Q4
TRINITY SCHOOL,1,FY2024_Q4
"TOTVS, INC. DBA TOTVS LABS",1,FY2024_Q4
"PROIT, LLC",1,FY2024_Q4
"YABU PUSHELBERG, INC.",1,FY2024_Q4
THEDESIGNERS GROUP INC,1,FY2024_Q4
"WOODS SPORTS, INC.",1,FY2024_Q4
UK ELITE SOCCER,1,FY2024_Q4
"UKRAINE HOUSE DC FOUNDATION, INC.",1,FY2024_Q4
PRODUCTION RESOURCE GROUP,1,FY2024_Q4
HAMDEN DENTAL CARE LLC,1,FY2024_Q4
"WMC PHYSICIAN PRACTICES, LLC",1,FY2024_Q4
SPECIALTY PHYSICIANS GROUP,1,FY2024_Q4
"SMJC YOO, INC",1,FY2024_Q4
TLB GROUP CORPORATION DBA BLUEMOON,1,FY2024_Q4
"UBATUBA ACAI SHERMAN OAKS, LLC., DBA UBATUBA ACAI",1,FY2024_Q4
SEVEN CORNERS DINER DBA FAIRFAX INN  RESTAURANT,1,FY2024_Q4
MADAN FOODS INC,1,FY2024_Q4
ING INC DBA MEI HON CHINESE RESTAURANT,1,FY2024_Q4
LUMP SUM ENTERPRISE LLC,1,FY2024_Q4
SMMJ CO INC,1,FY2024_Q4
"YOON JUNG, CORPORATION",1,FY2024_Q4
"SPAIN 92, INC.",1,FY2024_Q4
SHEARON ENVIRONMENTAL DESIGN INC.,1,FY2024_Q4
"MADISON AVE TOKA, INC.",1,FY2024_Q4
ROYAL BOUTIQUE NAILS INC,1,FY2024_Q4
LUIZ EDUARDO PEIXER BETTEGA,1,FY2024_Q4
SHAWN MCINTYRE,1,FY2024_Q4
SHEREE DANIELLE MCCULLOUGH,1,FY2024_Q4
WOODSIDE WINE  LIQUOR INC.,1,FY2024_Q4
"TRAILERS OF TEXAS, INC.",1,FY2024_Q4
"THE TAP OF KANSAS, INC.",1,FY2024_Q4
M G MICHAEL INC,1,FY2024_Q4
SHAFA INC,1,FY2024_Q4
HANALL CORP.,1,FY2024_Q4
WORLD CLASS SOLUTIONS LLC,1,FY2024_Q4
SOY SALUDABLE CORP,1,FY2024_Q4
TWC THE WISE COMPUTER INC,1,FY2024_Q4
HOMESITE MANAGEMENT LLC,1,FY2024_Q4
VALJEAN INTERNATIONAL INC,1,FY2024_Q4
"STABEL FAMILY FARMS, LLC",1,FY2024_Q4
VALENTIN CONSTRUCTION  DEVELOPMENT LLC,1,FY2024_Q4
VM POWER CONSTRUCTION  REMODELING LLC,1,FY2024_Q4
VOLTECH ELECTRIC INC,1,FY2024_Q4
GRANITEASAP LLC.,1,FY2024_Q4
"SOUTHWAY CRANE  RIGGING, LLC",1,FY2024_Q4
MK TRADING,1,FY2024_Q4
THE SEED  CAMP NETIMUS,1,FY2024_Q4
VACATION S PARTNERS,1,FY2024_Q4
"SOUTHERN BAY BAKERY, INC.",1,FY2024_Q4
VA JEWERLY INC,1,FY2024_Q4
"ULA TRANS, INC.",1,FY2024_Q4
QUANTUM FLOORS INC,1,FY2024_Q4
"ULTIMATE JET VACATIONS, LLC",1,FY2024_Q4
RANKED LLC,1,FY2024_Q4
VENETIAN LAS VEGAS GAMING LLC,1,FY2024_Q4
RHONE GROUP L.L.C.,1,FY2024_Q4
"UNILOY, INC.",1,FY2024_Q4
VIVOT EQUIPMENT CORPORATION,1,FY2024_Q4
"STRUCTURAL PRESERVATION SYSTEMS, LLC",1,FY2024_Q4
THE NEW IEM LLC,1,FY2024_Q4
88 SPECIAL SWEET INC.,1,FY2024_Q4
RMB VENTURES LLC,1,FY2024_Q4
R BBQ CHICKEN NORTHPARK,1,FY2024_Q4
"QUANTCORP CONSTRUCTION, LLC",1,FY2024_Q4
GALAXY US OPCO INC DBA VIALTO PARTNERS,1,FY2024_Q4
THE ORELUBE CORPORATION,1,FY2024_Q4
"VANNER, INC.",1,FY2024_Q4
"PRIME TECH SUPPORT, LLC.",1,FY2024_Q4
"MAMMOET USA SOUTH, INC.",1,FY2024_Q4
THE NATURE CONSERVANCY,1,FY2024_Q4
UNITED WORLDWIDE EXPRESS LLC,1,FY2024_Q4
"UNIFIED CARE PROVIDERS, INC.",1,FY2024_Q4
REVITY LLC,1,FY2024_Q4
VEGO GARDEN INC,1,FY2024_Q4
GOWAN COMPANY LLC,1,FY2024_Q4
"GREYLOCK CAPITAL ASSOCIATES, LLC",1,FY2024_Q4
THE NEE AGENCY,1,FY2024_Q4
RLT TECHNOLOGIES INC.,1,FY2024_Q4
PEBLLA INC.,1,FY2024_Q4
THE MOSAIC COMPANY,1,FY2024_Q4
"POINT BLANK ENTERPRISES, INC.",1,FY2024_Q4
ADVANCED DRAINAGE SYSTEMS INC.,1,FY2024_Q4
"MAJESTYK APPS, LLC",1,FY2024_Q4
VENNSYS LLC,1,FY2024_Q4
VECTOR NORTH AMERICA INC.,1,FY2024_Q4
"PHDATA, INC.",1,FY2024_Q4
VCA INC.,1,FY2024_Q4
RCR TECHNOLOGY CORPORATION,1,FY2024_Q4
"RIVI CONSULTING GROUP, LLC",1,FY2024_Q4
"UNIVERSAL CITY DEVELOPMENT PARTNERS, LTD",1,FY2024_Q4
PROGNOMIQ INC.,1,FY2024_Q4
VECTOR INFO SOLUTIONS INC,1,FY2024_Q4
MAJORKEY TECHNOLOGIES,1,FY2024_Q4
UNITED SITE SERVICES INC.,1,FY2024_Q4
UNIVERSAL BUSINESS CONSULTING INC,1,FY2024_Q4
"UNION BIOMETRICA, INC.",1,FY2024_Q4
THE NEBRASKA MEDICAL CENTER,1,FY2024_Q4
VERANS BUSINESS SOLUTIONS INC.,1,FY2024_Q4
"VECTOR FLOW, INC.",1,FY2024_Q4
"PROFESSIONAL INTERACTIVE SOLUTIONS, LLC",1,FY2024_Q4
QUMPUS INC. DBA BETTER WORLD BOOKS,1,FY2024_Q4
DOOSAN INFRACORE NORTH AMERICA LLC,1,FY2024_Q4
"VEEM, INC.",1,FY2024_Q4
RAGLE INC,1,FY2024_Q4
"UNITED STATES TOWER SERVICES, LTD",1,FY2024_Q4
ADVANCED MECHANICAL TECHNOLOGIES,1,FY2024_Q4
VEREGY,1,FY2024_Q4
"RENISHAW HEALTHCARE, INC.",1,FY2024_Q4
ROADPRINTZ INC.,1,FY2024_Q4
DC3 THERAPEUTICS,1,FY2024_Q4
THE NEW ENGLAND CENTER FOR CHILDREN,1,FY2024_Q4
UNIVERSITY OF MASSACHUSETTS BOSTON,1,FY2024_Q4
SOUTHWESTERN UNIVERSITY,1,FY2024_Q4
SPELMAN COLLEGE,1,FY2024_Q4
NEXUS ARCHITECTURE PC,1,FY2024_Q4
VENTRESCA DESIGN LLC,1,FY2024_Q4
UNIDENT DENTAL GROUP,1,FY2024_Q4
MALABAR PHARMACY LLC,1,FY2024_Q4
"TLT CARE ENTERPRISE, LLC",1,FY2024_Q4
VENEMAN CARE HOME,1,FY2024_Q4
TWILIGHT HAVEN  MESA LLC,1,FY2024_Q4
RADHIKA KAPOOR DENTISTRY LLC,1,FY2024_Q4
THE MANSION VOORHEES LLC,1,FY2024_Q4
MAI PHUONG RESTAURANT INC,1,FY2024_Q4
"UMI TRADING, INC. DBA UMI SUSHI",1,FY2024_Q4
KABOB CORNER OF STAFFORD,1,FY2024_Q4
THE BRIGHT STAR LLC,1,FY2024_Q4
RACHEL HERSSKOVITZ,1,FY2024_Q4
"AANVI, INC. DBA BROTHERS OUTLET",1,FY2024_Q4
VERDE DOLLAR PLUS BEAUTY SUPPLY INC.,1,FY2024_Q4
"ADDA USA, INC.",1,FY2024_Q4
MAHLE INDUSTRIES INCORPORATED,1,FY2024_Q4
3 POINT SERVICES INC,1,FY2024_Q4
ROA  GRISOLIA INVESTMENT LLC,1,FY2024_Q4
R.A.FRAGRANCES  PERFUMES INC,1,FY2024_Q4
GP TRANSPORTATION CO. DBA GP TRANSCO,1,FY2024_Q4
RIYAN ENTERPRISES INC,1,FY2024_Q4
"UNITED GLOBE CARGO, INC",1,FY2024_Q4
ULLIBY LLC,1,FY2024_Q4
"VARGAS PLUMBING  HEATING, CORP",1,FY2024_Q4
SOSA CONSTRUCTION INC.,1,FY2024_Q4
THE MENDA GROUP INC,1,FY2024_Q4
MAHONEY CONSTRUCTION,1,FY2024_Q4
GRANITE WORLD COUNTERTOPS INC.,1,FY2024_Q4
VELIVANC INC,1,FY2024_Q4
"GRAND SLAM SAFETY, LLC",1,FY2024_Q4
WIN BRANDS GROUP,1,FY2024_Q4
"JS AUDIT GROUP, INC",1,FY2024_Q4
XIN DEVELOPMENT MANAGEMENT EAST LLC,1,FY2024_Q4
"YIELDSTREET, INC.",1,FY2024_Q4
XUPER FUNDING LLC,1,FY2024_Q4
WEST COUNTY CLEANING SERVICE DBA VOLPE CONSULTING,1,FY2024_Q4
VICTORY CHRISTIAN CENTER,1,FY2024_Q4
"NITHIO FINANCE, INC",1,FY2024_Q4
XEKERA SYSTEMS,1,FY2024_Q4
"VIBRANT, INC.",1,FY2024_Q4
"JOHN WILEY  SONS, INC.",1,FY2024_Q4
"SENTIENT ENERGY, INC.",1,FY2024_Q4
"OPEN SYSTEMS TECHNOLOGIES, INC.",1,FY2024_Q4
TULA CONSULTING LLC,1,FY2024_Q4
VERTICAL BRIDGE MANAGEMENT LLC,1,FY2024_Q4
NICHOLAS AND COMPANY,1,FY2024_Q4
WORTHPFAFF INNOVATIONS INC. DBA FLASHCUT CNC,1,FY2024_Q4
YES ENERGY LLC,1,FY2024_Q4
NEXTIVITY,1,FY2024_Q4
VERMEG INTERNATIONAL USA INC,1,FY2024_Q4
"VIA PLANNING, INC.",1,FY2024_Q4
VETERAN PIPELINE CONSTRUCTION INC.,1,FY2024_Q4
"KATEEVA, INC.",1,FY2024_Q4
HUDSON PRODUCTS CORPORATION,1,FY2024_Q4
SANHUA INTERNATIONAL INC.,1,FY2024_Q4
"CERTAINTEED GYPSUM, INC.",1,FY2024_Q4
"SAREPTA THERAPEUTICS, INC.",1,FY2024_Q4
"WFP  ASSOCIATES, LLC",1,FY2024_Q4
WIDENER UNIVERSITY,1,FY2024_Q4
"WIEDEN  KENNEDY, INC",1,FY2024_Q4
SANFORD BISMARCK,1,FY2024_Q4
SCOTT  WHITE CLINIC,1,FY2024_Q4
YELLOW HAMMER PIZZA OF MD LLC.,1,FY2024_Q4
VICTORIA ANNE HOFFMAN,1,FY2024_Q4
CHRISTOPHER SALASWRIGHT,1,FY2024_Q4
K. R. KOMAREK INC,1,FY2024_Q4
WONHO BAGEL CORP,1,FY2024_Q4
RICH MUSIC INC,1,FY2024_Q4
"SIERRA HOME HEALTH CARE SERVICES, INC.",1,FY2024_Q4
HUNEYCUTT RANCHES,1,FY2024_Q4
RESIA CONSTRUCTION LLC FKA AHS MULTIFAMILY CONST.,1,FY2024_Q4
HULK TRADING LLC,1,FY2024_Q4
KIMS SOLID GOLD INC. DBA SOLID GOLD BEAUTY SUPPLY,1,FY2024_Q4
I  I HAIR COPRORATION,1,FY2024_Q4
"VS AMERICA, INC.",1,FY2024_Q4
SINGULAR PEOPLE LLC,1,FY2024_Q4
SKY BIRD TRAVEL  TOURS INC,1,FY2024_Q4
VOSS EVENTS INC,1,FY2024_Q4
WIZARD LOGISTICS LLC,1,FY2024_Q4
"NOVOZYMES NORTH AMERICA, INC.",1,FY2024_Q4
SANTA MONICA SEAFOOD COMPANY,1,FY2024_Q4
SMP AUTOMOTIVE SYSTEMS ALABAMA INC.,1,FY2024_Q4
SARASOTA ITALIAN FOOD PRODUCTION LLC,1,FY2024_Q4
WAKO INFLIGHT SERVICE INC.,1,FY2024_Q4
TUTU AMERICAN INC,1,FY2024_Q4
SKF USA INC,1,FY2024_Q4
SANTA CRUZ BICYCLES,1,FY2024_Q4
NTX SOLUTIONS LLC,1,FY2024_Q4
"SLI, INC. DBA SEALINK INTERNATIONAL INC.",1,FY2024_Q4
I BUY BEAUTY LLC  DBA  FASTBOY MARKETING,1,FY2024_Q4
"NOVILAND TECHNOLOGIES, INC",1,FY2024_Q4
TWINLAB CONSOLIDATION CORPORATION,1,FY2024_Q4
VSP BUILDERS CORP.,1,FY2024_Q4
UGP2 LLC,1,FY2024_Q4
HRAZDAN CORPORATION,1,FY2024_Q4
"TSL ADVISERS   NY, INC.",1,FY2024_Q4
"HPS INVESTMENT PARTNERS, LLC",1,FY2024_Q4
WACKER NEUSON AMERICA CORPORATION,1,FY2024_Q4
"SINGULARITY VENTURES, INC",1,FY2024_Q4
"NUMANN TECHNOLOGIES, INC",1,FY2024_Q4
SAVAGE SERVICES CORPORATION,1,FY2024_Q4
TURNINGPOINT GLOBAL SOLUTIONS LLC,1,FY2024_Q4
NOVO VIVO INC.,1,FY2024_Q4
"UNDER ARMOUR, INC.",1,FY2024_Q4
"SCRIBE OPCO, INC.",1,FY2024_Q4
SIRITEK INC,1,FY2024_Q4
VON MAUR,1,FY2024_Q4
"I4DM, LLC",1,FY2024_Q4
"SCHEDULING INSTITUTE, INC.",1,FY2024_Q4
SATURN TECH LLC DBA SAANVI TECHNOLOGIES,1,FY2024_Q4
WASHINGTON HEALTH BENEFIT EXCHANGE,1,FY2024_Q4
ICRUSH TECHNOLOGIES LLC,1,FY2024_Q4
SITUSAMC HOLDINGS CORPORATION,1,FY2024_Q4
SKYMEMBER INC,1,FY2024_Q4
NUNA INCORPORATED,1,FY2024_Q4
NOVANT HEALTH,1,FY2024_Q4
"NOVEN PHARMACEUTICALS, INC.",1,FY2024_Q4
"SANIPUR US, LLC",1,FY2024_Q4
"WALLACE MONTGOMERY  ASSOCIATES, LLP",1,FY2024_Q4
WALKER PARKING CONSULTANTS,1,FY2024_Q4
NOUS ENGINEERING INC,1,FY2024_Q4
NOVANTA CORPORATION,1,FY2024_Q4
SCIENTEL SOLUTIONS LLC,1,FY2024_Q4
"SEA TEL INC., DBA COBHAM SATCOM",1,FY2024_Q4
VTI LIFE SCIENCES INC,1,FY2024_Q4
"SCALE MEDIA, INC.",1,FY2024_Q4
NOVELIS CORPORATION,1,FY2024_Q4
WAKE FOREST UNIVERSITY REYNOLDA CAMPUS,1,FY2024_Q4
SECONDLOUNGE,1,FY2024_Q4
WESTERN WASHINGTON UNIVERSITY,1,FY2024_Q4
WA FOOTE MEMORIAL HOSPITAL,1,FY2024_Q4
WASHBURN UNIVERSITY,1,FY2024_Q4
SCHOOL DISTRICT OF OCONEE COUNTY,1,FY2024_Q4
HS DESIGN INC.,1,FY2024_Q4
ZELALL FURNITURE COMPANY,1,FY2024_Q4
SK STONES BB LLC,1,FY2024_Q4
"NURANI, P.C.",1,FY2024_Q4
SAYAS HOUSEHOLD,1,FY2024_Q4
"ICE AGE REFRIGERATION, INC DBA FAR FROM FRANCE",1,FY2024_Q4
"YAK AND YETI, LLC",1,FY2024_Q4
"ICEBERG TIME, LLC",1,FY2024_Q4
WADE ENTERPRISES INC,1,FY2024_Q4
"WAH WOK CHINESE FOOD,INC. DBA WAH WOK CHINESE FOOD",1,FY2024_Q4
HUSEYNOV AND SAM LLC,1,FY2024_Q4
I LOVE SUSHI INC,1,FY2024_Q4
SEIA CORP.,1,FY2024_Q4
VU ESTATES LLC,1,FY2024_Q4
SARA BENGEN,1,FY2024_Q4
SERGIY VOLOCHIYS PRIVATE HOUSEHOLD,1,FY2024_Q4
"NORTH SHORE HOLIDAY HOUSE, INC.",1,FY2024_Q4
"SINEEN, INC.",1,FY2024_Q4
SLN MANAGEMENT LLC,1,FY2024_Q4
SK HYNIX AMERICA INC.,1,FY2024_Q4
UNEEK JEWELRY INC,1,FY2024_Q4
HRR TRANSPORT LLC,1,FY2024_Q4
"SAYA SUSHI, INC.",1,FY2024_Q4
SAVKAT INC,1,FY2024_Q4
"TUA FASHION, INC.",1,FY2024_Q4
HYGIE USA INC,1,FY2024_Q4
"NONGSHIM AMERICA, INC.",1,FY2024_Q4
TSM BRANDS LLC,1,FY2024_Q4
SCOTT A DUNCAN INC,1,FY2024_Q4
INDEE TECHNOLOGIES INC,1,FY2024_Q4
"IGUANA WANA, INC.",1,FY2024_Q4
"MG3 DEVELOPER GROUP, LLC",1,FY2024_Q4
SIERRA MICROTECHNOLOGY INC.,1,FY2024_Q4
SHAPIRO PERTNOY CORP,1,FY2024_Q4
"MEMBRION, INC.",1,FY2024_Q4
MERCHANT VALLEY CORPORATION,1,FY2024_Q4
INAYA FOOD MART INC,1,FY2024_Q4
"INNOLUX USA, INC.",1,FY2024_Q4
"IMPERIUM DATA NETWORKS,LLC.",1,FY2024_Q4
IMEG CONSULTANTS CORP,1,FY2024_Q4
SHARMA STRATEGY GROUP,1,FY2024_Q4
SIMON PAUL SCOTT INC.,1,FY2024_Q4
MIAMI LUXURY LLC,1,FY2024_Q4
SITECORE,1,FY2024_Q4
PREVISE SOLUTIONS LLC,1,FY2024_Q4
INDRA USA INC.,1,FY2024_Q4
SIGMAALDRICH CORPORATION,1,FY2024_Q4
"MEDICAL SOFTWARE SOLUTIONS, INC.",1,FY2024_Q4
"SECURVIEW, INC",1,FY2024_Q4
"SHUTTERFLY, LLC",1,FY2024_Q4
SHOP LC GLOBAL INC,1,FY2024_Q4
INDI EV,1,FY2024_Q4
"INFRRD, INC",1,FY2024_Q4
VIRSEC SYSTEMS INC,1,FY2024_Q4
INFOMATICS CORP,1,FY2024_Q4
METMOX LLC,1,FY2024_Q4
SIAL TECHNOLOGY PARTNERS LLC,1,FY2024_Q4
VIR BIOTECHNOLOGY INC.,1,FY2024_Q4
MEETINGS  EVENTS INTERNATIONAL INC,1,FY2024_Q4
"VIDOORI, INC.",1,FY2024_Q4
SERVIER BIOINNOVATION LLC,1,FY2024_Q4
"MEDIAVEST WORLDWIDE, INC.",1,FY2024_Q4
MELCARA CORP.,1,FY2024_Q4
"SEQGEN, INC.",1,FY2024_Q4
VIEWRAY,1,FY2024_Q4
MEDINNOVA USA INC,1,FY2024_Q4
SHRINK WRAP PRO LLC,1,FY2024_Q4
SILICON VALLEY GLASS,1,FY2024_Q4
"VIDEK, INC.",1,FY2024_Q4
"SETTY  ASSOCIATES INTERNATIONAL, PLLC",1,FY2024_Q4
SHAPE CORPORATION,1,FY2024_Q4
"SIEMENS POWER GENERATION SERVICE COMPANY, LTD.",1,FY2024_Q4
"MERRIMAN SCHMITTARCHITECTS, INC.",1,FY2024_Q4
SHEA TERRA ORGANICS,1,FY2024_Q4
VILLANOVA UNIVERSITY,1,FY2024_Q4
VIRGINIA WESLEYAN UNIVERSITY,1,FY2024_Q4
MEDIAMONKS INC.,1,FY2024_Q4
"MEXICO FOODS, LLC",1,FY2024_Q4
IMPRESSIVE TILE AND MARBLE DESIGN AND PROPERTY SER,1,FY2024_Q4
INDEPENDENCE HEALTH  THERAPY,1,FY2024_Q4
"MERCY CLINIC JOPLIN, LLC",1,FY2024_Q4
VIET HOME CARE LLC,1,FY2024_Q4
VILLALBA  RIKLI LLC DBA NOSTALGIA CAFE,1,FY2024_Q4
"MERCADO SUSHI, LLC.",1,FY2024_Q4
MELT GROUP LLC,1,FY2024_Q4
VILLAGE RESTAURANT GROUP LLC DBA HUDSON CLEARWATER,1,FY2024_Q4
MELISSA BERKOWITZ PRIVATE HOUSEHOLD,1,FY2024_Q4
SIKRAN LLC,1,FY2024_Q4
SCULLY SIGNAL COMPANY,1,FY2024_Q4
"INFOSPAN, INC.",1,FY2024_Q4
IMPORT MOTORS OF OLD SAYBROOK LLC,1,FY2024_Q4
"SERVICE AIR CONDITIONING, INC.",1,FY2024_Q4
MIAMI LUXURY TIME,1,FY2024_Q4
"SIDDHI, INC.",1,FY2024_Q4
"SERGIO OSCAR CHANTEIRO, P.A.",1,FY2024_Q4
VIRGINIA KITCHEN AND BATH LLC,1,FY2024_Q4
"MERY FLOOR COVERINGS, INC.",1,FY2024_Q4
SHPIGELS DBA LA DECKS,1,FY2024_Q4
SHELS AUTO REPAIR,1,FY2024_Q4
SHADES BY DESIGN INC,1,FY2024_Q4
"SWEET BUN TPA, LLC",1,FY2024_Q4
PATTERN ENERGY GROUP SERVICES LP,1,FY2024_Q4
PATAGONIA WORKS,1,FY2024_Q4
SERIGOR INC,1,FY2024_Q4
BRADLEY KRENZ,1,FY2024_Q4
MUNICH AIRPORT NJ LLC,1,FY2024_Q4
"PARC APARTMENTS GP, LLC",1,FY2024_Q4
"SEDICA DISTRIBUTION CENTER, LLC",1,FY2024_Q4
ZHAO BUSINESS SOLUTION INC.,1,FY2024_Q4
YASH SOLUTIONS LLC,1,FY2024_Q4
"ZENITH SYSTEM SOLUTIONS, INC",1,FY2024_Q4
ZAFFRE HEALTH PLAN SOLUTIONS LLC,1,FY2024_Q4
MULTICORPOS,1,FY2024_Q4
"PARKER RODRIGUEZ, INC.",1,FY2024_Q4
DOUGLAS HOLDINGS LLC DBA SIDUMPR TRAILER,1,FY2024_Q4
ZIMAPACK LLC,1,FY2024_Q4
YOUNGSTOWN STATE UNIVERSITY,1,FY2024_Q4
PAVILION OF HOPE INC.,1,FY2024_Q4
PARTICLE MEDIA INC,1,FY2024_Q4
PARKINSON VOICE PROJECT,1,FY2024_Q4
"SAN MARCOS PHARMACY, INC.",1,FY2024_Q4
PATRICIA S. WILLIAMS,1,FY2024_Q4
STEPHANIE F. HARRIS,1,FY2024_Q4
PATRIOT LAWN AND LANDSCAPE LLC,1,FY2024_Q4
ZEN CLEAN SOLUTIONS LLC,1,FY2024_Q4
PAULO H PINTO PRIVATE HOUSEHOLD,1,FY2024_Q4
ZION VENTURES INC,1,FY2024_Q4
"ZCH INVESTMENTS, INC. DBA VALERO",1,FY2024_Q4
"MULTICELL, INC. DBA MULTISALES",1,FY2024_Q4
"PARAVI, INC. DBA CARPET HOUSE",1,FY2024_Q4
"ZETCO GROUP, INC",1,FY2024_Q4
"PATRIOT CONCEPTIONS, LLC",1,FY2024_Q4
SERAPH CONSULTING INC,1,FY2024_Q4
PARKINSON CONSTRUCTION COMPANY INC.,1,FY2024_Q4
NOBILITY LLC,1,FY2024_Q4
PASSAGEWAYS,1,FY2024_Q4
"NRG CLADDING, LLC",1,FY2024_Q4
"ROCKPORT VAL, LLC",1,FY2024_Q4
DULLES KITCHEN AND BATH LLC,1,FY2024_Q4
WEAVER AND TIDWELL L.L.P.,1,FY2024_Q4
"NORTECH NORTH AMERICA, INC. DBA ADROITTS",1,FY2024_Q4
SCHCO USA LLLP,1,FY2024_Q4
WAVE NINE INC.,1,FY2024_Q4
"WENZEL ELECTRICAL SERVICES, INC.",1,FY2024_Q4
NEXWAVE TALENT MANAGEMENT SOLUTIONS LLC,1,FY2024_Q4
ROCKET SOFTWARE,1,FY2024_Q4
"NUVIZZ CONSULTANCY SERVICES, INC.",1,FY2024_Q4
"NOWCOM, LLC",1,FY2024_Q4
ROCKLOANS MARKETPLACE LLC,1,FY2024_Q4
NUVOCARGO INC.,1,FY2024_Q4
"NITTO DENKO AVECIA, INC.",1,FY2024_Q4
NVE CORPORATION,1,FY2024_Q4
"NUKONUS, LLC.",1,FY2024_Q4
"WELDBOT, LLC",1,FY2024_Q4
NNE INC,1,FY2024_Q4
"NUTCRACKER THERAPEUTICS, INC.",1,FY2024_Q4
"SEDEC THERAPEUTICS, INC.",1,FY2024_Q4
LOUDER WITH CROWDER LLC,1,FY2024_Q4
WELLESLEY COLLEGE,1,FY2024_Q4
NOELLE PAIVA SCOTT,1,FY2024_Q4
WAY OF PEACE LLC,1,FY2024_Q4
NK INSURANCE LLC,1,FY2024_Q4
TA FORSBERG,1,FY2024_Q4
WESPER INC,1,FY2024_Q4
AN EXTERIOR INC,1,FY2024_Q4
"WELLNESS COMPOUNDING PHARMACY, INC.",1,FY2024_Q4
TASTY TALES LLC,1,FY2024_Q4
"ROKKAS, LLC   ROKKAS MARKET",1,FY2024_Q4
NURO LLC,1,FY2024_Q4
NUNU SOFTWARE LLC,1,FY2024_Q4
TAISHTY FOOD LLC,1,FY2024_Q4
ZT GROUP INTNL INC DBA ZT SYSTEMS,1,FY2024_Q4
"TAPRESEARCH, INC",1,FY2024_Q4
ZIRAS TECHNOLOGIES INC,1,FY2024_Q4
NICOLE B ASHBY,1,FY2024_Q4
ROYAL SMILES LLC,1,FY2024_Q4
IDOO GLOBAL INC,1,FY2024_Q4
AIM TEXAS TRADING LLC,1,FY2024_Q4
NICHOLS CONSULTING ENGINEERS CHTD.,1,FY2024_Q4
EMILY TEIN JOHNSON,1,FY2024_Q4
ROYAL INDIA CUISINE LLC,1,FY2024_Q4
CHIPPEWA FAMILY RESTAURANT,1,FY2024_Q4
ROYAL PALM MONTESSORI ACADEMY,1,FY2024_Q4
"FARMAN ENTERPRISES, DBA ALL DISCOUNT #1 FOOD STORE",1,FY2024_Q4
"SIERRA VISTA MHP, LLC",1,FY2024_Q4
AMPLUS REALTY LLC,1,FY2024_Q4
"TAISA TRANSPORT, LLC",1,FY2024_Q4
ABBOTT DIABETES CARE SALES CORPORATION,1,FY2024_Q4
"AIRWORKS SOLUTIONS, INC.",1,FY2024_Q4
AINSWORTH INC.,1,FY2024_Q4
GREEN RESERVE ENERGY LLC,1,FY2024_Q4
"AT ENGINEERING, P.C.",1,FY2024_Q4
"RULE JOY TRAMMELL  RUBIO, LLC",1,FY2024_Q4
NICA ADULT FAMILY HOME LLC,1,FY2024_Q4
RUNG RUANG CHAROEN INC,1,FY2024_Q4
PARAMVEER CORPORATION,1,FY2024_Q4
THE PHAN LLC,1,FY2024_Q4
RANDOLPH BAKER,1,FY2024_Q4
RUSSIAN SCHOOL OF MATHEMATICS,1,FY2024_Q4
DONGWOO DINING LLC,1,FY2024_Q4
RUTHLESS VAPOR,1,FY2024_Q4
NUMENTICA LLC,1,FY2024_Q4
RXLOGIX CORPORATION,1,FY2024_Q4
RYAN COMPANIES US INC,1,FY2024_Q4
RYMED TECHNOLOGIES LLC,1,FY2024_Q4
RYU LAW FIRM LLC,1,FY2024_Q4
HILITE INTERNATIONAL,1,FY2024_Q4
ABIRA SECURITY CORPORATION,1,FY2024_Q4
TRS TILE INC.,1,FY2024_Q4
"TRUTAG TECHNOLOGIES, INC.",1,FY2024_Q4
UC TECHNOLOGY INC,1,FY2024_Q4
CANDLESTICK CAPITAL MANAGEMENT LP,1,FY2024_Q4
CAONE TECH CLOUD INC,1,FY2024_Q4
CAPE RADIOLOGY GROUP PC,1,FY2024_Q4
EDNA D. ROJAS INC.,1,FY2024_Q4
AATISH ON THE HILL,1,FY2024_Q4
AARON  KIMBERLY ARTH,1,FY2024_Q4
CANTEY TENNIS ENTERPRISES LLC,1,FY2024_Q4
THAMES MANAGEMENT COMPANY,1,FY2024_Q4
"SAMSON LANDSCAPING AND SUPPLY, LLC DBA SAMSON LANDSCAPE AND DESIGN",1,FY2024_Q4
S.W. MANAGEMENT LLC,1,FY2024_Q4
PREMIERE REAL ESTATE GROUP,1,FY2024_Q4
PRECISION ACCOUNTING INTL LLC,1,FY2024_Q4
"POWERSCHOOL GROUP, LLC",1,FY2024_Q4
POWER INTEGRATIONS,1,FY2024_Q4
S2 SOLUTIONS CO.,1,FY2024_Q4
SAGGEZZA INC,1,FY2024_Q4
"SALESLOFT, INC.",1,FY2024_Q4
"PPM TECHNOLOGIES HOLDINGS, LLC.",1,FY2024_Q4
"POWER SOLUTIONS INTERNATIONAL, INC.",1,FY2024_Q4
"PREMIO FOODS, INC.",1,FY2024_Q4
"S. C. JOHNSON  SON, INC.",1,FY2024_Q4
S.M.HAMMAD RIZVI MD INC,1,FY2024_Q4
DUBLIN CITY SCHOOLS,1,FY2024_Q4
POUND SAND LLC,1,FY2024_Q4
PEPE CALDERIN DESIGN INC.,1,FY2024_Q4
MYDORS OPEN GUEST HOMES INC.,1,FY2024_Q4
PINE HOLLOW CLUB,1,FY2024_Q4
PENNYS PIZZA AND HOT SUB,1,FY2024_Q4
PEKING RESTAURANT,1,FY2024_Q4
PLENITUDE VILLAS LLC,1,FY2024_Q4
ROXANNE CLAIRE MILLAN,1,FY2024_Q4
PGF MIAMI CORPORATION,1,FY2024_Q4
PAYWAY LLC,1,FY2024_Q4
"SAFERIDE, INC.",1,FY2024_Q4
SAMCHULLY LC CORPORATION,1,FY2024_Q4
SALT STAFFING INC,1,FY2024_Q4
"SAGESURE INSURANCE MANAGERS, LLC",1,FY2024_Q4
SAC WIRELESS,1,FY2024_Q4
SALEM INFOTECH INC,1,FY2024_Q4
"SAFELITE GROUP, INC.",1,FY2024_Q4
"SAIN ASSOCIATES, INC.",1,FY2024_Q4
SALVATION ARMY LANDMARK CORPS,1,FY2024_Q4
"CASELY TENNIS FOUNDATION, INC.",1,FY2024_Q4
SALON DE KIREI,1,FY2024_Q4
TTX INSURANCE CONSULTANTS INC.,1,FY2024_Q4
CANITAS ADULT DAY CARE CENTER INC,1,FY2024_Q4
SILK ROAD TRANS INC,1,FY2024_Q4
CITY ON THE HILL EVANGELICAL MINISTRIES INC.,1,FY2024_Q4
UTAH STEM CELLS,1,FY2024_Q4
"SIAM FOOD, LLC TA YINDEE THAI RESTAURANT",1,FY2024_Q4
ANDREW MANGUART,1,FY2024_Q4
A.M. SWEEPER INC.,1,FY2024_Q4
FGL PRO LLC,1,FY2024_Q4
LARRY VONDENSTEIN DBA VONDENSTEIN FARMS,1,FY2024_Q4
QUANTA ENERGIZED SERVICES,1,FY2024_Q4
"CORTLAND ASSET MANAGEMENT, LLC",1,FY2024_Q4
CORSAIR CONSULTING LLC,1,FY2024_Q4
CPI BUILDERS LLC,1,FY2024_Q4
CONVERGENT GENOMICS,1,FY2024_Q4
COTTEY COLLEGE,1,FY2024_Q4
CALIFORNIA DEPARTMENT OF CORRECTIONS  REHAB,1,FY2024_Q4
CAFE EL MECATO,1,FY2024_Q4
"MONTRES JOURNE AMERICA, LLC",1,FY2024_Q4
"CRC TRANSPORT, LLC",1,FY2024_Q4
SS JERSEYLAND DAIRY LLC,1,FY2024_Q4
IROUTE XPRESS LLC,1,FY2024_Q4
"GANNETT FLEMING ENGINEERS AND ARCHITECTS, PC",1,FY2024_Q4
ADVENTIST HEALTH DELANO,1,FY2024_Q4
BART RUDOLPH FARMS,1,FY2024_Q4
G.O.A.T. MOVERS INC.,1,FY2024_Q4
MINE SAFETY APPLIANCES COMPANY,1,FY2024_Q4
"FRANCHISE WORLD HEADQUARTERS, LLC",1,FY2024_Q4
ARENTFOX SCHIFF LLP,1,FY2024_Q4
HAPPY NAILS INC,1,FY2024_Q4
"GUIZMO DESIGNS, LLC",1,FY2024_Q4
"BEACON INTERACTIVE SYSTEMS, LLC",1,FY2024_Q4
"HIVA, INC.",1,FY2024_Q4
"YUMMY HOUSE GAINSVILLE, LLC",1,FY2024_Q4
JHN REMODELING  RESTORATION SERVICES LLC,1,FY2024_Q4
THE HARTZ MOUNTAIN CORPORATION,1,FY2024_Q4
BCD TRAVEL,1,FY2024_Q4
EMPIRE MEDICAL TRAINING INC,1,FY2024_Q4
KERR CORPORATION,1,FY2024_Q4
IN HOME PERSONAL SERVCES,1,FY2024_Q4
CARBON ACTIVATED CORP.,1,FY2024_Q4
LEPORT 50 FELL LLC,1,FY2024_Q4
PREMIUM ABSORBENT DISPOSABLE,1,FY2024_Q4
ACERO REPAIR SERVICES INC,1,FY2024_Q4
MATTEO INC,1,FY2024_Q4
SUMMERWOOD CORPORATION,1,FY2024_Q4
LEVEREDGE ASSOCIATION,1,FY2024_Q4
"TOTAL COMPUTING SOLUTIONS OF AMERICA, INC.",1,FY2024_Q4
HESAMEDDIN SABAGHIAN,1,FY2024_Q4
PARRISH CONSTRUCTION,1,FY2024_Q4
"MIDWEST STAR GROUP, INC.",1,FY2024_Q4
"VSION TECHNOLOGIES,INC",1,FY2024_Q4
TOTEX MANUFACTURING INC,1,FY2024_Q4
"LAVENDER LANDSCAPING, INC.",1,FY2024_Q4
"THE WIG USA, INC.",1,FY2024_Q4
DMA BLOSSOM SERVICE LLC,1,FY2024_Q4
LUXURY  CO OF MIAMI CORP,1,FY2024_Q4
MOOD TREATMENT CENTER,1,FY2024_Q4
KAIROS COUNSELING INC.,1,FY2024_Q4
"MONUMENT HEALTH RAPID CITY HOSPITAL, INC.",1,FY2024_Q4
CLEO ROBOTICS INC.,1,FY2024_Q4
"MJS PINOY FIESTA, INC",1,FY2024_Q4
RAMAN  OUNDJIAN ENGINEERS  ARCHITECT PC,1,FY2024_Q4
PIONEER PHAMILY PHARMACY,1,FY2024_Q4
SOS HOSPICE INC. DBA CALIFORNIA PROFESSIONAL HEALT,1,FY2024_Q4
GARCIAS OF SHORT PUMP DBA MEXICO RESTAURANT,1,FY2024_Q4
"CONNELL  CONNELL, LLC",1,FY2024_Q4
"SUBJECT TECHNOLOGIES, INC.",1,FY2024_Q4
NESS DENTAL CORPORATION,1,FY2024_Q4
"COUNTRY GARDENS TERRACE, INC.",1,FY2024_Q4
"DR ERUM PSYCHIATRY, PLLC",1,FY2024_Q4
MORGAN SCHROEDER,1,FY2024_Q4
"01INTERACTIVE, INC.",1,FY2024_Q4
MS EXPRESS INC,1,FY2024_Q4
STARTEX AMERICA INC.,1,FY2024_Q4
"XCELDYNE, LLC",1,FY2024_Q4
FF FINE WINES INTERNATIONAL INC. DBA ETHICA WINES,1,FY2024_Q4
"BARNTOOLS,LLC",1,FY2024_Q4
"PAYSERVICES, INC.",1,FY2024_Q4
UKTHA GLOBAL INC,1,FY2024_Q4
UNIVERSITY OF ARKANSAS DIVISION OF AGRICULTURE,1,FY2024_Q4
BEMAX INC,1,FY2024_Q4
"LITCHFIELD CARE CENTER, LLC",1,FY2024_Q4
BROTHERS BG INC,1,FY2024_Q4
ACA GAS LLC,1,FY2024_Q4
BTC MOBILITY LLC,1,FY2024_Q4
SMART IT FRAME LLC,1,FY2024_Q4
"APPLICATIONS TECHNOLOGY GROUP, INC.",1,FY2024_Q4
IB LLC,1,FY2024_Q4
"YANE DAVID LEVY, DDS",1,FY2024_Q4
"CORAL PAINTING SERVICES, INC",1,FY2024_Q4
"NATIONSTAR MORTGAGE, LLC",1,FY2024_Q4
QUEST STRUCTURES,1,FY2024_Q4
PEMBINA COUNTY MEMORIAL HOSPITAL ASSOCIATION,1,FY2024_Q4
ALTRA LAWNCARE AND LANDSCAPING SERVICES INC,1,FY2024_Q4
DIANA BINDAL,1,FY2024_Q4
AG DELTA CONSTRUCTION INC.,1,FY2024_Q4
"ADVANCED HOME HEALTH OF TAMPA, INC",1,FY2024_Q4
KG HOME CARE SERVICES LLC,1,FY2024_Q4
BRAZILIAN POINT INCORPORATED,1,FY2024_Q4
CAROLE PITTLEMAN,1,FY2024_Q4
ZACK OF  BROOKFIELD INC,1,FY2024_Q4
ABDD CAPITAL MANAGEMENT LLC.,1,FY2024_Q4
3C COMMUNITY CLINIC,1,FY2024_Q4
3 YEO INC,1,FY2024_Q4
PLASTICARD LOCKTECH INTERNATIONAL,1,FY2024_Q4
"RED COMMA MEDIA, INC",1,FY2024_Q4
"RELATIVITY ODA, LLC",1,FY2024_Q4
ANG INFOTECH LLC.,1,FY2024_Q4
"O3 INSIGHT, INC.",1,FY2024_Q4
GDAH INVESTMENTS LLC,1,FY2024_Q4
MBH ARCHITECTS,1,FY2024_Q4
THAI SAKURA INC DBA KOON THAI KITCHEN,1,FY2024_Q4
WESTREN PAK LLC,1,FY2024_Q4
"PTI CORPORATION, INC",1,FY2024_Q4
HARAS DONA ICHA DE OCALA LLC,1,FY2024_Q4
"PRIOR MEDIA, LLC",1,FY2024_Q4
RIU SOLUTIONS LLC,1,FY2024_Q4
"JINYEONDAVID, INC.",1,FY2024_Q4
"PIVOTAL CUSTOM, INC",1,FY2024_Q4
"CONFIDENTAL STUDIO, INC",1,FY2024_Q4
CL WEST MANAGEMENT LLC  WESTMONT HOSPITALITY GROUP EXTENDED STAY DIVISION,1,FY2024_Q4
INDIAN LADDER FARMS,1,FY2024_Q4
"BUMJIN AMERICA, INC.",1,FY2024_Q4
PYTHAGORAS INVESTMENT MANAGEMENT LLC,1,FY2024_Q4
"SLAVIC INTEGRATED ADMINISTRATION, INC.",1,FY2024_Q4
"COMPUSOFT INTEGRATED SOLUTIONS, INC.",1,FY2024_Q4
"BRONXVILLE FIELD CLUB, INC.",1,FY2024_Q4
SAINT VINCENT HEALTHCARE,1,FY2024_Q4
"PROFESSIONAL FLIGHT TRANSPORT, INC.",1,FY2024_Q4
MILLER  CHEVALIER CHARTERED,1,FY2024_Q4
JONES CARE AFH LLC,1,FY2024_Q4
JONES CARE LLC,1,FY2024_Q4
"NOAH RESTAURANT, LLC",1,FY2024_Q4
BAKER  MCKENZIE LLP,1,FY2024_Q4
BLYTHEDALE CHILDRENS HOSPTIAL,1,FY2024_Q4
"ATR AMERICAS, INC.",1,FY2024_Q4
WHITESTONE HOLDINGS INC,1,FY2024_Q4
QUAD IT INC,1,FY2024_Q4
QIKCONNEX LLC DBA HAE INNOVATIONS,1,FY2024_Q4
RAMONA LARUE INC,1,FY2024_Q4
RIDDLE STORE LLC,1,FY2024_Q4
EVERCOMMERCE SOLUTIONS INC.,1,FY2024_Q4
"SALAAM TELEVISION NETWORK, INC.",1,FY2024_Q4
"HAHN PLASTICS AUTOMATION, INC.",1,FY2024_Q4
AMREP CORPORATION,1,FY2024_Q4
CENTERVILLE LODGING LLC,1,FY2024_Q4
ROFU SECURITY INTERNATIONAL CORP,1,FY2024_Q4
"KATY LABARBERA CPA, PC",1,FY2024_Q4
MBC TECHNOLOGY GROUP INC.,1,FY2024_Q4
"SIXSIDES ARCHITECTURE, INC.",1,FY2024_Q4
"MYTHICAL ENTERTAINMENT, LLC",1,FY2024_Q4
HTI MEMORIAL HOSPITAL CORPORATION DBA TRISTAR SKYL,1,FY2024_Q4
MARYSUNLIMITED LLC DBA CIRCLE S,1,FY2024_Q4
MR. ALEX LUXURY TIME INC.,1,FY2024_Q4
BEHAVIORAL AND EDUCATIONAL SOLUTIONS.P.C,1,FY2024_Q4
KOBE JAPANESE STEAKHOUSE,1,FY2024_Q4
IRON BOUND SOLUTIONS LLC,1,FY2024_Q4
DRIGGS IMMIGRATION LAW PC.,1,FY2024_Q4
"ONCORPS, INC.",1,FY2024_Q4
VAISNAVI GROUP LLC,1,FY2024_Q4
"TOT PAYMENTS, LLC",1,FY2024_Q4
CARMEN C. RODRIGUEZ,1,FY2024_Q4
"FIVALCO, INC.",1,FY2024_Q4
9EDGE INC.,1,FY2024_Q4
GARCIA LAW PLLC,1,FY2024_Q4
"AMEDISYS HOLDING, LLC",1,FY2024_Q4
JAIME GATENIO,1,FY2024_Q4
CHARLES HAWLEY,1,FY2024_Q4
ALTAMIRA GROUP LLC,1,FY2024_Q4
JQP CAPITAL LLC,1,FY2024_Q4
AK FLOORING LLC,1,FY2024_Q4
K W LEASING CO.,1,FY2024_Q4
BONDI SUSHI PAYROLL LLC,1,FY2024_Q4
BENJAMIN MOORE  CO.,1,FY2024_Q4
"GREAT PLAINS OF REPUBLIC CO., INC.",1,FY2024_Q4
"TAD ENTERPRISES, INC",1,FY2024_Q4
"INVESTMENT METRICS, LLC",1,FY2024_Q4
"ELECTRONIC SYSTEMS SOLUTIONS, INC",1,FY2024_Q4
BERKANT GUNDOGDU,1,FY2024_Q4
HERBALIFE INTERNATIONAL,1,FY2024_Q4
HOP INDUSTRIES CORPORATION,1,FY2024_Q4
LITTLE MOUNTAIN INC,1,FY2024_Q4
"E4A SOLUTIONS, LLC",1,FY2024_Q4
VENUS GROUP INC,1,FY2024_Q4
TACOLOGY TACO CHIC LLC,1,FY2024_Q4
"CC KOREAN BBQ, INC.",1,FY2024_Q4
ASSOCIATED STEEL AND ALUMINUM INC,1,FY2024_Q4
"SNP TRANSFORMATIONS, INC.",1,FY2024_Q4
LAS INTERNATIONAL CORP.,1,FY2024_Q4
PSJ PHARMACY LLC,1,FY2024_Q4
"LA CARAVANA BBQ RESTAURANT, LLC",1,FY2024_Q4
PRABHA PATEL,1,FY2024_Q4
"MIRANTIS, INC.",1,FY2024_Q4
CCS CONTRACTOR EQUIPMENT  SUPPLY LLC,1,FY2024_Q4
BEST SHAPE SPA LLC,1,FY2024_Q4
"DEFI AUTO, LLC",1,FY2024_Q4
PLAZZA NATURAL STONE LLC,1,FY2024_Q4
CARL HOELSCHER,1,FY2024_Q4
DAVID AND JACKIE LINSTAD FARMS,1,FY2024_Q4
LIONS GATE ENTERTAINMENT INC.,1,FY2024_Q4
AIMBRIDGE EMPLOYEE SERVICE CORP.,1,FY2024_Q4
UNIFIED ENTERPRISES CORP.,1,FY2024_Q4
TRUSTEES OF AMHERST COLLEGE DBA FOLGER SHAKESPEARE LIBRARY,1,FY2024_Q4
LAW OFFICE OF SHENGJIN YANG,1,FY2024_Q4
STEPHEN B. MONICK,1,FY2024_Q4
WIN TEAM LLC,1,FY2024_Q4
REGIONAL TASK FORCE ON THE HOMELESS,1,FY2024_Q4
INTERNATIONAL OFFICE CONCEPT USA INC,1,FY2024_Q4
LAW OFFICE OF MARTHA BOZIC,1,FY2024_Q4
"LUMEN21, INC.",1,FY2024_Q4
"AUTOMATED CONTROL CONCEPTS, INC",1,FY2024_Q4
BOARD OF REGENTS  UNIVERSITY SYSTEM OF GEORGIA,1,FY2024_Q4
LUKE GELL POOLS LLC,1,FY2024_Q4
